rho,t,trial,half_width,grid_size,grid_step,score_rel_error,mean_rel_error,identity_residual,resolution_ok
0.2,0.005,0,8.0,101,0.16,0.02967446200540789,0.0003076754631737593,8.603672693853446e-13,0.0
0.2,0.005,1,8.0,101,0.16,0.014989916821986589,0.0001681101776124255,1.4504682931669292e-12,0.0
0.2,0.005,2,8.0,101,0.16,0.027418716286298193,0.00026058035955571273,1.0076617228736516e-12,0.0
0.2,0.005,3,8.0,101,0.16,0.031200107316901166,0.0003009388715797318,1.0418596420770874e-12,0.0
0.2,0.005,4,8.0,101,0.16,0.03150161560007828,0.0003594188897052636,9.687962558735481e-13,0.0
0.2,0.01,0,8.0,101,0.16,1.4929403391839769e-05,3.2301221043466295e-07,9.061922811873398e-10,0.0
0.2,0.01,1,8.0,101,0.16,1.1577873237602526e-05,2.3654582408882237e-07,9.664363524887012e-10,0.0
0.2,0.01,2,8.0,101,0.16,1.2266198089802244e-05,2.9469027946422393e-07,1.2404055581795059e-09,0.0
0.2,0.01,3,8.0,101,0.16,1.3105478136511145e-05,3.0374421103527974e-07,1.056315288245452e-09,0.0
0.2,0.01,4,8.0,101,0.16,1.27165599424678e-05,2.54352324865961e-07,9.159553586896912e-10,0.0
0.2,0.02,0,8.0,101,0.16,5.004932486053647e-12,2.324225276799022e-13,0.0010604635271672356,0.0
0.2,0.02,1,8.0,101,0.16,4.465032033298013e-12,1.9803030680726163e-13,0.001170430643439275,0.0
0.2,0.02,2,8.0,101,0.16,4.9300018537537905e-12,2.1325651822610046e-13,0.0013208806799302215,0.0
0.2,0.02,3,8.0,101,0.16,4.346141156709451e-12,1.757526500161021e-13,0.0027439102893143815,0.0
0.2,0.02,4,8.0,101,0.16,4.225237824525554e-12,1.784631594391211e-13,0.0015857491692148659,0.0
0.2,0.05,0,8.0,101,0.16,1.655769087433636e-15,3.200929527254037e-16,1.6435586827549196,0.0
0.2,0.05,1,8.0,101,0.16,1.6126747194745387e-15,2.804896021294679e-16,1.2534582934626908,0.0
0.2,0.05,2,8.0,101,0.16,2.1397925078101402e-15,4.156582215879329e-16,1.2573192033065759,0.0
0.2,0.05,3,8.0,101,0.16,2.5746637155469118e-15,3.60002752782599e-16,1.2101988114528506,0.0
0.2,0.05,4,8.0,101,0.16,2.3663693290911616e-15,3.2218272110634867e-16,1.1189351924385325,0.0
0.2,0.1,0,8.0,101,0.16,1.2472821352468297e-15,3.829843494509541e-16,1.2803596741603602,0.0
0.2,0.1,1,8.0,101,0.16,1.4248552291642992e-15,3.3167859188455927e-16,0.8250765201236713,0.0
0.2,0.1,2,8.0,101,0.16,1.0992175744744025e-15,4.3445193280270016e-16,1.8720934018648063,0.0
0.2,0.1,3,8.0,101,0.16,1.0174720883632276e-15,3.475618319540506e-16,1.23260986435415,0.0
0.2,0.1,4,8.0,101,0.16,1.147083282460736e-15,2.8658531811692e-16,1.2110728119650733,0.0
0.2,0.2,0,8.0,101,0.16,8.043978789190291e-16,4.90375963370343e-16,1.1292730457892024,1.0
0.2,0.2,1,8.0,101,0.16,5.832534915265032e-16,3.6569091854781235e-16,1.8054238044238076,1.0
0.2,0.2,2,8.0,101,0.16,4.480733133492977e-16,4.074835044462257e-16,1.7422684351968456,1.0
0.2,0.2,3,8.0,101,0.16,5.859035907095243e-16,4.306858070798687e-16,1.3244863963389129,1.0
0.2,0.2,4,8.0,101,0.16,5.327985691289786e-16,3.149174389291048e-16,1.5021209020942075,1.0
0.2,0.4,0,8.0,101,0.16,3.444766752272818e-16,2.6294759443175573e-16,1.417445803683678,1.0
0.2,0.4,1,8.0,101,0.16,2.907606491242499e-16,4.912530245305704e-16,1.838428527903937,1.0
0.2,0.4,2,8.0,101,0.16,2.926948113105619e-16,3.3408980569853777e-16,1.5462634641144533,1.0
0.2,0.4,3,8.0,101,0.16,2.707798839335681e-16,3.313438424352371e-16,1.5682996355661776,1.0
0.2,0.4,4,8.0,101,0.16,3.1202871056844903e-16,2.8951912826568765e-16,1.4494781220292496,1.0
0.2,0.8,0,8.0,101,0.16,3.3211602996668956e-14,1.132898192596479e-13,0.013326703781583307,1.0
0.2,0.8,1,8.0,101,0.16,5.658184378735464e-16,1.467820775194189e-15,0.7086404262281334,1.0
0.2,0.8,2,8.0,101,0.16,4.3179301392734924e-14,1.5668390823886847e-13,0.008873487323595953,1.0
0.2,0.8,3,8.0,101,0.16,3.933645901994536e-16,4.548080230373344e-16,0.9657656852955193,1.0
0.2,0.8,4,8.0,101,0.16,5.049998555913309e-15,1.815106193885933e-14,0.08798097078713146,1.0
0.2,1.6,0,8.0,101,0.16,2.798275531728958e-14,6.049966058913719e-13,0.00856665341042356,1.0
0.2,1.6,1,8.0,101,0.16,2.66750778631949e-15,6.202419472333039e-14,0.08696166005085278,1.0
0.2,1.6,2,8.0,101,0.16,3.041686223914636e-15,7.265399541429519e-14,0.09897403695226471,1.0
0.2,1.6,3,8.0,101,0.16,1.7421080727811729e-15,4.121559631747418e-14,0.1777877586182296,1.0
0.2,1.6,4,8.0,101,0.16,5.616950654955628e-15,1.242596983278117e-13,0.049646651572541736,1.0
0.2,2.4,0,8.0,101,0.16,1.3123979381877319e-15,1.1833688377468717e-13,0.26275235940199626,1.0
0.2,2.4,1,8.0,101,0.16,1.0277194830254697e-15,1.103521831191711e-13,0.30133082361005437,1.0
0.2,2.4,2,8.0,101,0.16,9.841940530817137e-16,1.0176293249578604e-13,0.24360565860564892,1.0
0.2,2.4,3,8.0,101,0.16,1.0120039304619701e-15,1.0566010975946226e-13,0.24307444082135124,1.0
0.2,2.4,4,8.0,101,0.16,8.211395607028992e-16,8.814589983706748e-14,0.40753492696544497,1.0
0.2,0.005,0,8.0,201,0.08,5.753896100240585e-12,5.960976258973351e-14,0.004514097402021669,0.0
0.2,0.005,1,8.0,201,0.08,3.737572045479073e-12,4.199958939534414e-14,0.006402457519968248,0.0
0.2,0.005,2,8.0,201,0.08,6.152616161450651e-12,5.842762537122937e-14,0.004443487286027295,0.0
0.2,0.005,3,8.0,201,0.08,7.261444352950808e-12,7.007763430974724e-14,0.0043132884321387234,0.0
0.2,0.005,4,8.0,201,0.08,6.662477991782746e-12,7.595658679618304e-14,0.004629632062344536,0.0
0.2,0.01,0,8.0,201,0.08,9.370368328873794e-15,4.37632305570892e-16,1.4516925589315148,0.0
0.2,0.01,1,8.0,201,0.08,1.0795407019940573e-14,2.616326569386758e-16,1.1020624570451778,0.0
0.2,0.01,2,8.0,201,0.08,9.923133295052097e-15,4.672505449944414e-16,1.48827488608426,0.0
0.2,0.01,3,8.0,201,0.08,1.0278718092147153e-14,3.5034132959235366e-16,1.3307824760372025,0.0
0.2,0.01,4,8.0,201,0.08,7.0861748263043236e-15,3.03138926037499e-16,1.7204013538425766,0.0
0.2,0.02,0,8.0,201,0.08,4.55280957881061e-15,3.056460037603819e-16,1.105756362988331,0.0
0.2,0.02,1,8.0,201,0.08,4.603154145411864e-15,3.316651482146882e-16,1.203603827279785,0.0
0.2,0.02,2,8.0,201,0.08,5.419824586264025e-15,4.59802326957624e-16,1.2810640640894224,0.0
0.2,0.02,3,8.0,201,0.08,6.771866503150158e-15,4.785455853191201e-16,1.732860804100682,0.0
0.2,0.02,4,8.0,201,0.08,7.420127597524525e-15,4.699513007513532e-16,0.8238249543764447,0.0
0.2,0.05,0,8.0,201,0.08,1.860875786855471e-15,3.5113225925545334e-16,1.46812479171174,1.0
0.2,0.05,1,8.0,201,0.08,2.0244334614878574e-15,2.9852021160497457e-16,1.0116897097931628,1.0
0.2,0.05,2,8.0,201,0.08,2.506436502502009e-15,4.823366290823468e-16,1.0947553113949213,1.0
0.2,0.05,3,8.0,201,0.08,2.462753905864227e-15,3.8017129904527826e-16,1.2563089580063442,1.0
0.2,0.05,4,8.0,201,0.08,2.4735703148548173e-15,3.9166624245126535e-16,1.0488119800693991,1.0
0.2,0.1,0,8.0,201,0.08,9.494275294538568e-16,4.3354570740009737e-16,1.6478954497690164,1.0
0.2,0.1,1,8.0,201,0.08,1.390312033722434e-15,3.245301078826087e-16,0.8467261504315969,1.0
0.2,0.1,2,8.0,201,0.08,1.062489901099333e-15,4.749403263499064e-16,1.9176746647821856,1.0
0.2,0.1,3,8.0,201,0.08,9.155751528962388e-16,3.3569915412316613e-16,1.4001022993483743,1.0
0.2,0.1,4,8.0,201,0.08,1.1637943268868034e-15,3.2557956815977455e-16,1.2853562153767102,1.0
0.2,0.2,0,8.0,201,0.08,7.396655064982823e-16,4.0296330000488965e-16,1.220387765170679,1.0
0.2,0.2,1,8.0,201,0.08,6.000728977361906e-16,3.5900351711526265e-16,1.7507696190491673,1.0
0.2,0.2,2,8.0,201,0.08,5.269309140327229e-16,4.0424260347658413e-16,1.3861751159455515,1.0
0.2,0.2,3,8.0,201,0.08,6.439885146442531e-16,4.069325947379052e-16,1.1928497738965413,1.0
0.2,0.2,4,8.0,201,0.08,5.282426870554734e-16,2.8372462951051127e-16,1.5331902369310322,1.0
0.2,0.4,0,8.0,201,0.08,3.525647699281925e-16,3.6332982970200825e-16,1.4805036908840512,1.0
0.2,0.4,1,8.0,201,0.08,3.520419383474482e-16,3.184217793587033e-16,1.51596439804146,1.0
0.2,0.4,2,8.0,201,0.08,3.1329246925068435e-16,3.7870500007187983e-16,1.496921797273373,1.0
0.2,0.4,3,8.0,201,0.08,2.5401731952796035e-16,3.489717298937522e-16,1.7415201717332127,1.0
0.2,0.4,4,8.0,201,0.08,2.790138926815429e-16,4.1460501472715555e-16,1.8146328805840335,1.0
0.2,0.8,0,8.0,201,0.08,3.008339026052517e-14,1.0268216469813535e-13,0.012580748485097921,1.0
0.2,0.8,1,8.0,201,0.08,4.385579689170105e-16,1.1203390800035796e-15,0.80218211522377,1.0
0.2,0.8,2,8.0,201,0.08,3.916139959100696e-14,1.4204783172764543e-13,0.0085799730793749,1.0
0.2,0.8,3,8.0,201,0.08,4.168466832734003e-16,5.44400280678443e-16,0.9536868383677256,1.0
0.2,0.8,4,8.0,201,0.08,4.524952564962549e-15,1.6322581037412554e-14,0.08646605240093268,1.0
0.2,1.6,0,8.0,201,0.08,2.5841834200754843e-14,5.579398406689825e-13,0.008269369632673471,1.0
0.2,1.6,1,8.0,201,0.08,2.400337913272563e-15,5.648115804272424e-14,0.08749518766579316,1.0
0.2,1.6,2,8.0,201,0.08,2.7401613319094695e-15,6.637590751712617e-14,0.10012984167407613,1.0
0.2,1.6,3,8.0,201,0.08,1.5781610165326532e-15,3.7526324322443075e-14,0.17927539536773748,1.0
0.2,1.6,4,8.0,201,0.08,5.078248539661353e-15,1.1403353855716117e-13,0.061163344566291855,1.0
0.2,2.4,0,8.0,201,0.08,1.1919853946456544e-15,1.0825127251764664e-13,0.27177903350708016,1.0
0.2,2.4,1,8.0,201,0.08,9.519175444431148e-16,1.0127400306969202e-13,0.34726521585228387,1.0
0.2,2.4,2,8.0,201,0.08,9.345462365232504e-16,9.280154592588053e-14,0.2553049871848386,1.0
0.2,2.4,3,8.0,201,0.08,9.03437221231662e-16,9.69802961563342e-14,0.2570391053406062,1.0
0.2,2.4,4,8.0,201,0.08,7.399220668982259e-16,8.084475868168029e-14,0.39162190836940536,1.0
0.2,0.005,0,8.0,401,0.04,2.0299188065251627e-14,3.2979047238307774e-16,1.237124093034023,0.0
0.2,0.005,1,8.0,401,0.04,1.520448283718622e-14,3.402325102260698e-16,1.5217169784746816,0.0
0.2,0.005,2,8.0,401,0.04,1.9677138907848246e-14,3.417973639757301e-16,1.4961720146021846,0.0
0.2,0.005,3,8.0,401,0.04,1.8476564788067886e-14,3.6349146870335273e-16,1.8378622302935228,0.0
0.2,0.005,4,8.0,401,0.04,1.8875778050976094e-14,4.501335024300863e-16,1.706401675425774,0.0
0.2,0.01,0,8.0,401,0.04,1.0795569586059884e-14,4.646067548247732e-16,1.2593618289497364,1.0
0.2,0.01,1,8.0,401,0.04,9.411471396677512e-15,2.8632032167266544e-16,1.2649579172190153,1.0
0.2,0.01,2,8.0,401,0.04,7.077642244315227e-15,4.2991708797637823e-16,2.084608306608883,1.0
0.2,0.01,3,8.0,401,0.04,1.0125844065984812e-14,4.1174285277791786e-16,1.3488187193636785,1.0
0.2,0.01,4,8.0,401,0.04,9.083306518099683e-15,3.379623481076425e-16,1.3433521462248688,1.0
0.2,0.02,0,8.0,401,0.04,3.884265370572023e-15,2.908145338853538e-16,1.291170867216444,1.0
0.2,0.02,1,8.0,401,0.04,4.419539860824159e-15,3.4548290929492186e-16,1.2502370750834364,1.0
0.2,0.02,2,8.0,401,0.04,5.2402693028041784e-15,3.6361716278961707e-16,1.3353277792443354,1.0
0.2,0.02,3,8.0,401,0.04,4.312239516261238e-15,4.630030930504055e-16,2.716585631398925,1.0
0.2,0.02,4,8.0,401,0.04,3.557755027051632e-15,3.369482412368023e-16,1.7223734855249735,1.0
0.2,0.05,0,8.0,401,0.04,1.6040805207989452e-15,2.4347812733160897e-16,1.7035001157345344,1.0
0.2,0.05,1,8.0,401,0.04,1.5739401857299634e-15,2.5415579868058457e-16,1.2891269085822723,1.0
0.2,0.05,2,8.0,401,0.04,1.3602695943848794e-15,3.0634629854478027e-16,2.0135505657572326,1.0
0.2,0.05,3,8.0,401,0.04,1.6776321792109435e-15,3.4320654938076686e-16,1.864545001442522,1.0
0.2,0.05,4,8.0,401,0.04,1.2990508044471329e-15,2.651964367281187e-16,1.9986292437925404,1.0
0.2,0.1,0,8.0,401,0.04,8.789063645350783e-16,2.9091051945707756e-16,1.8495798642392536,1.0
0.2,0.1,1,8.0,401,0.04,8.321832844294797e-16,2.5789639667926563e-16,1.3083115891703172,1.0
0.2,0.1,2,8.0,401,0.04,1.1041866742982837e-15,3.9936119461746397e-16,1.8911730829371787,1.0
0.2,0.1,3,8.0,401,0.04,7.154119550932072e-16,3.046832387487249e-16,1.8420700932681418,1.0
0.2,0.1,4,8.0,401,0.04,1.1614686118979585e-15,3.549960598383954e-16,1.3077371759750849,1.0
0.2,0.2,0,8.0,401,0.04,5.486443052384141e-16,3.674556227390076e-16,1.6451229271530132,1.0
0.2,0.2,1,8.0,401,0.04,4.465314436103643e-16,3.5772875581657174e-16,2.3491909894435574,1.0
0.2,0.2,2,8.0,401,0.04,3.636461128803692e-16,3.067588073980696e-16,2.116264159149121,1.0
0.2,0.2,3,8.0,401,0.04,4.592366438393788e-16,2.921074514647861e-16,1.5709666961989202,1.0
0.2,0.2,4,8.0,401,0.04,3.182146642206179e-16,3.6768271449641343e-16,2.6273024015393096,1.0
0.2,0.4,0,8.0,401,0.04,2.701074537934688e-16,4.1006441264370526e-16,1.7261643691427409,1.0
0.2,0.4,1,8.0,401,0.04,2.9993188344544233e-16,3.847863528493487e-16,1.6908927908409557,1.0
0.2,0.4,2,8.0,401,0.04,2.4171053129059645e-16,4.2918768167035075e-16,1.841816419398402,1.0
0.2,0.4,3,8.0,401,0.04,3.3633235979614987e-16,2.815050472475095e-16,1.275403681713497,1.0
0.2,0.4,4,8.0,401,0.04,3.275305095892186e-16,3.073520839195992e-16,1.4511268750292121,1.0
0.2,0.8,0,8.0,401,0.04,2.929263921414313e-14,9.991514306735167e-14,0.013506612690729208,1.0
0.2,0.8,1,8.0,401,0.04,4.816589091011797e-16,1.2315134986183343e-15,0.7122369171795002,1.0
0.2,0.8,2,8.0,401,0.04,3.804010408469162e-14,1.381586477758906e-13,0.009051114959374353,1.0
0.2,0.8,3,8.0,401,0.04,4.175260876862634e-16,4.564908473950654e-16,0.9858121954803938,1.0
0.2,0.8,4,8.0,401,0.04,4.420291713292846e-15,1.5904892164577343e-14,0.09189004261392887,1.0
0.2,1.6,0,8.0,401,0.04,2.5292816318850235e-14,5.461209665955376e-13,0.007703989393856742,1.0
0.2,1.6,1,8.0,401,0.04,2.3591948227284446e-15,5.5452528278016026e-14,0.09168811684877984,1.0
0.2,1.6,2,8.0,401,0.04,2.6823174205622037e-15,6.494555820121289e-14,0.10489620683893014,1.0
0.2,1.6,3,8.0,401,0.04,1.5774773206197112e-15,3.6968014469312143e-14,0.18942766493414243,1.0
0.2,1.6,4,8.0,401,0.04,4.930672640277424e-15,1.1148202990874912e-13,0.06743229959133343,1.0
0.2,2.4,0,8.0,401,0.04,1.1829106272252932e-15,1.0657491423221358e-13,0.28196143221180614,1.0
0.2,2.4,1,8.0,401,0.04,9.267551580560302e-16,9.869993801198258e-14,0.3644547032312074,1.0
0.2,2.4,2,8.0,401,0.04,9.250741856836982e-16,9.08636871831855e-14,0.26618186122395615,1.0
0.2,2.4,3,8.0,401,0.04,9.01840099054608e-16,9.425210497757996e-14,0.2587680729828836,1.0
0.2,2.4,4,8.0,401,0.04,7.406431277343656e-16,7.887940375069423e-14,0.40564208550989317,1.0
0.2,0.005,0,8.0,801,0.02,1.527429191669589e-14,2.960250500327763e-16,1.6451861060936892,1.0
0.2,0.005,1,8.0,801,0.02,1.2116891937403492e-14,2.842345777469675e-16,1.911854539540441,1.0
0.2,0.005,2,8.0,801,0.02,1.9482243850123956e-14,3.1294140586303164e-16,1.5117182605309618,1.0
0.2,0.005,3,8.0,801,0.02,1.6725772853731215e-14,3.4004551306952064e-16,2.030961495303335,1.0
0.2,0.005,4,8.0,801,0.02,1.3135821628347655e-14,3.758375462127001e-16,2.4596014839325644,1.0
0.2,0.01,0,8.0,801,0.02,9.213270756319275e-15,3.667489289789895e-16,1.4809237003987707,1.0
0.2,0.01,1,8.0,801,0.02,6.806896925606952e-15,2.8363523806481867e-16,1.7448561309369086,1.0
0.2,0.01,2,8.0,801,0.02,6.965230424172314e-15,3.9786815467470397e-16,2.1229239054825966,1.0
0.2,0.01,3,8.0,801,0.02,6.78524599097585e-15,3.9996284791606735e-16,2.00840008684276,1.0
0.2,0.01,4,8.0,801,0.02,7.132535675668901e-15,2.9661268965685444e-16,1.7065953167243473,1.0
0.2,0.02,0,8.0,801,0.02,2.817885134966527e-15,2.7842146009878025e-16,1.7737596162137999,1.0
0.2,0.02,1,8.0,801,0.02,3.921234394079146e-15,2.7479860613007806e-16,1.4385038035587838,1.0
0.2,0.02,2,8.0,801,0.02,4.1005580485186195e-15,2.743839675044163e-16,1.7096412285554696,1.0
0.2,0.02,3,8.0,801,0.02,3.6977893019236616e-15,4.1497687200614814e-16,3.179273080342875,1.0
0.2,0.02,4,8.0,801,0.02,3.079928660033297e-15,2.71532400038752e-16,2.010591026323154,1.0
0.2,0.05,0,8.0,801,0.02,1.442758817152113e-15,2.689876191146967e-16,1.8953404740846154,1.0
0.2,0.05,1,8.0,801,0.02,1.4133111470817005e-15,2.2922413342418704e-16,1.4312988728105969,1.0
0.2,0.05,2,8.0,801,0.02,1.5298595363863708e-15,2.6650139074983994e-16,1.7844375928923097,1.0
0.2,0.05,3,8.0,801,0.02,9.018127831779528e-16,3.194565704001682e-16,3.4525458661532995,1.0
0.2,0.05,4,8.0,801,0.02,8.616554296686478e-16,2.8183782258852465e-16,3.101445069619907,1.0
0.2,0.1,0,8.0,801,0.02,8.833317792565375e-16,2.6504844084520394e-16,1.830654554493732,1.0
0.2,0.1,1,8.0,801,0.02,8.809474839246385e-16,1.9566719184380686e-16,1.319817048641839,1.0
0.2,0.1,2,8.0,801,0.02,6.615238474766327e-16,5.141096892909488e-16,2.9869395133910674,1.0
0.2,0.1,3,8.0,801,0.02,6.829564944082997e-16,3.9414210301377943e-16,1.8953321308880622,1.0
0.2,0.1,4,8.0,801,0.02,7.119697222178157e-16,2.663708319064209e-16,2.191106050696083,1.0
0.2,0.2,0,8.0,801,0.02,4.462836414811469e-16,3.327143730108725e-16,2.0889848773275537,1.0
0.2,0.2,1,8.0,801,0.02,5.275955554106259e-16,3.1938474953868623e-16,2.0531518545963983,1.0
0.2,0.2,2,8.0,801,0.02,4.3569083715704694e-16,2.853688014154462e-16,1.748998917196421,1.0
0.2,0.2,3,8.0,801,0.02,3.8610847799270305e-16,3.13925887389625e-16,2.104216742503302,1.0
0.2,0.2,4,8.0,801,0.02,4.262864199851269e-16,3.139205164096466e-16,2.045751093474832,1.0
0.2,0.4,0,8.0,801,0.02,2.951231313737609e-16,3.4341212139808207e-16,1.761385986813713,1.0
0.2,0.4,1,8.0,801,0.02,3.5395462115861285e-16,2.906196024010485e-16,1.4668881747396245,1.0
0.2,0.4,2,8.0,801,0.02,3.123973194390965e-16,2.9846216381110465e-16,1.4662586016513905,1.0
0.2,0.4,3,8.0,801,0.02,2.733251898177725e-16,2.4654160540425445e-16,1.505317812516308,1.0
0.2,0.4,4,8.0,801,0.02,2.689815177258912e-16,2.8850735117754304e-16,1.672920493145201,1.0
0.2,0.8,0,8.0,801,0.02,2.9051447732063505e-14,9.915999077377556e-14,0.014693000525866131,1.0
0.2,0.8,1,8.0,801,0.02,4.684601280823824e-16,1.2595922753099995e-15,0.7137779180414114,1.0
0.2,0.8,2,8.0,801,0.02,3.7803326379827534e-14,1.3721823011771203e-13,0.00965050706506231,1.0
0.2,0.8,3,8.0,801,0.02,4.1216756563033984e-16,5.335525293616387e-16,0.928956392991934,1.0
0.2,0.8,4,8.0,801,0.02,4.436858053487639e-15,1.59225624650497e-14,0.08912234042527385,1.0
0.2,1.6,0,8.0,801,0.02,2.5161733876763983e-14,5.429546275488189e-13,0.0072018701859213885,1.0
0.2,1.6,1,8.0,801,0.02,2.3379949609644864e-15,5.503259240848814e-14,0.08981617889860535,1.0
0.2,1.6,2,8.0,801,0.02,2.6772274251633964e-15,6.446355616572511e-14,0.10564658849700835,1.0
0.2,1.6,3,8.0,801,0.02,1.549145069179972e-15,3.6583661351566e-14,0.19596832413010193,1.0
0.2,1.6,4,8.0,801,0.02,4.9180546459266365e-15,1.108226358279895e-13,0.06315585802992678,1.0
0.2,2.4,0,8.0,801,0.02,1.1826255061546445e-15,1.057543020672524e-13,0.28074614477324855,1.0
0.2,2.4,1,8.0,801,0.02,9.265994264898954e-16,9.813540356556423e-14,0.3630326371528222,1.0
0.2,2.4,2,8.0,801,0.02,9.112813685104658e-16,9.049482280955032e-14,0.25461960030208036,1.0
0.2,2.4,3,8.0,801,0.02,9.020647854467696e-16,9.400199472086655e-14,0.25910520182976027,1.0
0.2,2.4,4,8.0,801,0.02,7.3920236588324755e-16,7.869265272056826e-14,0.40476253014371866,1.0
0.5,0.005,0,8.0,101,0.16,0.027177734277057244,0.000340747556322264,8.99368329897101e-13,0.0
0.5,0.005,1,8.0,101,0.16,0.029099686010132082,0.00038207063593881233,8.127159896135491e-13,0.0
0.5,0.005,2,8.0,101,0.16,0.020007818057522143,0.00022788920430804146,1.0478490858703596e-12,0.0
0.5,0.005,3,8.0,101,0.16,0.024122456164615405,0.0003363287856488869,1.1778531068005253e-12,0.0
0.5,0.005,4,8.0,101,0.16,0.020768951127897176,0.0002570940619695058,1.2061279216193886e-12,0.0
0.5,0.01,0,8.0,101,0.16,1.1584033976107004e-05,2.904549231031178e-07,1.4428298612206463e-09,0.0
0.5,0.01,1,8.0,101,0.16,1.0987775764086031e-05,2.3832251408077655e-07,1.3703843761701588e-09,0.0
0.5,0.01,2,8.0,101,0.16,9.593149605692814e-06,2.4857218447936585e-07,9.573264884076946e-10,0.0
0.5,0.01,3,8.0,101,0.16,1.3626637387981977e-05,3.37924403883345e-07,1.3268782765826878e-09,0.0
0.5,0.01,4,8.0,101,0.16,1.628995652703089e-05,3.251550644395236e-07,9.713135283260204e-10,0.0
0.5,0.02,0,8.0,101,0.16,4.7679168080681496e-12,3.260200137271653e-13,0.0013878267716670733,0.0
0.5,0.02,1,8.0,101,0.16,8.861313693991617e-12,4.0909312032548216e-13,0.0007397436748054017,0.0
0.5,0.02,2,8.0,101,0.16,7.996368955372227e-12,4.62598862414862e-13,0.0007221692331759996,0.0
0.5,0.02,3,8.0,101,0.16,7.022510781466778e-12,3.8107531925164077e-13,0.001325316407977457,0.0
0.5,0.02,4,8.0,101,0.16,7.44171243008106e-12,3.8613718642336264e-13,0.0008788330395851736,0.0
0.5,0.05,0,8.0,101,0.16,2.4771447641888776e-15,4.790107960027649e-16,1.2296960789549434,0.0
0.5,0.05,1,8.0,101,0.16,1.42714172386965e-15,3.691219701365991e-16,1.4771668861579383,0.0
0.5,0.05,2,8.0,101,0.16,2.4296315927371183e-15,4.925127145386448e-16,1.3351728323108467,0.0
0.5,0.05,3,8.0,101,0.16,1.6772493390111354e-15,5.531600151313653e-16,1.838366445168637,0.0
0.5,0.05,4,8.0,101,0.16,1.4665479332001972e-15,5.688037780363632e-16,2.417710437389506,0.0
0.5,0.1,0,8.0,101,0.16,8.517111392785699e-16,3.6086716085976476e-16,1.479157325706255,0.0
0.5,0.1,1,8.0,101,0.16,8.600083256380271e-16,3.8874134923362867e-16,1.649396326508402,0.0
0.5,0.1,2,8.0,101,0.16,1.6097501222834032e-15,3.7385023802145417e-16,0.8351659872709165,0.0
0.5,0.1,3,8.0,101,0.16,8.391966178370067e-16,4.082038144890134e-16,1.99209229267668,0.0
0.5,0.1,4,8.0,101,0.16,8.653622934374482e-16,4.233362150089551e-16,1.8169836231356573,0.0
0.5,0.2,0,8.0,101,0.16,5.528755257424995e-16,3.663381162978598e-16,1.5676464542479018,1.0
0.5,0.2,1,8.0,101,0.16,7.345267112336971e-16,5.187882597160886e-16,1.8450088552654347,1.0
0.5,0.2,2,8.0,101,0.16,5.459841946341319e-16,4.722263787755064e-16,1.5517730350896943,1.0
0.5,0.2,3,8.0,101,0.16,6.553174081432341e-16,5.168944499399524e-16,1.4324755374958467,1.0
0.5,0.2,4,8.0,101,0.16,3.2714234993931544e-16,4.1107841323650564e-16,1.7651368955294475,1.0
0.5,0.4,0,8.0,101,0.16,3.987425412674752e-16,3.285172698097998e-16,1.3502694553606738,1.0
0.5,0.4,1,8.0,101,0.16,3.3179404752691216e-16,3.1714830736882796e-16,1.4254970644831721,1.0
0.5,0.4,2,8.0,101,0.16,4.579154668153729e-16,6.430480583304135e-16,1.0271446042824157,1.0
0.5,0.4,3,8.0,101,0.16,3.11504360323285e-16,4.476588587127123e-16,1.4098486488200273,1.0
0.5,0.4,4,8.0,101,0.16,4.2645253379915e-16,2.827926502185921e-16,1.2116905353020166,1.0
0.5,0.8,0,8.0,101,0.16,2.67151477956942e-15,7.943903243634405e-15,0.1129220964704903,1.0
0.5,0.8,1,8.0,101,0.16,1.9947696100253706e-16,4.669143647870322e-16,1.2261214729261571,1.0
0.5,0.8,2,8.0,101,0.16,6.249649272366316e-15,1.955837238928764e-14,0.05856331996669058,1.0
0.5,0.8,3,8.0,101,0.16,4.250629696814156e-16,1.0428274011122573e-15,1.0540671626436369,1.0
0.5,0.8,4,8.0,101,0.16,7.558251256992882e-16,2.8974226894921447e-15,0.42771584785620487,1.0
0.5,1.6,0,8.0,101,0.16,1.430326585375256e-14,2.5270760894640657e-13,0.018535482202508943,1.0
0.5,1.6,1,8.0,101,0.16,2.4515981772486316e-15,6.36291528345357e-14,0.13412256015547183,1.0
0.5,1.6,2,8.0,101,0.16,1.0095729102923987e-14,1.5814555510433592e-13,0.02614090167327177,1.0
0.5,1.6,3,8.0,101,0.16,4.059733572570202e-15,1.0602277677721715e-13,0.08489983076369505,1.0
0.5,1.6,4,8.0,101,0.16,3.677936929449961e-15,8.983169762064978e-14,0.0701158669315522,1.0
0.5,2.4,0,8.0,101,0.16,2.7264014077932642e-15,2.3608585587058717e-13,0.1087468002576892,1.0
0.5,2.4,1,8.0,101,0.16,2.1823172490850677e-15,2.0011003227592074e-13,0.14606604799654976,1.0
0.5,2.4,2,8.0,101,0.16,1.9024877113160108e-15,1.8879372863948542e-13,0.1913521989678007,1.0
0.5,2.4,3,8.0,101,0.16,8.163624191954073e-16,1.112197523124377e-13,0.3015338213492354,1.0
0.5,2.4,4,8.0,101,0.16,1.5758315780832083e-15,1.778728990830146e-13,0.22958294587209319,1.0
0.5,0.005,0,8.0,201,0.08,6.6905381208856146e-12,8.399592335970678e-14,0.003919151803603704,0.0
0.5,0.005,1,8.0,201,0.08,7.120438375849895e-12,9.352276520852236e-14,0.003395831823811656,0.0
0.5,0.005,2,8.0,201,0.08,5.107973227425373e-12,5.812578666851317e-14,0.004058208905727078,0.0
0.5,0.005,3,8.0,201,0.08,4.98241508127711e-12,6.955950359419272e-14,0.006279795778103304,0.0
0.5,0.005,4,8.0,201,0.08,5.1661391793251085e-12,6.398346327437972e-14,0.005023418518488794,0.0
0.5,0.01,0,8.0,201,0.08,5.918155403196833e-15,4.056275712677828e-16,2.855528044433764,0.0
0.5,0.01,1,8.0,201,0.08,9.556321898091189e-15,4.2361209616242166e-16,1.6748049649634047,0.0
0.5,0.01,2,8.0,201,0.08,6.9509897034238005e-15,2.907764668929902e-16,1.4533325127083558,0.0
0.5,0.01,3,8.0,201,0.08,8.062999967296782e-15,4.545549656408272e-16,2.1704246699519874,0.0
0.5,0.01,4,8.0,201,0.08,9.652098042578112e-15,3.2019727301635995e-16,1.534563967083332,0.0
0.5,0.02,0,8.0,201,0.08,3.3193544234953557e-15,5.05629773177434e-16,1.9661481787188855,0.0
0.5,0.02,1,8.0,201,0.08,5.1682067309247574e-15,3.7834943580945055e-16,1.4142553686074602,0.0
0.5,0.02,2,8.0,201,0.08,3.915765501438379e-15,4.553185387565135e-16,1.5380840660175685,0.0
0.5,0.02,3,8.0,201,0.08,4.678224087919245e-15,5.336087477397646e-16,1.8743991843384797,0.0
0.5,0.02,4,8.0,201,0.08,4.4867638006812954e-15,3.3783575822062346e-16,1.4599921282734298,0.0
0.5,0.05,0,8.0,201,0.08,2.2781733193796626e-15,4.567319242767364e-16,1.2968525542157594,1.0
0.5,0.05,1,8.0,201,0.08,1.5256563928377716e-15,3.9004350272151725e-16,1.3701898412432818,1.0
0.5,0.05,2,8.0,201,0.08,2.1965678997612454e-15,4.759136264422386e-16,1.4625821663571439,1.0
0.5,0.05,3,8.0,201,0.08,1.9958885906611692e-15,5.543655997375171e-16,1.5620809158883222,1.0
0.5,0.05,4,8.0,201,0.08,1.804048183835054e-15,4.830877860614771e-16,1.9782840682110994,1.0
0.5,0.1,0,8.0,201,0.08,7.882047317827825e-16,4.245065745800112e-16,1.6309474782752051,1.0
0.5,0.1,1,8.0,201,0.08,1.0317327496455504e-15,3.9882590618325276e-16,1.3578909684037046,1.0
0.5,0.1,2,8.0,201,0.08,1.3418183311002877e-15,3.3949438515867293e-16,0.9590075196781693,1.0
0.5,0.1,3,8.0,201,0.08,8.432988644681094e-16,4.1200071548459016e-16,2.007056419646545,1.0
0.5,0.1,4,8.0,201,0.08,7.6326500885531e-16,4.531384488711254e-16,2.021371776298961,1.0
0.5,0.2,0,8.0,201,0.08,6.252891443069751e-16,3.7695577842427754e-16,1.4072639937836926,1.0
0.5,0.2,1,8.0,201,0.08,6.621246259773471e-16,5.20178333024247e-16,2.0196201316132742,1.0
0.5,0.2,2,8.0,201,0.08,5.518383641279902e-16,4.930660318177278e-16,1.5481749168907324,1.0
0.5,0.2,3,8.0,201,0.08,7.66549458567093e-16,4.3962280273215257e-16,1.2642268502704406,1.0
0.5,0.2,4,8.0,201,0.08,4.3140518889820317e-16,3.7650611252277115e-16,1.3647750379896268,1.0
0.5,0.4,0,8.0,201,0.08,3.9606024259450887e-16,3.227632204515079e-16,1.393793284964792,1.0
0.5,0.4,1,8.0,201,0.08,3.362336008730335e-16,2.778406498940032e-16,1.4412437735648194,1.0
0.5,0.4,2,8.0,201,0.08,4.602842241674685e-16,5.863043506024911e-16,1.0706587273662378,1.0
0.5,0.4,3,8.0,201,0.08,3.128846944747217e-16,4.751902256402844e-16,1.3704594305631588,1.0
0.5,0.4,4,8.0,201,0.08,3.749442460602572e-16,3.3528257918486285e-16,1.4032552172430892,1.0
0.5,0.8,0,8.0,201,0.08,2.3278743329546944e-15,6.9043811888308736e-15,0.1430092328794723,1.0
0.5,0.8,1,8.0,201,0.08,2.141778638637179e-16,5.248441199658122e-16,1.1521511474927915,1.0
0.5,0.8,2,8.0,201,0.08,5.585600321643017e-15,1.7461729905911992e-14,0.06569113322596551,1.0
0.5,0.8,3,8.0,201,0.08,3.963020555978056e-16,1.064144148935896e-15,1.0905292369626924,1.0
0.5,0.8,4,8.0,201,0.08,6.841142886205017e-16,2.6983275773178416e-15,0.5213627402812816,1.0
0.5,1.6,0,8.0,201,0.08,1.3107836671001488e-14,2.3147938290151535e-13,0.02231942004154132,1.0
0.5,1.6,1,8.0,201,0.08,2.2503708677399468e-15,5.769128601722009e-14,0.1336324220348899,1.0
0.5,1.6,2,8.0,201,0.08,9.202165970500006e-15,1.4442395973102802e-13,0.031624224779892005,1.0
0.5,1.6,3,8.0,201,0.08,3.753467730909458e-15,9.720451183634771e-14,0.08394363324468256,1.0
0.5,1.6,4,8.0,201,0.08,3.350512727251009e-15,8.193446065421194e-14,0.08391394321911248,1.0
0.5,2.4,0,8.0,201,0.08,2.4681094928081065e-15,2.1641957520042583e-13,0.13530319901257823,1.0
0.5,2.4,1,8.0,201,0.08,1.989816558739111e-15,1.8269383615704582e-13,0.15541112990888495,1.0
0.5,2.4,2,8.0,201,0.08,1.7307507598171381e-15,1.7279120277966744e-13,0.19943360174540198,1.0
0.5,2.4,3,8.0,201,0.08,7.537312114234537e-16,1.0195757230023844e-13,0.3233033029518607,1.0
0.5,2.4,4,8.0,201,0.08,1.4605631764164004e-15,1.629391216768921e-13,0.25368452144851267,1.0
0.5,0.005,0,8.0,401,0.04,1.4234511626137033e-14,3.8687249190017286e-16,1.8237058353195041,0.0
0.5,0.005,1,8.0,401,0.04,1.7660261879496487e-14,3.8118643581002904e-16,1.4524179101864472,0.0
0.5,0.005,2,8.0,401,0.04,1.4388387759014327e-14,3.138360478054778e-16,1.481149992561057,0.0
0.5,0.005,3,8.0,401,0.04,1.3964235627578811e-14,4.693716058176687e-16,2.1967363327204397,0.0
0.5,0.005,4,8.0,401,0.04,1.3159778713588168e-14,3.061622383997442e-16,1.944746913198391,0.0
0.5,0.01,0,8.0,401,0.04,6.269422606804223e-15,4.88273002535865e-16,2.687618450752199,1.0
0.5,0.01,1,8.0,401,0.04,7.957453727831156e-15,3.947885181540859e-16,2.011679026453076,1.0
0.5,0.01,2,8.0,401,0.04,5.791581139779788e-15,2.754567449719271e-16,1.743966729955789,1.0
0.5,0.01,3,8.0,401,0.04,7.281568893046046e-15,4.711582664547024e-16,2.403026915557539,1.0
0.5,0.01,4,8.0,401,0.04,1.0647828109562975e-14,3.549510768259417e-16,1.3890175708366863,1.0
0.5,0.02,0,8.0,401,0.04,3.0605658518836436e-15,4.736428093602496e-16,2.1406556596843975,1.0
0.5,0.02,1,8.0,401,0.04,4.656114536784031e-15,3.03099750562333e-16,1.5761626762451348,1.0
0.5,0.02,2,8.0,401,0.04,3.613220954277258e-15,4.654210003601511e-16,1.6634062091157893,1.0
0.5,0.02,3,8.0,401,0.04,3.0003394141378826e-15,4.809321923159314e-16,2.9273576122027616,1.0
0.5,0.02,4,8.0,401,0.04,4.342552228790034e-15,3.2930866898509033e-16,1.5107302381882364,1.0
0.5,0.05,0,8.0,401,0.04,1.4523968544697867e-15,4.031425132513746e-16,2.103919208776434,1.0
0.5,0.05,1,8.0,401,0.04,1.3878772326753353e-15,3.743046512498531e-16,1.4985033567958363,1.0
0.5,0.05,2,8.0,401,0.04,1.8659856483890736e-15,3.994022086033065e-16,1.7320277172782539,1.0
0.5,0.05,3,8.0,401,0.04,1.3984984635271178e-15,4.874770627306465e-16,2.2249361891874324,1.0
0.5,0.05,4,8.0,401,0.04,1.3502581802545634e-15,5.004962373859461e-16,2.6610094770001465,1.0
0.5,0.1,0,8.0,401,0.04,8.41714227345702e-16,3.6271346973876264e-16,1.4747516218366787,1.0
0.5,0.1,1,8.0,401,0.04,8.671553289233272e-16,2.85489519805951e-16,1.6644195649531675,1.0
0.5,0.1,2,8.0,401,0.04,8.890904073771609e-16,2.914210113010485e-16,1.4789420857190019,1.0
0.5,0.1,3,8.0,401,0.04,6.299476251075463e-16,4.3804329182212656e-16,2.6275982286336625,1.0
0.5,0.1,4,8.0,401,0.04,7.525417293611735e-16,4.2498826505239865e-16,2.076006712968921,1.0
0.5,0.2,0,8.0,401,0.04,4.735241530933311e-16,3.9703088591327694e-16,1.9855530070612135,1.0
0.5,0.2,1,8.0,401,0.04,7.804127400527359e-16,4.2395731860835685e-16,1.6912912810270575,1.0
0.5,0.2,2,8.0,401,0.04,4.040458866687353e-16,4.045516486878377e-16,2.045997154557436,1.0
0.5,0.2,3,8.0,401,0.04,4.821004946917014e-16,4.729222311428353e-16,1.9028669219886793,1.0
0.5,0.2,4,8.0,401,0.04,3.1871904088831887e-16,3.641438120656756e-16,1.7603651131464362,1.0
0.5,0.4,0,8.0,401,0.04,3.7440676373218643e-16,3.250203334078141e-16,1.4741447999021693,1.0
0.5,0.4,1,8.0,401,0.04,3.845084826554557e-16,2.5148866124238677e-16,1.3542340706105267,1.0
0.5,0.4,2,8.0,401,0.04,3.330465208314592e-16,4.0874253542017517e-16,1.442502264072028,1.0
0.5,0.4,3,8.0,401,0.04,2.7306102759694214e-16,3.6587946862185018e-16,1.6292462918213566,1.0
0.5,0.4,4,8.0,401,0.04,3.249216410964811e-16,3.9863219391768203e-16,1.671727128960698,1.0
0.5,0.8,0,8.0,401,0.04,2.3152089167021565e-15,6.834852801524092e-15,0.15026586436906395,1.0
0.5,0.8,1,8.0,401,0.04,1.9867551552395636e-16,4.455234364448553e-16,1.2819605225303008,1.0
0.5,0.8,2,8.0,401,0.04,5.4517914753950686e-15,1.6992355623241436e-14,0.06816375016296423,1.0
0.5,0.8,3,8.0,401,0.04,4.573372540246769e-16,1.1422862786517625e-15,0.9887746211286697,1.0
0.5,0.8,4,8.0,401,0.04,6.690191963011504e-16,2.6458549329259822e-15,0.5254073694254037,1.0
0.5,1.6,0,8.0,401,0.04,1.2830191199734142e-14,2.2603778229225597e-13,0.024891575481436258,1.0
0.5,1.6,1,8.0,401,0.04,2.2457141147320366e-15,5.735431012155615e-14,0.12994826292388728,1.0
0.5,1.6,2,8.0,401,0.04,9.004556861404972e-15,1.415402202900687e-13,0.031166923540413595,1.0
0.5,1.6,3,8.0,401,0.04,3.673449573917218e-15,9.47583356295979e-14,0.08617031902354039,1.0
0.5,1.6,4,8.0,401,0.04,3.2466633525848794e-15,8.064066593510439e-14,0.09187748672387516,1.0
0.5,2.4,0,8.0,401,0.04,2.4197765347053836e-15,2.123298193211686e-13,0.1442987597484267,1.0
0.5,2.4,1,8.0,401,0.04,1.969321228053011e-15,1.8057957014506298e-13,0.1602561317335718,1.0
0.5,2.4,2,8.0,401,0.04,1.6982271333338572e-15,1.7005029372835132e-13,0.2054113979236254,1.0
0.5,2.4,3,8.0,401,0.04,7.424561805437659e-16,9.920704089669061e-14,0.343471298206423,1.0
0.5,2.4,4,8.0,401,0.04,1.4017007546483445e-15,1.60248616697415e-13,0.25539718892771907,1.0
0.5,0.005,0,8.0,801,0.02,1.242495787374422e-14,3.228313581186382e-16,2.091924120555672,1.0
0.5,0.005,1,8.0,801,0.02,1.852584859544773e-14,4.040280596847772e-16,1.3847032882506844,1.0
0.5,0.005,2,8.0,801,0.02,1.480086808187696e-14,2.68580723933646e-16,1.4534766786626414,1.0
0.5,0.005,3,8.0,801,0.02,1.075556503609919e-14,4.0800518940867186e-16,2.85082278049191,1.0
0.5,0.005,4,8.0,801,0.02,1.2015947186073115e-14,3.157778611978709e-16,2.130384633967944,1.0
0.5,0.01,0,8.0,801,0.02,7.973631931207488e-15,4.151201474692351e-16,2.1208093021648122,1.0
0.5,0.01,1,8.0,801,0.02,4.436667075076128e-15,3.6345436964704916e-16,3.611607955710624,1.0
0.5,0.01,2,8.0,801,0.02,4.722530575764377e-15,2.464287226425196e-16,2.1422541177376835,1.0
0.5,0.01,3,8.0,801,0.02,7.911843056281298e-15,5.542575978826338e-16,2.2058725071587517,1.0
0.5,0.01,4,8.0,801,0.02,8.668473685932718e-15,3.173873177671689e-16,1.7056188056619577,1.0
0.5,0.02,0,8.0,801,0.02,2.8959973269693185e-15,5.197048338962426e-16,2.2500095972438885,1.0
0.5,0.02,1,8.0,801,0.02,4.231085166281073e-15,3.663501264448118e-16,1.725218899181605,1.0
0.5,0.02,2,8.0,801,0.02,3.3223038875433452e-15,3.4837599370287634e-16,1.8235285888108488,1.0
0.5,0.02,3,8.0,801,0.02,3.400785013392978e-15,4.627411541045994e-16,2.580962943507,1.0
0.5,0.02,4,8.0,801,0.02,4.788559353185169e-15,3.5315388923329664e-16,1.3672183248946295,1.0
0.5,0.05,0,8.0,801,0.02,1.5316921323699102e-15,3.8515241796137976e-16,1.9851737552548845,1.0
0.5,0.05,1,8.0,801,0.02,1.250702976988059e-15,3.6656036048997154e-16,1.679420145518993,1.0
0.5,0.05,2,8.0,801,0.02,1.5724229184266314e-15,4.1884141758537024e-16,2.017102463096176,1.0
0.5,0.05,3,8.0,801,0.02,1.1789529095358867e-15,4.11442157121986e-16,2.688363421987488,1.0
0.5,0.05,4,8.0,801,0.02,1.093617967311109e-15,5.525103229741493e-16,3.2784352076943613,1.0
0.5,0.1,0,8.0,801,0.02,5.512854794838577e-16,4.0988660720652773e-16,2.2783527613161882,1.0
0.5,0.1,1,8.0,801,0.02,7.814443982100839e-16,2.8544485274476764e-16,1.73083907042078,1.0
0.5,0.1,2,8.0,801,0.02,1.1630975600414863e-15,3.0681561544054635e-16,1.0970110424453772,1.0
0.5,0.1,3,8.0,801,0.02,7.027710109485443e-16,3.2654926373604025e-16,2.354038495651027,1.0
0.5,0.1,4,8.0,801,0.02,5.586279279880544e-16,4.0293793082892047e-16,2.7100129609157593,1.0
0.5,0.2,0,8.0,801,0.02,4.822429189733084e-16,3.1825729149541637e-16,1.8151402825546752,1.0
0.5,0.2,1,8.0,801,0.02,6.858923760877371e-16,4.3216370538166075e-16,1.931936722131227,1.0
0.5,0.2,2,8.0,801,0.02,4.7960002764997e-16,4.1497922099180615e-16,1.804107077806455,1.0
0.5,0.2,3,8.0,801,0.02,4.925290151878876e-16,4.2961229098682267e-16,2.0078450534505445,1.0
0.5,0.2,4,8.0,801,0.02,3.345211932765515e-16,3.3779517544785326e-16,1.699444106763904,1.0
0.5,0.4,0,8.0,801,0.02,3.7791685284343056e-16,2.8228633610261422e-16,1.4336861538280017,1.0
0.5,0.4,1,8.0,801,0.02,4.043413102502531e-16,3.0174710305191436e-16,1.225615008678217,1.0
0.5,0.4,2,8.0,801,0.02,2.961835379814364e-16,4.148009503612605e-16,1.5316053938252239,1.0
0.5,0.4,3,8.0,801,0.02,2.5512611800534383e-16,3.7199837896177048e-16,1.728470855202667,1.0
0.5,0.4,4,8.0,801,0.02,3.701787978969117e-16,3.4238419536172146e-16,1.3844468440327322,1.0
0.5,0.8,0,8.0,801,0.02,2.33899233626099e-15,6.802479142457579e-15,0.1523171777917238,1.0
0.5,0.8,1,8.0,801,0.02,1.8707849904441189e-16,3.7378827969529327e-16,1.2606602371921014,1.0
0.5,0.8,2,8.0,801,0.02,5.399584510705304e-15,1.6883999615720126e-14,0.06874556816781478,1.0
0.5,0.8,3,8.0,801,0.02,4.590444849488419e-16,1.2313693648397974e-15,0.9799905018559697,1.0
0.5,0.8,4,8.0,801,0.02,6.589386149728046e-16,2.626949735629036e-15,0.5081813579694704,1.0
0.5,1.6,0,8.0,801,0.02,1.2739960711860764e-14,2.248164235446219e-13,0.023045084431916538,1.0
0.5,1.6,1,8.0,801,0.02,2.161645197616413e-15,5.664286495512767e-14,0.13396316831678992,1.0
0.5,1.6,2,8.0,801,0.02,8.961987904404186e-15,1.4055355713333893e-13,0.03011297022713986,1.0
0.5,1.6,3,8.0,801,0.02,3.640246941415676e-15,9.428140618380828e-14,0.08870183204827223,1.0
0.5,1.6,4,8.0,801,0.02,3.2354756618561107e-15,7.998037980189556e-14,0.0888401914978051,1.0
0.5,2.4,0,8.0,801,0.02,2.3967545180884205e-15,2.1080417372860437e-13,0.14002860293939395,1.0
0.5,2.4,1,8.0,801,0.02,1.9449187334762216e-15,1.7881979572441204e-13,0.16862698445075056,1.0
0.5,2.4,2,8.0,801,0.02,1.687715245532894e-15,1.6870609228253591e-13,0.20550003924869642,1.0
0.5,2.4,3,8.0,801,0.02,7.446308265368749e-16,9.912250476016736e-14,0.34084755085662777,1.0
0.5,2.4,4,8.0,801,0.02,1.3965742415488786e-15,1.5889719668277803e-13,0.25353475252301216,1.0
0.8,0.005,0,8.0,101,0.16,0.016573800027898287,0.00034692011110435447,1.6469717826580872e-12,0.0
0.8,0.005,1,8.0,101,0.16,0.015745404065491138,0.00046440417029662085,1.828460049617415e-12,0.0
0.8,0.005,2,8.0,101,0.16,0.014745576541460135,0.0002952477364001847,2.0414309814265086e-12,0.0
0.8,0.005,3,8.0,101,0.16,0.015059608068389154,0.00028074644279397256,2.3999208007593035e-12,0.0
0.8,0.005,4,8.0,101,0.16,0.016966499189525797,0.00034536956999461715,2.3301184012424762e-12,0.0
0.8,0.01,0,8.0,101,0.16,2.1853476258885735e-05,1.2736180604998876e-06,7.737217714013045e-10,0.0
0.8,0.01,1,8.0,101,0.16,1.474066486130013e-05,6.137130765940257e-07,1.2572799467220034e-09,0.0
0.8,0.01,2,8.0,101,0.16,1.322786854264644e-05,5.847228945879292e-07,1.0259686359760656e-09,0.0
0.8,0.01,3,8.0,101,0.16,1.4384473727959944e-05,6.075342716712561e-07,1.077129860085462e-09,0.0
0.8,0.01,4,8.0,101,0.16,1.4666971830033929e-05,6.49865576066924e-07,9.99527681479279e-10,0.0
0.8,0.02,0,8.0,101,0.16,4.7435714100226955e-11,2.628268876390068e-12,0.00014517871656010467,0.0
0.8,0.02,1,8.0,101,0.16,6.441523511713918e-11,3.749510373978943e-12,9.741693675498653e-05,0.0
0.8,0.02,2,8.0,101,0.16,4.881757041798649e-11,3.182444754202819e-12,0.00018907642981122935,0.0
0.8,0.02,3,8.0,101,0.16,4.003402798631022e-11,6.749290979188413e-12,0.00016289242170764234,0.0
0.8,0.02,4,8.0,101,0.16,5.704130622393547e-11,6.5388161140098716e-12,0.00014857771267122243,0.0
0.8,0.05,0,8.0,101,0.16,1.7224911158072381e-15,5.32560619212896e-16,1.9118500310601048,0.0
0.8,0.05,1,8.0,101,0.16,1.69811449140005e-15,3.689378147822575e-16,2.1964057669883847,0.0
0.8,0.05,2,8.0,101,0.16,1.7628383870347781e-15,5.725996755635803e-16,1.9225652959628694,0.0
0.8,0.05,3,8.0,101,0.16,1.8659146249503005e-15,1.205045197083723e-15,2.090982790840447,0.0
0.8,0.05,4,8.0,101,0.16,1.892681665165579e-15,5.164452160150369e-16,1.6784318047521518,0.0
0.8,0.1,0,8.0,101,0.16,7.935183387331447e-16,1.0152595649078438e-15,2.0379935565427783,0.0
0.8,0.1,1,8.0,101,0.16,7.955513644833377e-16,6.342574958653034e-16,1.8722802576828432,0.0
0.8,0.1,2,8.0,101,0.16,9.304396915708065e-16,4.4145276439438305e-16,1.2207217747220838,0.0
0.8,0.1,3,8.0,101,0.16,1.0588006913546397e-15,4.611156289827729e-16,1.3307001013161737,0.0
0.8,0.1,4,8.0,101,0.16,1.1223916837203684e-15,4.981488700172746e-16,1.2131080219113535,0.0
0.8,0.2,0,8.0,101,0.16,7.336007044539593e-16,3.451797143103168e-16,1.44466090437497,1.0
0.8,0.2,1,8.0,101,0.16,7.637376784680909e-16,5.430160663099078e-16,1.1999473996743122,1.0
0.8,0.2,2,8.0,101,0.16,8.002813393801748e-16,6.726910700106509e-16,1.0547257898695228,1.0
0.8,0.2,3,8.0,101,0.16,6.802205520496567e-16,4.3077341177573317e-16,1.1561958897568572,1.0
0.8,0.2,4,8.0,101,0.16,8.092414921556431e-16,5.911608953799809e-16,1.1117109699545784,1.0
0.8,0.4,0,8.0,101,0.16,6.191743795097483e-16,9.673135261191973e-16,0.9634016258554686,1.0
0.8,0.4,1,8.0,101,0.16,5.989973449059671e-16,1.555785853734899e-15,0.8836472391601691,1.0
0.8,0.4,2,8.0,101,0.16,5.175531251306938e-16,6.956073081384702e-16,0.9464576544775928,1.0
0.8,0.4,3,8.0,101,0.16,7.577981651662401e-16,5.665667802322806e-16,0.8101655168284282,1.0
0.8,0.4,4,8.0,101,0.16,6.841723385652859e-16,1.0081058429450894e-15,0.8883963639189362,1.0
0.8,0.8,0,8.0,101,0.16,4.0029666454138844e-16,1.026223486402056e-15,0.7330237922298988,1.0
0.8,0.8,1,8.0,101,0.16,3.580364452378574e-16,5.131177962167267e-16,1.1689617348049142,1.0
0.8,0.8,2,8.0,101,0.16,4.592828393627965e-16,1.3749301580125391e-15,0.8097376200939786,1.0
0.8,0.8,3,8.0,101,0.16,3.8590284266820344e-16,7.102440537848918e-16,1.096979948946378,1.0
0.8,0.8,4,8.0,101,0.16,3.422309777222871e-16,1.0106362092899472e-15,1.2160727886802565,1.0
0.8,1.6,0,8.0,101,0.16,4.2363230590442816e-16,6.394841423067606e-15,0.707525211189063,1.0
0.8,1.6,1,8.0,101,0.16,2.0257302405871277e-14,2.4816777998517306e-13,0.02024209286788575,1.0
0.8,1.6,2,8.0,101,0.16,5.8590007508495115e-16,7.609656230497097e-15,0.5083437462709351,1.0
0.8,1.6,3,8.0,101,0.16,6.012058849246539e-15,5.710876566162567e-14,0.04373076210344718,1.0
0.8,1.6,4,8.0,101,0.16,2.6600986452951693e-14,2.296915155864618e-13,0.009259747310294402,1.0
0.8,2.4,0,8.0,101,0.16,3.5593122788487224e-15,3.0417885072566733e-13,0.07202497752981972,1.0
0.8,2.4,1,8.0,101,0.16,5.414800388655203e-15,4.0814787548697095e-13,0.06146967450908522,1.0
0.8,2.4,2,8.0,101,0.16,1.8404239872064504e-15,1.6299626404818688e-13,0.18489042231679734,1.0
0.8,2.4,3,8.0,101,0.16,5.3313972096141e-15,3.401607525095702e-13,0.056518155529898396,1.0
0.8,2.4,4,8.0,101,0.16,1.6098029496558333e-15,2.0489525999253547e-13,0.21438554667159718,1.0
0.8,0.005,0,8.0,201,0.08,8.158221216848754e-12,1.7065722151801776e-13,0.0034523969473691284,0.0
0.8,0.005,1,8.0,201,0.08,6.151734202534437e-12,1.8133661953988014e-13,0.0044853030428165346,0.0
0.8,0.005,2,8.0,201,0.08,6.002137634574415e-12,1.2012916535236168e-13,0.004875592321040556,0.0
0.8,0.005,3,8.0,201,0.08,6.3062617641267925e-12,1.1757116127837208e-13,0.005780974726304224,0.0
0.8,0.005,4,8.0,201,0.08,7.229119904055552e-12,1.4714523613688903e-13,0.005549829747962813,0.0
0.8,0.01,0,8.0,201,0.08,6.959464393629015e-15,8.860786950394807e-16,2.4427244028809985,0.0
0.8,0.01,1,8.0,201,0.08,4.340582383808105e-15,7.696850403185785e-16,4.165816654382929,0.0
0.8,0.01,2,8.0,201,0.08,4.69697795260705e-15,6.195281623478729e-16,2.9433654269387453,0.0
0.8,0.01,3,8.0,201,0.08,4.361312894765189e-15,6.40487237729163e-16,3.6463544457251422,0.0
0.8,0.01,4,8.0,201,0.08,3.460796812937689e-15,6.652498231814136e-16,4.114440005398058,0.0
0.8,0.02,0,8.0,201,0.08,2.943386231066692e-15,3.927861873154704e-16,2.3613174854698804,0.0
0.8,0.02,1,8.0,201,0.08,5.168170773193651e-15,4.899737017485139e-16,1.2624792227146175,0.0
0.8,0.02,2,8.0,201,0.08,4.020771555784984e-15,5.36498407321629e-16,2.269425228516887,0.0
0.8,0.02,3,8.0,201,0.08,1.4140813521200134e-15,1.0603258965853593e-15,4.5621549281328795,0.0
0.8,0.02,4,8.0,201,0.08,2.724175054368538e-15,9.836481455589165e-16,3.105207972866371,0.0
0.8,0.05,0,8.0,201,0.08,1.979335349929322e-15,5.431088246877046e-16,1.6422245587830628,1.0
0.8,0.05,1,8.0,201,0.08,1.6422457246387682e-15,3.933059213381964e-16,2.278266148819129,1.0
0.8,0.05,2,8.0,201,0.08,1.5468629824494142e-15,5.918404193941426e-16,2.17930378644671,1.0
0.8,0.05,3,8.0,201,0.08,1.789033594042692e-15,1.2088865529511898e-15,2.1634839258015908,1.0
0.8,0.05,4,8.0,201,0.08,1.8862142849305644e-15,5.399306545132e-16,1.6753718427915247,1.0
0.8,0.1,0,8.0,201,0.08,9.042426184069135e-16,1.0555335822592846e-15,1.7558242769704921,1.0
0.8,0.1,1,8.0,201,0.08,9.170597049848217e-16,6.637953896674065e-16,1.6415581842541591,1.0
0.8,0.1,2,8.0,201,0.08,7.641424248777116e-16,4.1609349365133967e-16,1.5027087630855895,1.0
0.8,0.1,3,8.0,201,0.08,9.77521129812255e-16,4.940606265322407e-16,1.4379808026500527,1.0
0.8,0.1,4,8.0,201,0.08,1.0556134211842695e-15,4.816757770575727e-16,1.3015250383142272,1.0
0.8,0.2,0,8.0,201,0.08,8.676145620570286e-16,3.7976076573914343e-16,1.3026465224925021,1.0
0.8,0.2,1,8.0,201,0.08,8.106977830236468e-16,5.309515593406575e-16,1.0990427304964534,1.0
0.8,0.2,2,8.0,201,0.08,7.903526021591174e-16,6.149516517966264e-16,1.0771963501284598,1.0
0.8,0.2,3,8.0,201,0.08,6.756485386686397e-16,4.521338326102889e-16,1.1309967974460726,1.0
0.8,0.2,4,8.0,201,0.08,7.302786644695994e-16,6.104000183508441e-16,1.1912323712460635,1.0
0.8,0.4,0,8.0,201,0.08,5.837336096235521e-16,8.514634687725268e-16,1.0320456012830732,1.0
0.8,0.4,1,8.0,201,0.08,5.306699747909661e-16,1.5258251948240677e-15,0.9561358237800545,1.0
0.8,0.4,2,8.0,201,0.08,4.650536384141682e-16,6.824106963417782e-16,1.0573562113269932,1.0
0.8,0.4,3,8.0,201,0.08,7.513389795033143e-16,5.629118488100988e-16,0.781638368945589,1.0
0.8,0.4,4,8.0,201,0.08,6.472021737866859e-16,9.368482841729055e-16,0.891688548994619,1.0
0.8,0.8,0,8.0,201,0.08,3.9472106455734075e-16,9.506452526683017e-16,0.7625893172959965,1.0
0.8,0.8,1,8.0,201,0.08,3.5691742856538334e-16,4.909882751024303e-16,1.1871009726047599,1.0
0.8,0.8,2,8.0,201,0.08,4.894546103155863e-16,1.3164828606801018e-15,0.8444708485093457,1.0
0.8,0.8,3,8.0,201,0.08,3.795981895715043e-16,7.638550827740454e-16,1.0651271213281592,1.0
0.8,0.8,4,8.0,201,0.08,3.0655993115894115e-16,1.0139953622118559e-15,1.238566126040113,1.0
0.8,1.6,0,8.0,201,0.08,3.94587359197102e-16,5.8316894268525e-15,0.73294876123671,1.0
0.8,1.6,1,8.0,201,0.08,1.8383025030285763e-14,2.253724931194571e-13,0.017971044701513866,1.0
0.8,1.6,2,8.0,201,0.08,5.4492915456896e-16,6.983202384046544e-15,0.5603647246319048,1.0
0.8,1.6,3,8.0,201,0.08,5.397063992378756e-15,5.1546939673803725e-14,0.04862551389027942,1.0
0.8,1.6,4,8.0,201,0.08,2.4140655976626405e-14,2.0854750254754887e-13,0.009414796092338923,1.0
0.8,2.4,0,8.0,201,0.08,3.261495149083445e-15,2.7767046829546893e-13,0.0809412550312247,1.0
0.8,2.4,1,8.0,201,0.08,4.932826271072896e-15,3.738300768832697e-13,0.07259346348689999,1.0
0.8,2.4,2,8.0,201,0.08,1.7080225634773626e-15,1.490404875329401e-13,0.18431084838362155,1.0
0.8,2.4,3,8.0,201,0.08,4.863049172328082e-15,3.1063899993189846e-13,0.06189084700991304,1.0
0.8,2.4,4,8.0,201,0.08,1.482127316350919e-15,1.8590092534922918e-13,0.256918720773087,1.0
0.8,0.005,0,8.0,401,0.04,7.539384523737418e-15,6.089044347790412e-16,3.569532936372187,0.0
0.8,0.005,1,8.0,401,0.04,6.772361801568959e-15,8.800699347756727e-16,4.2182080310273316,0.0
0.8,0.005,2,8.0,401,0.04,7.560510895270762e-15,5.857903736682271e-16,3.8337503622007074,0.0
0.8,0.005,3,8.0,401,0.04,1.1033756154783672e-14,6.132195405082998e-16,3.315972245883345,0.0
0.8,0.005,4,8.0,401,0.04,7.740893182661196e-15,8.249181134924163e-16,5.19417817447538,0.0
0.8,0.01,0,8.0,401,0.04,6.689579671570487e-15,9.51637563471711e-16,2.541138683372017,1.0
0.8,0.01,1,8.0,401,0.04,5.328938245215514e-15,7.374927683912703e-16,3.3994920940646502,1.0
0.8,0.01,2,8.0,401,0.04,5.681096893559322e-15,6.328093896796997e-16,2.4418114038177845,1.0
0.8,0.01,3,8.0,401,0.04,4.854063254083349e-15,6.62990600390721e-16,3.278132356395676,1.0
0.8,0.01,4,8.0,401,0.04,4.506080049154441e-15,6.577550359334792e-16,3.157739475613144,1.0
0.8,0.02,0,8.0,401,0.04,2.958167866448598e-15,4.2766056396887373e-16,2.3421996176090496,1.0
0.8,0.02,1,8.0,401,0.04,4.425659046169171e-15,3.995071847868261e-16,1.4835161482582042,1.0
0.8,0.02,2,8.0,401,0.04,2.7058830994247503e-15,5.135957002594076e-16,3.367307575506777,1.0
0.8,0.02,3,8.0,401,0.04,1.931156244058911e-15,1.0268655847414373e-15,3.3449453750983276,1.0
0.8,0.02,4,8.0,401,0.04,2.450490370306171e-15,1.0206280494176411e-15,3.4513088022636156,1.0
0.8,0.05,0,8.0,401,0.04,1.8096846734989722e-15,5.037092953462591e-16,1.8172934518570942,1.0
0.8,0.05,1,8.0,401,0.04,2.1409268230515337e-15,4.2750843619420713e-16,1.7368851468023632,1.0
0.8,0.05,2,8.0,401,0.04,1.551441920143598e-15,6.339889300176402e-16,2.221483670802101,1.0
0.8,0.05,3,8.0,401,0.04,1.4479584016100713e-15,1.1889367682166592e-15,2.6789107676018706,1.0
0.8,0.05,4,8.0,401,0.04,1.6316719146574874e-15,4.65881077013676e-16,1.9759073745566662,1.0
0.8,0.1,0,8.0,401,0.04,6.385584424524903e-16,1.017924173460775e-15,2.556390904187318,1.0
0.8,0.1,1,8.0,401,0.04,7.344540245743018e-16,7.222576553558668e-16,2.003787094037118,1.0
0.8,0.1,2,8.0,401,0.04,7.96085631007118e-16,4.212099509995187e-16,1.437584272842588,1.0
0.8,0.1,3,8.0,401,0.04,9.287408287541023e-16,4.454349555236046e-16,1.5266013590733827,1.0
0.8,0.1,4,8.0,401,0.04,9.051612740472101e-16,4.371562823384811e-16,1.4962596946125701,1.0
0.8,0.2,0,8.0,401,0.04,6.929937637317333e-16,3.3062661481217816e-16,1.5191595005014993,1.0
0.8,0.2,1,8.0,401,0.04,6.469339789937797e-16,3.9673065482810866e-16,1.4498476483145455,1.0
0.8,0.2,2,8.0,401,0.04,5.267571371712102e-16,6.492216985263198e-16,1.6582365587231345,1.0
0.8,0.2,3,8.0,401,0.04,4.677042793627689e-16,3.5816523257618324e-16,1.5853552181385677,1.0
0.8,0.2,4,8.0,401,0.04,5.3506869930855e-16,4.52117442365644e-16,1.6612732113319704,1.0
0.8,0.4,0,8.0,401,0.04,3.2983910247748977e-16,6.090679380602864e-16,1.711006442602125,1.0
0.8,0.4,1,8.0,401,0.04,3.894002147197828e-16,7.148316626965135e-16,1.1833924514615353,1.0
0.8,0.4,2,8.0,401,0.04,3.793361815661609e-16,7.513297832559576e-16,1.2451776286486549,1.0
0.8,0.4,3,8.0,401,0.04,4.1062904825853497e-16,4.881177226299205e-16,1.462129734798439,1.0
0.8,0.4,4,8.0,401,0.04,4.971701264380522e-16,5.1611743364896315e-16,1.2746797991966279,1.0
0.8,0.8,0,8.0,401,0.04,2.521246046462223e-16,3.8857330915847466e-16,1.1945909151946565,1.0
0.8,0.8,1,8.0,401,0.04,3.1766412278914564e-16,6.354799793400379e-16,1.3512766471299134,1.0
0.8,0.8,2,8.0,401,0.04,3.5138961917373515e-16,5.79690815923134e-16,1.1975650633996096,1.0
0.8,0.8,3,8.0,401,0.04,3.465472229168421e-16,5.747355267692284e-16,1.2095729634851422,1.0
0.8,0.8,4,8.0,401,0.04,3.5822959663928814e-16,4.178825200076837e-16,1.181286797540065,1.0
0.8,1.6,0,8.0,401,0.04,4.093276351407566e-16,5.6770076227300906e-15,0.7725360021715331,1.0
0.8,1.6,1,8.0,401,0.04,1.7878101403872335e-14,2.1955758383399593e-13,0.017288876628741255,1.0
0.8,1.6,2,8.0,401,0.04,5.26154271115185e-16,6.575157497079308e-15,0.6026989397147662,1.0
0.8,1.6,3,8.0,401,0.04,5.415263000966669e-15,5.154013781301819e-14,0.049882712308469954,1.0
0.8,1.6,4,8.0,401,0.04,2.354186263053203e-14,2.0320353920609188e-13,0.008360680496356741,1.0
0.8,2.4,0,8.0,401,0.04,3.2336040660888114e-15,2.752785983271154e-13,0.08429958715107401,1.0
0.8,2.4,1,8.0,401,0.04,4.8086158776997396e-15,3.6302436048066264e-13,0.06954086880160035,1.0
0.8,2.4,2,8.0,401,0.04,1.6692846342490154e-15,1.4626184181014997e-13,0.18393559540004742,1.0
0.8,2.4,3,8.0,401,0.04,4.79284645082135e-15,3.060318979996284e-13,0.06548569653348817,1.0
0.8,2.4,4,8.0,401,0.04,1.509437077995901e-15,1.889400701933002e-13,0.2428867460444268,1.0
0.8,0.005,0,8.0,801,0.02,5.700141662964834e-15,5.952700816165377e-16,4.718854143800914,1.0
0.8,0.005,1,8.0,801,0.02,4.487943416655687e-15,8.267145429548905e-16,6.368728078643201,1.0
0.8,0.005,2,8.0,801,0.02,8.032536518413464e-15,6.020027327591766e-16,3.64496990556547,1.0
0.8,0.005,3,8.0,801,0.02,9.069911403197496e-15,6.871157114282091e-16,4.033130694532557,1.0
0.8,0.005,4,8.0,801,0.02,6.061659846927687e-15,7.819500532759484e-16,6.636718809496818,1.0
0.8,0.01,0,8.0,801,0.02,4.688592350773021e-15,9.118458066119718e-16,3.6241636607680157,1.0
0.8,0.01,1,8.0,801,0.02,4.2195870174596385e-15,7.204151687158563e-16,4.283173128335169,1.0
0.8,0.01,2,8.0,801,0.02,4.092721692580728e-15,6.326992312693702e-16,3.3793744991073043,1.0
0.8,0.01,3,8.0,801,0.02,4.340985623072481e-15,6.414600030800585e-16,3.665008706085859,1.0
0.8,0.01,4,8.0,801,0.02,3.4336418143036736e-15,6.048687327395852e-16,4.149011571084223,1.0
0.8,0.02,0,8.0,801,0.02,3.18573012784303e-15,4.322048140889447e-16,2.1754682901042366,1.0
0.8,0.02,1,8.0,801,0.02,2.742380689236705e-15,3.384959646011588e-16,2.3636004316468444,1.0
0.8,0.02,2,8.0,801,0.02,2.450935568660817e-15,5.282532072565532e-16,3.717554363008286,1.0
0.8,0.02,3,8.0,801,0.02,1.0758448615401906e-15,1.0019615588045852e-15,6.0008680061519,1.0
0.8,0.02,4,8.0,801,0.02,1.5668863344944383e-15,9.153486416208209e-16,5.37880736148341,1.0
0.8,0.05,0,8.0,801,0.02,1.2695596526365117e-15,5.2514692918163e-16,2.5813132313460483,1.0
0.8,0.05,1,8.0,801,0.02,1.743284805385128e-15,3.581130350083627e-16,2.14841506225309,1.0
0.8,0.05,2,8.0,801,0.02,1.540850842189282e-15,6.376407807648974e-16,2.2345510069834247,1.0
0.8,0.05,3,8.0,801,0.02,1.3319250688102676e-15,1.1023870740889884e-15,2.9364017031904557,1.0
0.8,0.05,4,8.0,801,0.02,1.559245048620671e-15,4.333621912030993e-16,2.0237536551997177,1.0
0.8,0.1,0,8.0,801,0.02,6.540025941812803e-16,1.0281582668953705e-15,2.5065491390152745,1.0
0.8,0.1,1,8.0,801,0.02,4.82339136428964e-16,6.037841673703779e-16,3.1160656623382637,1.0
0.8,0.1,2,8.0,801,0.02,9.064174824268056e-16,3.40977703541732e-16,1.2910944051201594,1.0
0.8,0.1,3,8.0,801,0.02,7.557900263264419e-16,3.935641766664467e-16,1.8886262182619926,1.0
0.8,0.1,4,8.0,801,0.02,6.07976802211449e-16,3.994532603866305e-16,2.2514396010423683,1.0
0.8,0.2,0,8.0,801,0.02,4.849838344860004e-16,3.6643294410503847e-16,2.1448591830941304,1.0
0.8,0.2,1,8.0,801,0.02,5.148599632975939e-16,4.392911843999129e-16,1.8233902188064646,1.0
0.8,0.2,2,8.0,801,0.02,5.060543901761444e-16,6.830924562449396e-16,1.7591909349172832,1.0
0.8,0.2,3,8.0,801,0.02,5.565344236320259e-16,3.905044906819972e-16,1.4421600775151808,1.0
0.8,0.2,4,8.0,801,0.02,4.789517362558844e-16,4.357464557999312e-16,1.8508295369534253,1.0
0.8,0.4,0,8.0,801,0.02,3.455017919637448e-16,5.406055350135075e-16,1.6762295298318075,1.0
0.8,0.4,1,8.0,801,0.02,3.399422028131647e-16,7.331042603575061e-16,1.4280222189047633,1.0
0.8,0.4,2,8.0,801,0.02,4.3679903012965614e-16,5.957490039855018e-16,1.0656823961527513,1.0
0.8,0.4,3,8.0,801,0.02,3.9434300156138846e-16,4.518137436515573e-16,1.515164755759785,1.0
0.8,0.4,4,8.0,801,0.02,4.489469885434262e-16,5.058962743508035e-16,1.3885807862652295,1.0
0.8,0.8,0,8.0,801,0.02,2.7472496286339533e-16,3.1482633420119146e-16,1.071254753803051,1.0
0.8,0.8,1,8.0,801,0.02,3.2827740637571387e-16,5.593049217270497e-16,1.2919558093509351,1.0
0.8,0.8,2,8.0,801,0.02,3.161156111986052e-16,5.539180811037879e-16,1.297864093525831,1.0
0.8,0.8,3,8.0,801,0.02,3.6119300959995647e-16,5.206547896128499e-16,1.1654537512131364,1.0
0.8,0.8,4,8.0,801,0.02,3.022890551460742e-16,6.002814110541541e-16,1.3824015311737827,1.0
0.8,1.6,0,8.0,801,0.02,4.0737617641328984e-16,5.635928861422913e-15,0.7178922683924106,1.0
0.8,1.6,1,8.0,801,0.02,1.779916211624144e-14,2.182043754052033e-13,0.01949664238335566,1.0
0.8,1.6,2,8.0,801,0.02,5.383076434799863e-16,6.818269873039179e-15,0.5761185820441089,1.0
0.8,1.6,3,8.0,801,0.02,5.329410620020511e-15,5.0910903729612613e-14,0.05679099006224496,1.0
0.8,1.6,4,8.0,801,0.02,2.338299654857463e-14,2.019606150447078e-13,0.009742455028585329,1.0
0.8,2.4,0,8.0,801,0.02,3.200197031997137e-15,2.7227051972179546e-13,0.08614610636248422,1.0
0.8,2.4,1,8.0,801,0.02,4.7952025518124086e-15,3.616532362390731e-13,0.06827591810986527,1.0
0.8,2.4,2,8.0,801,0.02,1.6570388411694593e-15,1.451805704661835e-13,0.18850677278095135,1.0
0.8,2.4,3,8.0,801,0.02,4.75851124682735e-15,3.0308556191459527e-13,0.06450241184860121,1.0
0.8,2.4,4,8.0,801,0.02,1.4722142709982567e-15,1.8500347788359953e-13,0.23997015382514542,1.0
0.95,0.005,0,8.0,101,0.16,0.018403174399506138,0.0006036371717130044,2.0737297585612145e-12,0.0
0.95,0.005,1,8.0,101,0.16,0.01774843491772043,0.0007760341168228836,2.6740891746782977e-12,0.0
0.95,0.005,2,8.0,101,0.16,0.012029615379415071,0.0008208186454850313,4.602233588364495e-12,0.0
0.95,0.005,3,8.0,101,0.16,0.0166072454642272,0.0016357005175914258,2.4854614588308407e-12,0.0
0.95,0.005,4,8.0,101,0.16,0.017953237610492362,0.0008597833776360246,3.1554546848216075e-12,0.0
0.95,0.01,0,8.0,101,0.16,0.00011826157940687656,8.69089158031535e-06,2.3076724087226038e-10,0.0
0.95,0.01,1,8.0,101,0.16,0.00013805293255896202,4.11684830284917e-06,1.724892315979082e-10,0.0
0.95,0.01,2,8.0,101,0.16,0.00014243635721201077,1.3236960892090956e-05,2.3253525328315907e-10,0.0
0.95,0.01,3,8.0,101,0.16,9.584428261104729e-05,7.039412861373875e-06,2.6145429071661044e-10,0.0
0.95,0.01,4,8.0,101,0.16,0.00010124074001403426,6.399308245066355e-06,2.550463400089697e-10,0.0
0.95,0.02,0,8.0,101,0.16,3.971381516164761e-08,4.9925745746386255e-09,4.134290222080743e-07,0.0
0.95,0.02,1,8.0,101,0.16,3.300160617470107e-08,9.250881613074096e-09,5.095284131481488e-07,0.0
0.95,0.02,2,8.0,101,0.16,3.901983138630578e-08,5.159559704307991e-09,2.6640238949116634e-07,0.0
0.95,0.02,3,8.0,101,0.16,2.796567802113679e-08,5.467856208433798e-09,4.828317608778785e-07,0.0
0.95,0.02,4,8.0,101,0.16,3.474435827577023e-08,6.037576351270949e-09,3.4948213784041915e-07,0.0
0.95,0.05,0,8.0,101,0.16,3.5049355860280294e-15,1.6944526184357861e-15,1.1601430032951412,0.0
0.95,0.05,1,8.0,101,0.16,4.1026176930081775e-15,3.5695991606607195e-15,1.493919959635529,0.0
0.95,0.05,2,8.0,101,0.16,2.8222831091966446e-15,4.251675185228113e-15,2.2504108955983195,0.0
0.95,0.05,3,8.0,101,0.16,4.531004433416799e-15,1.5775357587368792e-15,1.1553090402537398,0.0
0.95,0.05,4,8.0,101,0.16,4.558180968572504e-15,5.821434893143327e-16,0.9647763336031278,0.0
0.95,0.1,0,8.0,101,0.16,1.175705927087611e-15,2.0907248025195118e-15,2.295018334094326,0.0
0.95,0.1,1,8.0,101,0.16,1.495770905875254e-15,1.4257931056809714e-15,1.301049034176745,0.0
0.95,0.1,2,8.0,101,0.16,1.9134825781769547e-15,1.115926870838238e-15,1.3062394867284681,0.0
0.95,0.1,3,8.0,101,0.16,2.1206908151803466e-15,8.354727429199418e-16,0.9414580545596833,0.0
0.95,0.1,4,8.0,101,0.16,3.3752110153324454e-15,7.001481617797102e-16,0.8654799361399312,0.0
0.95,0.2,0,8.0,101,0.16,1.3261165799324666e-15,9.363203070928142e-16,0.9951184107673282,1.0
0.95,0.2,1,8.0,101,0.16,1.7908617031851144e-15,1.2877345298257516e-15,0.7476470001753633,1.0
0.95,0.2,2,8.0,101,0.16,9.972433877292613e-16,6.7829679681913305e-16,0.843108676220904,1.0
0.95,0.2,3,8.0,101,0.16,1.5210237161346742e-15,1.7232037376331577e-15,0.8522005783842963,1.0
0.95,0.2,4,8.0,101,0.16,1.6314749369219663e-15,7.230912011150546e-16,1.0792919998671102,1.0
0.95,0.4,0,8.0,101,0.16,4.731778321783148e-16,3.5244434610349805e-16,1.1278826890136129,1.0
0.95,0.4,1,8.0,101,0.16,9.494357111842044e-16,1.7894380557596337e-15,0.6645756374512062,1.0
0.95,0.4,2,8.0,101,0.16,5.428785320286312e-16,4.2516044826988595e-16,1.4407844626377226,1.0
0.95,0.4,3,8.0,101,0.16,8.82356940255797e-16,1.2930739606342722e-15,0.581609355892082,1.0
0.95,0.4,4,8.0,101,0.16,5.146201407455843e-16,1.8381469242865947e-15,0.9037502913172608,1.0
0.95,0.8,0,8.0,101,0.16,2.8431251315449533e-16,3.0323380849203317e-16,0.9873066984216293,1.0
0.95,0.8,1,8.0,101,0.16,1.9268757920593457e-15,4.412499065451321e-15,0.12071969891256874,1.0
0.95,0.8,2,8.0,101,0.16,2.068296993358068e-15,1.872078014727625e-15,0.17355463532630944,1.0
0.95,0.8,3,8.0,101,0.16,7.450226935052622e-16,5.97449889562501e-16,0.7474349468972178,1.0
0.95,0.8,4,8.0,101,0.16,5.778233518384378e-16,1.29812201623707e-15,0.6389959226202856,1.0
0.95,1.6,0,8.0,101,0.16,2.7227216914823053e-16,2.0225328386171695e-15,0.9390071258004636,1.0
0.95,1.6,1,8.0,101,0.16,3.625273195217402e-16,1.7725234605251954e-15,1.0660094430149718,1.0
0.95,1.6,2,8.0,101,0.16,7.407951533022414e-16,4.218868672596121e-15,0.3912723564613868,1.0
0.95,1.6,3,8.0,101,0.16,3.2477081484027376e-16,2.4506184265511856e-15,0.7718148848458124,1.0
0.95,1.6,4,8.0,101,0.16,2.3252949633537545e-16,5.599595129773014e-16,0.9231293297810074,1.0
0.95,2.4,0,8.0,101,0.16,5.744062010722194e-15,1.7803502713278575e-13,0.042620795726298656,1.0
0.95,2.4,1,8.0,101,0.16,3.97788552487527e-16,3.4385810739245766e-14,0.44833889670990124,1.0
0.95,2.4,2,8.0,101,0.16,2.0844494160232535e-15,9.051217811845723e-14,0.1108686153046045,1.0
0.95,2.4,3,8.0,101,0.16,5.598893907603032e-14,9.444865394554174e-13,0.004912008906582981,1.0
0.95,2.4,4,8.0,101,0.16,1.0261172037046064e-14,2.698492699111849e-13,0.022943344313623427,1.0
0.95,0.005,0,8.0,201,0.08,8.362482813091451e-11,2.7437000179896606e-12,0.00045612688692700927,0.0
0.95,0.005,1,8.0,201,0.08,9.379292366618093e-11,4.100404652126489e-12,0.0005061045361980667,0.0
0.95,0.005,2,8.0,201,0.08,6.742416101045657e-11,4.599639709362954e-12,0.0008246417273263201,0.0
0.95,0.005,3,8.0,201,0.08,1.0069212143395135e-10,9.917608241312197e-12,0.00041012177842036137,0.0
0.95,0.005,4,8.0,201,0.08,9.484540286354953e-11,4.542395683065567e-12,0.0005981484854197687,0.0
0.95,0.01,0,8.0,201,0.08,7.075558800840005e-15,2.0572632705720705e-15,3.837424120850443,0.0
0.95,0.01,1,8.0,201,0.08,7.293503318383665e-15,6.779576290562183e-16,3.305466570197413,0.0
0.95,0.01,2,8.0,201,0.08,4.9635949604190506e-15,3.0384320043471628e-15,6.679781633034292,0.0
0.95,0.01,3,8.0,201,0.08,5.092456488151283e-15,1.7034043760715648e-15,4.911432116730545,0.0
0.95,0.01,4,8.0,201,0.08,6.430501582823232e-15,1.614943211168565e-15,3.9999500962494428,0.0
0.95,0.02,0,8.0,201,0.08,4.5458867041775715e-15,1.891342990865508e-15,3.5942010272617764,0.0
0.95,0.02,1,8.0,201,0.08,4.3859631405413694e-15,4.721498868749482e-15,3.819585674889715,0.0
0.95,0.02,2,8.0,201,0.08,4.988463853532359e-15,1.1288662043404993e-15,2.0944634906518593,0.0
0.95,0.02,3,8.0,201,0.08,4.417577673680976e-15,2.2687215872845534e-15,3.040388481454551,0.0
0.95,0.02,4,8.0,201,0.08,2.3640696384292772e-15,2.0782947322866747e-15,5.1667846422648305,0.0
0.95,0.05,0,8.0,201,0.08,2.2102850217810227e-15,1.1895861946646388e-15,1.8393434650872904,1.0
0.95,0.05,1,8.0,201,0.08,2.273027114874369e-15,2.9727283356413774e-15,2.712184831317915,1.0
0.95,0.05,2,8.0,201,0.08,2.2219004809194726e-15,3.858274840456356e-15,2.865072632095956,1.0
0.95,0.05,3,8.0,201,0.08,1.8956981523608386e-15,1.3433653141422542e-15,2.776382725154553,1.0
0.95,0.05,4,8.0,201,0.08,3.154895789038823e-15,4.637300281194354e-16,1.3945594238839396,1.0
0.95,0.1,0,8.0,201,0.08,1.2208729812227874e-15,2.141881945060043e-15,2.2206543732378328,1.0
0.95,0.1,1,8.0,201,0.08,1.4632504343160753e-15,1.4378854084093302e-15,1.3122877169125802,1.0
0.95,0.1,2,8.0,201,0.08,1.795378145689732e-15,1.1879634159386662e-15,1.4087814155600293,1.0
0.95,0.1,3,8.0,201,0.08,1.9341838900702046e-15,7.391264024907823e-16,1.038243404388495,1.0
0.95,0.1,4,8.0,201,0.08,3.1550478430562983e-15,7.034528376342278e-16,0.9080486630104837,1.0
0.95,0.2,0,8.0,201,0.08,1.3990708798159103e-15,9.927234002564102e-16,0.9502078107614522,1.0
0.95,0.2,1,8.0,201,0.08,1.7807000935192366e-15,1.301878689531346e-15,0.7364565090714691,1.0
0.95,0.2,2,8.0,201,0.08,1.0629046300539702e-15,7.409896675113014e-16,0.8332954668408263,1.0
0.95,0.2,3,8.0,201,0.08,1.417820617921442e-15,1.650743963829377e-15,0.8978259270051556,1.0
0.95,0.2,4,8.0,201,0.08,1.6631396527176088e-15,7.14068128152521e-16,1.0285443213116183,1.0
0.95,0.4,0,8.0,201,0.08,4.728335735376197e-16,4.2501798884711526e-16,1.0785690894537885,1.0
0.95,0.4,1,8.0,201,0.08,9.649154179797613e-16,1.6948038049580116e-15,0.6596580404644758,1.0
0.95,0.4,2,8.0,201,0.08,6.396776174231634e-16,5.847037054962052e-16,1.2789590574693093,1.0
0.95,0.4,3,8.0,201,0.08,8.415810021937486e-16,1.252188493107752e-15,0.5892863019979442,1.0
0.95,0.4,4,8.0,201,0.08,5.137992645779359e-16,1.7664198422023997e-15,0.8953004195022042,1.0
0.95,0.8,0,8.0,201,0.08,2.975565354923973e-16,3.182172374635299e-16,0.9621604337017204,1.0
0.95,0.8,1,8.0,201,0.08,1.8630799004937093e-15,4.269571308815506e-15,0.1252619706116206,1.0
0.95,0.8,2,8.0,201,0.08,2.021436843538636e-15,1.8108064466980375e-15,0.17866258852665468,1.0
0.95,0.8,3,8.0,201,0.08,7.179598471484626e-16,5.596557249230889e-16,0.7640592885477783,1.0
0.95,0.8,4,8.0,201,0.08,5.713867800273822e-16,1.3985508845264474e-15,0.6274555167400031,1.0
0.95,1.6,0,8.0,201,0.08,2.6874865639116964e-16,1.4648751131775403e-15,0.9707811697759429,1.0
0.95,1.6,1,8.0,201,0.08,3.7892354806708677e-16,2.409798915936645e-15,1.0259593718688629,1.0
0.95,1.6,2,8.0,201,0.08,7.459382729994041e-16,4.308800549141814e-15,0.38529183965642766,1.0
0.95,1.6,3,8.0,201,0.08,3.1832554642018156e-16,2.3508426026810338e-15,0.7836219799847889,1.0
0.95,1.6,4,8.0,201,0.08,2.250183311617092e-16,4.146511567207681e-16,0.9696537345758064,1.0
0.95,2.4,0,8.0,201,0.08,5.108226857415763e-15,1.5860839236856688e-13,0.04627272518960758,1.0
0.95,2.4,1,8.0,201,0.08,3.859770445709629e-16,3.258673512490968e-14,0.4635962724760688,1.0
0.95,2.4,2,8.0,201,0.08,1.855818449328729e-15,8.02910901465531e-14,0.13242964981908412,1.0
0.95,2.4,3,8.0,201,0.08,5.044278758832511e-14,8.50560629061983e-13,0.005209840146696071,1.0
0.95,2.4,4,8.0,201,0.08,9.215634037494331e-15,2.4171577242846475e-13,0.025913205127060215,1.0
0.95,0.005,0,8.0,401,0.04,7.677957079395155e-15,1.1802486403360512e-15,4.944908713215653,0.0
0.95,0.005,1,8.0,401,0.04,9.688493449085997e-15,1.8880338304615997e-15,4.8789668708716425,0.0
0.95,0.005,2,8.0,401,0.04,8.082840550068102e-15,3.7458657256350625e-15,6.850473119880056,0.0
0.95,0.005,3,8.0,401,0.04,8.852445215016084e-15,3.7350006999902805e-15,4.667456689851208,0.0
0.95,0.005,4,8.0,401,0.04,9.270327713672542e-15,2.5239024466806155e-15,6.1048117897601095,0.0
0.95,0.01,0,8.0,401,0.04,7.02321448804897e-15,2.0617559460457595e-15,3.867893370934236,1.0
0.95,0.01,1,8.0,401,0.04,8.27489929616723e-15,6.624599996591257e-16,2.9258727668550044,1.0
0.95,0.01,2,8.0,401,0.04,4.95873159064487e-15,3.0045943692041022e-15,6.682088325890992,1.0
0.95,0.01,3,8.0,401,0.04,5.099274555170628e-15,1.7475661796018365e-15,4.901896446491498,1.0
0.95,0.01,4,8.0,401,0.04,5.611496521202798e-15,1.5528208314211701e-15,4.585551954639272,1.0
0.95,0.02,0,8.0,401,0.04,4.7474127410411164e-15,1.8585954817487925e-15,3.4315986170862245,1.0
0.95,0.02,1,8.0,401,0.04,4.62868600464743e-15,4.6338262549894905e-15,3.6218215589486236,1.0
0.95,0.02,2,8.0,401,0.04,4.7198690161687685e-15,1.12777878105299e-15,2.205997427613791,1.0
0.95,0.02,3,8.0,401,0.04,4.246318764933147e-15,2.28902316663992e-15,3.1612024650114328,1.0
0.95,0.02,4,8.0,401,0.04,2.0818008591334034e-15,2.0657915754378735e-15,5.875185236265201,1.0
0.95,0.05,0,8.0,401,0.04,2.1818216415791565e-15,1.1804284512792427e-15,1.8647828335148584,1.0
0.95,0.05,1,8.0,401,0.04,2.0208938911445923e-15,2.865404938855772e-15,3.042452035631274,1.0
0.95,0.05,2,8.0,401,0.04,2.1098925201445524e-15,3.958348232100131e-15,3.0221242924875424,1.0
0.95,0.05,3,8.0,401,0.04,1.7394249442182247e-15,1.3495835640477797e-15,3.035030058642946,1.0
0.95,0.05,4,8.0,401,0.04,2.271967771045731e-15,4.575429343150624e-16,1.9007491612702452,1.0
0.95,0.1,0,8.0,401,0.04,1.106123138143676e-15,2.0144508076704264e-15,2.453995458042642,1.0
0.95,0.1,1,8.0,401,0.04,1.3355674476805647e-15,1.3471098601028662e-15,1.4065647226077407,1.0
0.95,0.1,2,8.0,401,0.04,1.3238875836965203e-15,9.671609852244455e-16,1.8821411169009064,1.0
0.95,0.1,3,8.0,401,0.04,1.6022229979990252e-15,5.960820957752978e-16,1.2305083417028246,1.0
0.95,0.1,4,8.0,401,0.04,1.9790218812394504e-15,5.975307009298477e-16,1.4399296875511032,1.0
0.95,0.2,0,8.0,401,0.04,1.1149987733996081e-15,7.272373264554547e-16,1.1932494964286595,1.0
0.95,0.2,1,8.0,401,0.04,8.814777293611444e-16,8.891795330443484e-16,1.4850670033287148,1.0
0.95,0.2,2,8.0,401,0.04,7.021483057343531e-16,4.975586677825646e-16,1.1653651080101666,1.0
0.95,0.2,3,8.0,401,0.04,8.528286555223362e-16,1.1606918420588394e-15,1.4890861285780637,1.0
0.95,0.2,4,8.0,401,0.04,1.2699836476131338e-15,6.704915351245566e-16,1.3795627690676437,1.0
0.95,0.4,0,8.0,401,0.04,5.672849957759934e-16,4.535869694543017e-16,0.9482602407566014,1.0
0.95,0.4,1,8.0,401,0.04,5.256603581323176e-16,8.082954900667544e-16,1.2338378832012895,1.0
0.95,0.4,2,8.0,401,0.04,7.234506337249311e-16,7.151324801000035e-16,1.1679999455112742,1.0
0.95,0.4,3,8.0,401,0.04,4.744177757013583e-16,6.771952166930657e-16,1.0168122561804323,1.0
0.95,0.4,4,8.0,401,0.04,5.859239285752561e-16,2.051678186783517e-15,0.748959258994991,1.0
0.95,0.8,0,8.0,401,0.04,3.2933426732992064e-16,3.520779920832432e-16,0.9117253471380535,1.0
0.95,0.8,1,8.0,401,0.04,2.547242042593955e-16,4.44671780989615e-16,0.9423692622084097,1.0
0.95,0.8,2,8.0,401,0.04,4.0843225355213145e-16,1.9905451394928683e-16,0.882748273019858,1.0
0.95,0.8,3,8.0,401,0.04,5.209966078633091e-16,2.757503300026269e-16,1.0306272732143387,1.0
0.95,0.8,4,8.0,401,0.04,4.50987780650385e-16,1.2496773652173262e-15,0.8213708345437999,1.0
0.95,1.6,0,8.0,401,0.04,2.891132018528953e-16,2.8511034960633367e-15,0.9745689338280683,1.0
0.95,1.6,1,8.0,401,0.04,3.7989294397842977e-16,2.5790397570220775e-15,1.0528295416684696,1.0
0.95,1.6,2,8.0,401,0.04,3.0074675980554534e-16,7.865488996886651e-16,0.9541079896008687,1.0
0.95,1.6,3,8.0,401,0.04,2.418729241139166e-16,2.5116810186784478e-15,1.0404952800487661,1.0
0.95,1.6,4,8.0,401,0.04,2.3128371776997074e-16,1.0142486769740095e-15,1.0351451880288325,1.0
0.95,2.4,0,8.0,401,0.04,5.193385775895139e-15,1.6058329384169072e-13,0.05094317019142461,1.0
0.95,2.4,1,8.0,401,0.04,3.180286036946205e-16,2.1153456545776465e-14,0.6624179195096036,1.0
0.95,2.4,2,8.0,401,0.04,1.9947064346828226e-15,8.719428068220719e-14,0.11979271588393968,1.0
0.95,2.4,3,8.0,401,0.04,4.9037080096182346e-14,8.272851037119819e-13,0.005409479053187155,1.0
0.95,2.4,4,8.0,401,0.04,9.17128580544386e-15,2.4023502314993165e-13,0.02799723740792723,1.0
0.95,0.005,0,8.0,801,0.02,7.427939850690362e-15,1.1993020138250868e-15,5.109741726766949,1.0
0.95,0.005,1,8.0,801,0.02,7.373148440817579e-15,1.9381942021168243e-15,6.407723579286349,1.0
0.95,0.005,2,8.0,801,0.02,7.605156563203987e-15,3.7603729029936974e-15,7.298753961529412,1.0
0.95,0.005,3,8.0,801,0.02,7.92335618198734e-15,3.710658153262906e-15,5.212677908011598,1.0
0.95,0.005,4,8.0,801,0.02,8.858832921181573e-15,2.564443473755254e-15,6.416895742808974,1.0
0.95,0.01,0,8.0,801,0.02,6.240734860074073e-15,1.9808440209185533e-15,4.353902426532305,1.0
0.95,0.01,1,8.0,801,0.02,8.182103388882051e-15,6.711346958068326e-16,2.9543890921609446,1.0
0.95,0.01,2,8.0,801,0.02,4.87543771973354e-15,2.9929870276425064e-15,6.792198571246165,1.0
0.95,0.01,3,8.0,801,0.02,5.759815599132354e-15,1.7132461382699133e-15,4.340566882108752,1.0
0.95,0.01,4,8.0,801,0.02,5.775004058069986e-15,1.6068143794382728e-15,4.453742592880318,1.0
0.95,0.02,0,8.0,801,0.02,4.394577171381145e-15,1.8950469272836475e-15,3.712060559265715,1.0
0.95,0.02,1,8.0,801,0.02,4.194475290061132e-15,4.630302235476926e-15,3.9974953648848857,1.0
0.95,0.02,2,8.0,801,0.02,4.669432873932583e-15,1.1777263069033898e-15,2.2317884780477093,1.0
0.95,0.02,3,8.0,801,0.02,4.010148218424438e-15,2.3049254505760114e-15,3.34803179773006,1.0
0.95,0.02,4,8.0,801,0.02,2.063107930992048e-15,2.057647866583864e-15,5.92348023077801,1.0
0.95,0.05,0,8.0,801,0.02,2.0040592797421957e-15,1.1665659526460344e-15,2.027592721124275,1.0
0.95,0.05,1,8.0,801,0.02,1.889000825570412e-15,2.8011463651625977e-15,3.2538607488699447,1.0
0.95,0.05,2,8.0,801,0.02,1.9513497513811835e-15,3.95588906165417e-15,3.2653076915649266,1.0
0.95,0.05,3,8.0,801,0.02,1.5957434893293477e-15,1.2941349076743642e-15,3.3115884613494746,1.0
0.95,0.05,4,8.0,801,0.02,1.7733661862840216e-15,4.0657110682195755e-16,2.432508682035985,1.0
0.95,0.1,0,8.0,801,0.02,9.472060151411808e-16,2.0617556090510455e-15,2.8855859849716756,1.0
0.95,0.1,1,8.0,801,0.02,1.1379878944478159e-15,1.146205912132106e-15,1.681186980210467,1.0
0.95,0.1,2,8.0,801,0.02,1.3079239637727395e-15,9.295230928712748e-16,1.8922078866559449,1.0
0.95,0.1,3,8.0,801,0.02,1.2778260987265975e-15,5.035234932374717e-16,1.582092729578846,1.0
0.95,0.1,4,8.0,801,0.02,1.6503271634997002e-15,6.732577673655072e-16,1.759839943496347,1.0
0.95,0.2,0,8.0,801,0.02,9.136216934347853e-16,5.752692719428536e-16,1.4458346574845153,1.0
0.95,0.2,1,8.0,801,0.02,7.991197998165783e-16,7.652099175244616e-16,1.6566776474914295,1.0
0.95,0.2,2,8.0,801,0.02,6.470884351556279e-16,5.129276819677968e-16,1.317201491850089,1.0
0.95,0.2,3,8.0,801,0.02,7.410592061372005e-16,9.836565509299135e-16,1.7615218697851143,1.0
0.95,0.2,4,8.0,801,0.02,1.0908089570530869e-15,6.416250327616998e-16,1.5748024288012745,1.0
0.95,0.4,0,8.0,801,0.02,4.381119669229502e-16,3.487729507144391e-16,1.1224848244918892,1.0
0.95,0.4,1,8.0,801,0.02,4.83425642014286e-16,8.742888167027309e-16,1.3312927053196966,1.0
0.95,0.4,2,8.0,801,0.02,5.834199316891765e-16,4.485879976656011e-16,1.3871105769277314,1.0
0.95,0.4,3,8.0,801,0.02,4.115476433576989e-16,5.377085032176047e-16,1.2217751892510658,1.0
0.95,0.4,4,8.0,801,0.02,3.599078619427344e-16,1.3114659759767572e-15,1.2044132680979234,1.0
0.95,0.8,0,8.0,801,0.02,3.181223721645852e-16,2.620535700896655e-16,0.9369631169412782,1.0
0.95,0.8,1,8.0,801,0.02,2.4991097143000216e-16,2.238776139989486e-16,0.9712794383725484,1.0
0.95,0.8,2,8.0,801,0.02,3.794442339306971e-16,2.0026458293046598e-16,1.0086960296494487,1.0
0.95,0.8,3,8.0,801,0.02,5.527171795596766e-16,1.829982131655935e-16,0.9851603219564833,1.0
0.95,0.8,4,8.0,801,0.02,3.48485257619339e-16,7.998227839909156e-16,0.9393730564428118,1.0
0.95,1.6,0,8.0,801,0.02,2.614551342280781e-16,1.5239789223574847e-15,0.9976420655836948,1.0
0.95,1.6,1,8.0,801,0.02,3.613781067812507e-16,1.958533067225839e-15,1.062722131398979,1.0
0.95,1.6,2,8.0,801,0.02,3.0813567608294155e-16,2.919654454562667e-16,1.0128879788153478,1.0
0.95,1.6,3,8.0,801,0.02,2.3365523038592915e-16,1.2748061885192438e-15,1.1056552553713226,1.0
0.95,1.6,4,8.0,801,0.02,2.2825919622057434e-16,8.659015024363105e-16,1.0287769571495182,1.0
0.95,2.4,0,8.0,801,0.02,5.105686434520217e-15,1.580217233003171e-13,0.04511771064871544,1.0
0.95,2.4,1,8.0,801,0.02,3.2487981917189144e-16,2.3673289655372513e-14,0.6540197717768006,1.0
0.95,2.4,2,8.0,801,0.02,1.9405718810885436e-15,8.462528385986121e-14,0.12304712806960513,1.0
0.95,2.4,3,8.0,801,0.02,4.867838108287915e-14,8.209630686150239e-13,0.004792775116926176,1.0
0.95,2.4,4,8.0,801,0.02,9.026827270278987e-15,2.373497778409899e-13,0.02655127569254551,1.0
