init,family,rho,t,excess_kurtosis,invariant_iters,posterior_mean_mse_median,posterior_mean_rel_median,score_mse_median,score_rel_median,score_cosine_median,score_max_abs_median
invariant,laplace,0.5,0.02,3.0,19,0.0010713503543872886,0.033324925459904224,0.6695046994377374,0.5393308923973987,0.8447681325790746,1.8930220131817335
invariant,laplace,0.5,0.05,3.0,19,0.0033110830033736124,0.06670644205581056,0.33083251466081054,0.4204588326473433,0.9087698704323919,1.5321739321246135
invariant,laplace,0.5,0.1,3.0,19,0.005633229986368381,0.09277421393542525,0.14036225121048768,0.3002721829866515,0.9557268802713201,0.7788655153834262
invariant,laplace,0.5,0.2,3.0,19,0.00896815450004117,0.13149651762031833,0.055309560437624514,0.20796478769792276,0.9784146008703634,0.5865168652889796
invariant,laplace,0.5,0.4,3.0,19,0.004610636343747229,0.12066642432761224,0.006831889219295477,0.08370591710304598,0.9972765372963306,0.17659204387529126
invariant,laplace,0.5,0.8,3.0,19,0.001569628672393411,0.08281529909195837,0.0004975163311299368,0.022589879263272033,0.9997822104326284,0.05702165491553457
invariant,laplace,0.5,1.6,3.0,19,3.428175851686033e-05,0.027772876217222194,1.518686681044746e-06,0.0014102716863148893,0.9999992741898567,0.0022524411724533927
invariant,laplace,0.5,2.4,3.0,19,3.519735011376655e-07,0.005995496698820108,2.9449254086255494e-09,6.113688652840618e-05,0.9999999986954722,9.751388534962047e-05
invariant,student_t_nu5,0.5,0.02,6.0,21,0.00023890218304304124,0.01659581133354464,0.1492939574792269,0.28294058017964974,0.966178690419328,0.8463979981835901
invariant,student_t_nu5,0.5,0.05,6.0,21,0.0013062524767401378,0.04282247419817173,0.1305164477065479,0.2688703874488234,0.9691589886127918,0.6798600657368365
invariant,student_t_nu5,0.5,0.1,6.0,21,0.0024110927679602805,0.07246260846140953,0.060076796013508224,0.2143454507029252,0.9821427492756725,0.67276091462585
invariant,student_t_nu5,0.5,0.2,6.0,21,0.0034333962175793604,0.08661348658557907,0.021174884487287257,0.12756620358077597,0.9946772601317436,0.3354293765762226
invariant,student_t_nu5,0.5,0.4,6.0,21,0.0037914667469927544,0.09977503593499243,0.00561807066593434,0.07284974760077681,0.9978494678693508,0.21204328919436044
invariant,student_t_nu5,0.5,0.8,6.0,21,0.0023350909217839167,0.09557659272681596,0.0007401405750885631,0.026962860795579233,0.9996386733952206,0.10640948087927349
invariant,student_t_nu5,0.5,1.6,6.0,21,5.881453988017734e-05,0.0357464076134386,2.6054923152168545e-06,0.0017388769060458949,0.999998916653305,0.002941193363958039
invariant,student_t_nu5,0.5,2.4,6.0,21,2.5847370700235285e-06,0.013810906281840181,2.162622426837868e-08,0.0001489505464426393,0.9999999947670772,0.00026582620641826815
invariant,student_t_nu8,0.5,0.02,1.5,19,0.00010871200187395436,0.012942148995964579,0.06793594256243246,0.21028475247999712,0.9806932079913047,0.8180701324157171
invariant,student_t_nu8,0.5,0.05,1.5,19,0.00045245871417425173,0.025022566246230317,0.04520818536954513,0.1743924069713487,0.9860735711577358,0.7604425518697496
invariant,student_t_nu8,0.5,0.1,1.5,19,0.0008768758647505566,0.043109635707119516,0.02184896954435874,0.13525479439141924,0.9925005901978207,0.3462883725094935
invariant,student_t_nu8,0.5,0.2,1.5,19,0.0011049029418942983,0.04760981901544596,0.0068143000928598384,0.07907823591452107,0.9981129414744456,0.2061208386710185
invariant,student_t_nu8,0.5,0.4,1.5,19,0.0015413169165233351,0.05966374253766878,0.0022838726892425686,0.047169853801908544,0.9989135939391691,0.17955719846142193
invariant,student_t_nu8,0.5,0.8,1.5,19,0.0004268769842194142,0.0408384110012862,0.00013530478562730062,0.011473412424499282,0.9999389146546225,0.04291063605102052
invariant,student_t_nu8,0.5,1.6,1.5,19,1.0792623224492698e-05,0.01208177944781763,4.781147132960063e-07,0.000677707105612038,0.9999997713358586,0.002351381626973459
invariant,student_t_nu8,0.5,2.4,1.5,19,9.752623842131601e-08,0.0033069125744113613,8.159918192875428e-10,2.999804313129722e-05,0.9999999995933953,6.807303800093756e-05
invariant,gauss_mix_kappa0.3,0.5,0.02,-0.18,11,1.0235752137154123e-05,0.0033763032076834488,0.006396492174610544,0.06636937881165102,0.9981342935567638,0.22745288534095054
invariant,gauss_mix_kappa0.3,0.5,0.05,-0.18,11,3.562511282584052e-05,0.006752333117512486,0.003559544006972746,0.053055260287514054,0.9988463493785184,0.15662584223516818
invariant,gauss_mix_kappa0.3,0.5,0.1,-0.18,11,7.513372511415016e-05,0.011220015510420792,0.0018720944865329061,0.04268116191084851,0.9991322909019955,0.11525304511554058
invariant,gauss_mix_kappa0.3,0.5,0.2,-0.18,11,8.367018486438234e-05,0.011753873662076433,0.0005160215679337949,0.021836256254373076,0.9997715456331404,0.060512960242030234
invariant,gauss_mix_kappa0.3,0.5,0.4,-0.18,11,0.00011599697021105209,0.014772957059488266,0.00017188049353112733,0.010412568631321898,0.9999494716572621,0.04860077563063192
invariant,gauss_mix_kappa0.3,0.5,0.8,-0.18,11,1.0407924981679217e-05,0.007124000579031007,3.2989411716497906e-06,0.0018294770255103802,0.999998684209912,0.004185824806548277
invariant,gauss_mix_kappa0.3,0.5,1.6,-0.18,11,1.5951597228040686e-07,0.0016767303293508022,7.066579807946952e-09,8.409017084828332e-05,0.999999996882208,0.00016313679154777994
invariant,gauss_mix_kappa0.3,0.5,2.4,-0.18,11,1.874317286095084e-09,0.0004101269864026796,1.5682216365179597e-11,4.0964173617830075e-06,0.9999999999924609,1.4063195787006322e-05
invariant,gauss_mix_kappa0.6,0.5,0.02,-0.72,12,0.0004902292182772046,0.023295581621365982,0.30635241225638365,0.4080668195546795,0.9137927159240891,1.1666873795409947
invariant,gauss_mix_kappa0.6,0.5,0.05,-0.72,12,0.0016705207563325161,0.04277213035040794,0.16691293514764377,0.3248806169204217,0.9464111674955293,0.958391672392926
invariant,gauss_mix_kappa0.6,0.5,0.1,-0.72,12,0.002778306933582413,0.05405747392417761,0.06922661007894318,0.21074369032234774,0.9794283224489982,0.5792063506224244
invariant,gauss_mix_kappa0.6,0.5,0.2,-0.72,12,0.0028217936422078823,0.05997815623374067,0.01740293011181788,0.12015259022284072,0.9928301646427382,0.38496991750158405
invariant,gauss_mix_kappa0.6,0.5,0.4,-0.72,12,0.001200571821947047,0.04854786209170883,0.0017789678204557253,0.04046818619164577,0.9993930078360989,0.11171205954197727
invariant,gauss_mix_kappa0.6,0.5,0.8,-0.72,12,0.00023166523648546146,0.02775871476740624,7.342962098854107e-05,0.007903007489378774,0.9999688180647224,0.02664507138739769
invariant,gauss_mix_kappa0.6,0.5,1.6,-0.72,12,2.333503494923372e-06,0.007961293674121,1.033745301066818e-07,0.0003600258770295098,0.999999953706677,0.0007344007238240247
invariant,gauss_mix_kappa0.6,0.5,2.4,-0.72,12,2.419427609581025e-08,0.001647686587840267,2.0243097331865218e-10,1.564094681931216e-05,0.9999999999267951,2.830745691351222e-05
invariant,gauss_mix_kappa0.9,0.5,0.02,-1.62,13,0.011173464263748295,0.10223440159448832,6.9824841173057255,0.9126021360744166,0.41033222769425487,5.745927028134187
invariant,gauss_mix_kappa0.9,0.5,0.05,-1.62,13,0.02664373284065315,0.17011334500126735,2.6621540827104084,0.8219018792065145,0.5718592166506536,3.517807694940168
invariant,gauss_mix_kappa0.9,0.5,0.1,-1.62,13,0.037966565449388104,0.21129476243657447,0.9460065735114734,0.6289927966503261,0.777639773756982,2.0668137061117706
invariant,gauss_mix_kappa0.9,0.5,0.2,-1.62,13,0.025201605489242117,0.19620603131072106,0.1554265955081403,0.3333759549347315,0.9445387560715532,1.030250925915472
invariant,gauss_mix_kappa0.9,0.5,0.4,-1.62,13,0.0077595004404584335,0.13183315527588357,0.011497772423144887,0.10735114028208323,0.9943708316368784,0.28547128434778124
invariant,gauss_mix_kappa0.9,0.5,0.8,-1.62,13,0.0010896539797030788,0.06791263740344614,0.00034538146487625757,0.019811723562345444,0.9998209788794232,0.06863347509506657
invariant,gauss_mix_kappa0.9,0.5,1.6,-1.62,13,1.1577744941236597e-05,0.01627429873510223,5.12895714790744e-07,0.00068492218524742,0.9999998056301483,0.0019890042691637078
invariant,gauss_mix_kappa0.9,0.5,2.4,-1.62,13,1.1530795501289007e-07,0.003403647355025685,9.647695790628711e-10,3.4000369517830796e-05,0.9999999995313866,7.214307706226997e-05
invariant,laplace,0.85,0.02,3.0,58,0.0012361764096929908,0.03700026043350721,0.7725072495979635,0.3589935071148178,0.9480840694338645,1.6942065970947657
invariant,laplace,0.85,0.05,3.0,58,0.0028677885278379934,0.06511847221949646,0.2865399898502673,0.26574210759630046,0.9660614326661273,1.5034486526377435
invariant,laplace,0.85,0.1,3.0,58,0.001824157683028536,0.05261764849988891,0.04545223247983486,0.14142320001279096,0.9921943192555156,0.5174185273188516
invariant,laplace,0.85,0.2,3.0,58,0.0029659659545842694,0.08097394490539792,0.0182920882128271,0.09636972924855217,0.9954161961989443,0.5004995098041867
invariant,laplace,0.85,0.4,3.0,58,0.0011136272451528857,0.04479102749209686,0.0016501362075088911,0.036224375677523526,0.9994040551265846,0.09076779742541208
invariant,laplace,0.85,0.8,3.0,58,0.0004753234245896256,0.05705636107746466,0.00015066058008570625,0.012637862916457989,0.9999385606874787,0.02767802912346462
invariant,laplace,0.85,1.6,3.0,58,3.235894192353359e-05,0.015484649181597705,1.4335056379269686e-06,0.0011727118675315226,0.9999993633792548,0.002316879831829155
invariant,laplace,0.85,2.4,3.0,58,6.383996888536358e-07,0.0039972485567004515,5.341423313084107e-09,6.953188473854958e-05,0.9999999977067349,0.00014036988197374534
invariant,student_t_nu5,0.85,0.02,6.0,77,0.000569178593860272,0.030626398905857423,0.3556891934074642,0.261237296410359,0.9667640780892242,1.8025040482043446
invariant,student_t_nu5,0.85,0.05,6.0,77,0.0011499758352032014,0.05276881220266042,0.11490180009737207,0.17887782379221692,0.985099571592288,0.9977928098947663
invariant,student_t_nu5,0.85,0.1,6.0,77,0.0011785835322012292,0.04483362607819426,0.02936656912991065,0.1018018885478022,0.9959263192300654,0.4666620090267021
invariant,student_t_nu5,0.85,0.2,6.0,77,0.0009525923941633516,0.04606795760337433,0.0058749508159295725,0.06470527088638045,0.9984295789006927,0.18586380860981805
invariant,student_t_nu5,0.85,0.4,6.0,77,0.0007355045753269195,0.05694111764918848,0.00108984647764143,0.025731215134862963,0.9997413899340029,0.074053699916517
invariant,student_t_nu5,0.85,0.8,6.0,77,0.0005486633422049263,0.039315699082906067,0.00017390671936634106,0.012344905639039618,0.9999285467846052,0.03176362053245674
invariant,student_t_nu5,0.85,1.6,6.0,77,5.587531887805897e-05,0.027481519487198694,2.4752844151067123e-06,0.0015376328075685465,0.9999989299212502,0.0032141729755473247
invariant,student_t_nu5,0.85,2.4,6.0,77,2.750542907010535e-06,0.00917589675347295,2.3013504335389883e-08,0.00016041407418105792,0.9999999886827701,0.00025322024195961745
invariant,student_t_nu8,0.85,0.02,1.5,64,0.00016166216983593302,0.014959763089507527,0.1010253853776509,0.13202170527814638,0.9915089252170783,1.0087889343508913
invariant,student_t_nu8,0.85,0.05,1.5,64,0.00024207471307763074,0.026067054218124483,0.024187308497451782,0.08802438299357773,0.9973533993129737,0.3325323192020304
invariant,student_t_nu8,0.85,0.1,1.5,64,0.0002612962611057828,0.020205343773555262,0.006510675319566596,0.051252793293881486,0.9989644481095383,0.18889498238555996
invariant,student_t_nu8,0.85,0.2,1.5,64,0.0003019441669070405,0.0249434843078825,0.001862189054421004,0.03262339605191681,0.9996340655674729,0.10790523461679402
invariant,student_t_nu8,0.85,0.4,1.5,64,0.00023525617540866452,0.019792413468939937,0.0003485948595201666,0.017834755371300984,0.9998465419263052,0.06130489568278774
invariant,student_t_nu8,0.85,0.8,1.5,64,8.291270605394084e-05,0.013594043390072084,2.628037194116225e-05,0.004964699996778495,0.9999899087749916,0.010987556580680957
invariant,student_t_nu8,0.85,1.6,1.5,64,5.9004187426399985e-06,0.00834329330890149,2.6138937279507143e-07,0.000568207396131372,0.9999998572666188,0.00102154567467444
invariant,student_t_nu8,0.85,2.4,1.5,64,1.537340851765741e-07,0.0021740738361628667,1.2862769843318824e-09,3.389681542376973e-05,0.9999999994758844,7.28217324858782e-05
invariant,gauss_mix_kappa0.3,0.85,0.02,-0.18,41,2.3888066700208096e-05,0.005627456233532233,0.014928051174648651,0.053111075971125535,0.9986671854781632,0.38186338377955487
invariant,gauss_mix_kappa0.3,0.85,0.05,-0.18,41,3.0341145967281224e-05,0.005220144328744739,0.003031587431610423,0.027030637116847236,0.9996384892660932,0.1529730219793103
invariant,gauss_mix_kappa0.3,0.85,0.1,-0.18,41,1.984450815650234e-05,0.00612023659810662,0.0004944622970750138,0.015166328517198506,0.9999005112307698,0.052206647279437135
invariant,gauss_mix_kappa0.3,0.85,0.2,-0.18,41,1.3782861302014364e-05,0.0048433356701074355,8.500344192148627e-05,0.0067798987406831775,0.9999779426573213,0.021926717373929927
invariant,gauss_mix_kappa0.3,0.85,0.4,-0.18,41,6.3066990203554035e-06,0.003892995058277231,9.345059083859654e-06,0.002558023033922042,0.999997304802744,0.007443952042561541
invariant,gauss_mix_kappa0.3,0.85,0.8,-0.18,41,1.984540812248914e-06,0.002163490869609387,6.290286876463556e-07,0.0007767494920183035,0.99999972248238,0.001728193351148155
invariant,gauss_mix_kappa0.3,0.85,1.6,-0.18,41,1.5356776250732572e-07,0.0010316853040799809,6.803073285845502e-09,8.768323673078632e-05,0.9999999966790598,0.0001458470641068632
invariant,gauss_mix_kappa0.3,0.85,2.4,-0.18,41,1.9887110883979715e-09,0.00035451772410183843,1.6639337324283647e-11,4.358188253401629e-06,0.9999999999917637,7.921224979168251e-06
invariant,gauss_mix_kappa0.6,0.85,0.02,-0.72,43,0.0005287659835887587,0.026076772254424556,0.33043467943589055,0.2648503496313135,0.9651425451449129,1.2687969692539993
invariant,gauss_mix_kappa0.6,0.85,0.05,-0.72,43,0.0007245148867133125,0.028795313565107002,0.07239114260691679,0.14071085580208925,0.9903524479565717,0.7024092318482225
invariant,gauss_mix_kappa0.6,0.85,0.1,-0.72,43,0.000801622385573594,0.02689413135522134,0.019973891165833403,0.08041395788226247,0.9969237347226789,0.4251553074714989
invariant,gauss_mix_kappa0.6,0.85,0.2,-0.72,43,0.0003702679649454063,0.02288164162506338,0.0022835644039328525,0.032552208523792744,0.9994744960897424,0.15097786348611686
invariant,gauss_mix_kappa0.6,0.85,0.4,-0.72,43,0.00012418150354595969,0.01800104955100866,0.0001840080657113852,0.012367058301040571,0.9999305000153682,0.032301236348531326
invariant,gauss_mix_kappa0.6,0.85,0.8,-0.72,43,4.083173993590023e-05,0.01154683577889274,1.2942205888469853e-05,0.0032594681549543113,0.9999948169600728,0.009755792418435605
invariant,gauss_mix_kappa0.6,0.85,1.6,-0.72,43,1.6677234629573813e-06,0.003559239230356964,7.388038188336714e-08,0.0002489311839433384,0.9999999714466965,0.0005519478960931412
invariant,gauss_mix_kappa0.6,0.85,2.4,-0.72,43,3.799541266930386e-08,0.0010625047987915166,3.179036371189716e-10,1.7972125186875904e-05,0.9999999998579944,3.91137117116136e-05
invariant,gauss_mix_kappa0.9,0.85,0.02,-1.62,44,0.008596677761773874,0.10280663175883759,5.372207268602726,0.8036427227743508,0.6139735360969314,5.174940896407734
invariant,gauss_mix_kappa0.9,0.85,0.05,-1.62,44,0.008369398085589575,0.1084546282659494,0.8362427073050764,0.43126866097981936,0.9029769482313031,1.9522629657080677
invariant,gauss_mix_kappa0.9,0.85,0.1,-1.62,44,0.0052559510792556125,0.0900698170658125,0.13096165566144635,0.21844053553968323,0.976258928860354,0.9348390717098063
invariant,gauss_mix_kappa0.9,0.85,0.2,-1.62,44,0.0025113451403594974,0.05638588962885743,0.01548829202483195,0.10083604496796905,0.9961096518655703,0.3674288843946981
invariant,gauss_mix_kappa0.9,0.85,0.4,-1.62,44,0.0007721926607270799,0.035734104661693536,0.001144209675350975,0.03314219435333239,0.999551650566245,0.08786489686789778
invariant,gauss_mix_kappa0.9,0.85,0.8,-1.62,44,0.00021880354444888252,0.020681540187422444,6.935292313846681e-05,0.008156632691958392,0.9999687630164095,0.022566223983877975
invariant,gauss_mix_kappa0.9,0.85,1.6,-1.62,44,1.1469406000929116e-05,0.008424205635181056,5.080962846330793e-07,0.0007350816072932925,0.9999997603493301,0.0013024287686091984
invariant,gauss_mix_kappa0.9,0.85,2.4,-1.62,44,2.522864578827815e-07,0.0027795521771859307,2.110854361677517e-09,4.719770763739135e-05,0.9999999990545493,7.948248312639183e-05
invariant,laplace,0.95,0.02,3.0,160,0.0011001097345602383,0.03585897572531577,0.6874769156225335,0.2209548231175183,0.9756064764708339,2.2111340918324998
invariant,laplace,0.95,0.05,3.0,160,0.0007527189176969691,0.03584764149361396,0.07520919654406893,0.1178879330896683,0.9932556819393201,0.8367004494761847
invariant,laplace,0.95,0.1,3.0,160,0.0007251478174950476,0.03591840840933162,0.01806838711898469,0.07548141088663687,0.9972242122649435,0.3889569367530173
invariant,laplace,0.95,0.2,3.0,160,0.0002619988331285551,0.02122037255966401,0.0016158330340366456,0.027583091836490208,0.9996890867555475,0.11397680310914393
invariant,laplace,0.95,0.4,3.0,160,0.0001597998533431587,0.02614887896090376,0.00023678616440454928,0.012389997733164482,0.9999429318837609,0.032771656184784614
invariant,laplace,0.95,0.8,3.0,160,7.259580935348005e-05,0.009722251439677834,2.3010283489456368e-05,0.0044487365208244894,0.9999906722783949,0.009621590696057059
invariant,laplace,0.95,1.6,3.0,160,1.5715882523765907e-05,0.009791856992661403,6.962157865376009e-07,0.000962670772202794,0.9999995626623307,0.0014978003855625754
invariant,laplace,0.95,2.4,3.0,160,1.1474724982393071e-06,0.004400870254364272,9.600782174915352e-09,9.878101129179366e-05,0.9999999952436786,0.00014577007127419828
invariant,student_t_nu5,0.95,0.02,6.0,215,0.00024947026771341254,0.022885698594986424,0.15589812979493617,0.12760989187323174,0.9956617161013227,0.904867856178103
invariant,student_t_nu5,0.95,0.05,6.0,215,0.00036004454925987414,0.022547263358275657,0.035974466209454214,0.08168935183145283,0.9971207380828161,0.5068072715130754
invariant,student_t_nu5,0.95,0.1,6.0,215,0.00027565479741872883,0.027116155481015643,0.006868444571993652,0.04422632779282165,0.9994260732984734,0.20037475872337485
invariant,student_t_nu5,0.95,0.2,6.0,215,0.00023809061920204168,0.028453439358180593,0.001468383209982202,0.024579039496293024,0.9997907887649065,0.08500684180704954
invariant,student_t_nu5,0.95,0.4,6.0,215,0.00015850957153924885,0.019498908091265723,0.00023487426728476503,0.012817791975854663,0.9999374721876424,0.03631595574471835
invariant,student_t_nu5,0.95,0.8,6.0,215,0.00012319456740789183,0.02221973066743828,3.904828592259029e-05,0.006369079736393715,0.9999824535572013,0.01257460881018857
invariant,student_t_nu5,0.95,1.6,6.0,215,3.104854558442098e-05,0.016184439216842702,1.3754548974400135e-06,0.0010805388338856743,0.9999994358257178,0.0018275413278809882
invariant,student_t_nu5,0.95,2.4,6.0,215,1.7586180263426201e-06,0.006880799888826363,1.4714172780349626e-08,0.00012690119844373528,0.9999999921461067,0.00019110639802077944
invariant,student_t_nu8,0.95,0.02,1.5,162,9.165138412059507e-05,0.015573138578300345,0.05727447807099885,0.08131846909385226,0.997386630612953,0.7022097949252699
invariant,student_t_nu8,0.95,0.05,1.5,162,0.00011677561318363457,0.019409257919058634,0.011667834880985238,0.04422643060279419,0.9992256723762583,0.31653305030173995
invariant,student_t_nu8,0.95,0.1,1.5,162,7.438176769689042e-05,0.013358744698398138,0.0018533580890919272,0.02211308863544535,0.9998356578430998,0.12128592977829511
invariant,student_t_nu8,0.95,0.2,1.5,162,5.201446592537075e-05,0.012190146762979269,0.0003207903305765808,0.012030035968558929,0.9999480737988449,0.039663002672574166
invariant,student_t_nu8,0.95,0.4,1.5,162,3.04477633120199e-05,0.0064419679483523114,4.511649377968203e-05,0.00607207383175125,0.9999828242263058,0.014837637295449957
invariant,student_t_nu8,0.95,0.8,1.5,162,1.4364237832752261e-05,0.006249070232065965,4.552951300979732e-06,0.002159527592852724,0.9999979672726802,0.004298852493673511
invariant,student_t_nu8,0.95,1.6,1.5,162,4.318375016540296e-06,0.004947927634431365,1.9130461519791934e-07,0.0004185868301784894,0.999999919460206,0.000751061910877926
invariant,student_t_nu8,0.95,2.4,1.5,162,2.1539313915362745e-07,0.0018197614161263773,1.8021718290935036e-09,4.385796570828121e-05,0.9999999990416288,6.472023139481031e-05
invariant,gauss_mix_kappa0.3,0.95,0.02,-0.18,117,8.865637880697858e-06,0.005283199955214653,0.0055402849313799,0.027604198610169918,0.9996346633933346,0.2287625965093265
invariant,gauss_mix_kappa0.3,0.95,0.05,-0.18,117,5.961358751157834e-06,0.003351753578489715,0.0005956393435112709,0.011052175836015345,0.9999458038947372,0.06646397245512925
invariant,gauss_mix_kappa0.3,0.95,0.1,-0.18,117,4.041463624206862e-06,0.002216292311080694,0.00010070047447941602,0.0053071612762494984,0.9999862551760776,0.026231023697573796
invariant,gauss_mix_kappa0.3,0.95,0.2,-0.18,117,1.9353819205864735e-06,0.001926022902773744,1.1936137285109486e-05,0.0023343982368551333,0.9999976027212851,0.008858860841320482
invariant,gauss_mix_kappa0.3,0.95,0.4,-0.18,117,8.425887729759936e-07,0.001765833958741781,1.24852031806867e-06,0.0009188683237707428,0.9999996345601171,0.0026324658673334556
invariant,gauss_mix_kappa0.3,0.95,0.8,-0.18,117,3.1881375820912424e-07,0.0014640898862854912,1.0105259548811707e-07,0.00032919977310452405,0.9999999518983442,0.0006222794240609147
invariant,gauss_mix_kappa0.3,0.95,1.6,-0.18,117,7.307750676428202e-08,0.0005171261715831348,3.237343736387948e-09,6.13609232204377e-05,0.9999999982165975,9.93587384127137e-05
invariant,gauss_mix_kappa0.3,0.95,2.4,-0.18,117,2.418822529111069e-09,0.0002656577693701652,2.0238034687086882e-11,4.402960378217606e-06,0.9999999999905878,7.606191600895151e-06
invariant,gauss_mix_kappa0.6,0.95,0.02,-0.72,124,0.00028383117105009554,0.015903565595072267,0.17737083120080946,0.13009655205673332,0.993199062447819,1.120211199948034
invariant,gauss_mix_kappa0.6,0.95,0.05,-0.72,124,0.00017581274334979406,0.017139878984679034,0.017566630595658647,0.053563128573268684,0.9985837731887797,0.3266491771048914
invariant,gauss_mix_kappa0.6,0.95,0.1,-0.72,124,7.389262931063566e-05,0.012864570547564808,0.0018411703095739026,0.023716869299557988,0.9997191039102946,0.1309703915053626
invariant,gauss_mix_kappa0.6,0.95,0.2,-0.72,124,2.6599647577721207e-05,0.007688460744106104,0.00016404878119714975,0.00890508682251259,0.9999656871618305,0.030164348670129293
invariant,gauss_mix_kappa0.6,0.95,0.4,-0.72,124,1.4775563026675436e-05,0.006022338788704626,2.1893943097000432e-05,0.00408664353668705,0.9999925260246517,0.010408562328949267
invariant,gauss_mix_kappa0.6,0.95,0.8,-0.72,124,4.502689908778408e-06,0.0031954575730441244,1.4271921780170765e-06,0.0011762653872681938,0.999999372115999,0.0026974148884195692
invariant,gauss_mix_kappa0.6,0.95,1.6,-0.72,124,1.3882880031660774e-06,0.002859979583247493,6.150135206236441e-08,0.00024536546464147595,0.9999999709509165,0.00039512170935263047
invariant,gauss_mix_kappa0.6,0.95,2.4,-0.72,124,8.200650413481568e-08,0.0013063877859856865,6.861398284772429e-10,2.4636880079909444e-05,0.9999999997007403,3.558675054143867e-05
invariant,gauss_mix_kappa0.9,0.95,0.02,-1.62,128,0.0022689353511222577,0.06157909746074951,1.4178955316307569,0.3614771742287699,0.9330515641202182,2.9983480450891227
invariant,gauss_mix_kappa0.9,0.95,0.05,-1.62,128,0.0011049968844803778,0.04881671823987288,0.11040765139760372,0.14323183698814423,0.9909464375137697,0.7885930421805304
invariant,gauss_mix_kappa0.9,0.95,0.1,-1.62,128,0.00044466986436744087,0.02232448479562762,0.011079764781326409,0.05818112046486259,0.9984786423619294,0.26924025668198914
invariant,gauss_mix_kappa0.9,0.95,0.2,-1.62,128,0.00017416949493632592,0.020283754972766126,0.0010741605986523796,0.022644726492728216,0.9997677186612917,0.085436552621446
invariant,gauss_mix_kappa0.9,0.95,0.4,-1.62,128,9.426946033988577e-05,0.011715591713120142,0.0001396853843566058,0.009450614069730951,0.999960094176487,0.028396578024994623
invariant,gauss_mix_kappa0.9,0.95,0.8,-1.62,128,2.8861941786533017e-05,0.009734757909091094,9.148206604193976e-06,0.002810170042612691,0.9999963524386065,0.006292865297351846
invariant,gauss_mix_kappa0.9,0.95,1.6,-1.62,128,7.372971161097778e-06,0.006842432154662902,3.2662365020101135e-07,0.0005961873863939661,0.9999998269556176,0.000882480099586469
invariant,gauss_mix_kappa0.9,0.95,2.4,-1.62,128,2.985550376617943e-07,0.001724017360293554,2.497978721244601e-09,4.6800175121290555e-05,0.999999998954211,6.777442685346191e-05
