n_chains,method,t,mean_rel_l2,score_rel_l2,mean_mse,identity_residual,seed
32,em_bp,0.1,0.04646449546888941,0.139236884247304,0.0018783988579206554,1.5210729244957465e-15,0
32,dsm_net_eps,0.1,0.44961603334709704,1.3473327313496397,0.1758850569121951,1.7331132842801262e-16,0
32,dsm_net_x0,0.1,0.6432613535327221,1.9276160371216988,0.3600147417417442,1.5855106627870659e-16,0
32,em_bp,0.2,0.051978215083845335,0.08749344007950013,0.002177216768778546,1.591587430334463e-15,0
32,dsm_net_eps,0.2,0.5230852480591327,0.880494409700426,0.2204976125289932,1.8677505118400868e-16,0
32,dsm_net_x0,0.2,0.6319721294381665,1.06378057710753,0.3218509524195565,1.9017346358086675e-16,0
32,em_bp,0.4,0.04913225604527794,0.04260698069609011,0.0016125150819985765,2.497164712643846e-15,0
32,dsm_net_eps,0.4,0.5539190953937042,0.4803528700755338,0.2049571372147761,2.407593307356733e-16,0
32,dsm_net_x0,0.4,0.6348526115453217,0.5505375723037572,0.26922550071256424,2.4732318156206333e-16,0
32,em_bp,0.8,0.07261960673425252,0.026255945933921637,0.0023799894177300852,3.7700392340500665e-15,0
32,dsm_net_eps,0.8,0.746491575810231,0.26989739184798867,0.25148788167428304,3.471294620663286e-16,0
32,dsm_net_x0,0.8,0.6875662786275428,0.24859268521923208,0.2133518328740252,4.1882218252869918e-16,0
32,em_bp,1.6,0.17051428283302508,0.013859009782919662,0.004380327437512125,6.886800247292109e-15,0
32,dsm_net_eps,1.6,2.175383925579608,0.17681021557435653,0.7129464004685574,4.674813703395924e-16,0
32,dsm_net_x0,1.6,0.8774526498808574,0.07131733868098185,0.11599317339045623,1.3410162601972666e-15,0
64,em_bp,0.1,0.03425870473844285,0.10266064998646043,0.0010211445929230298,2.106182766855229e-15,0
64,dsm_net_eps,0.1,0.4130617158940138,1.237792980264599,0.14844830857806038,1.8755842458193968e-16,0
64,dsm_net_x0,0.1,0.5690820172681208,1.705328039527242,0.281770218418781,1.6939875499240576e-16,0
64,em_bp,0.2,0.03711808188072584,0.06247980365733269,0.0011102735601558325,2.2066960193366008e-15,0
64,dsm_net_eps,0.2,0.48609337159554356,0.8182270440055002,0.19041376701088647,1.97866344649442e-16,0
64,dsm_net_x0,0.2,0.5479020576198699,0.922267834139188,0.2419161206853642,2.0198426461819862e-16,0
64,em_bp,0.4,0.03604165260751573,0.031254945742537225,0.0008677203147731926,3.4910769272442088e-15,0
64,dsm_net_eps,0.4,0.5039784136984011,0.4370448310760533,0.16966577409403777,2.6382653217020597e-16,0
64,dsm_net_x0,0.4,0.528165558608111,0.458019671215937,0.18634190361758557,2.839246186081541e-16,0
64,em_bp,0.8,0.04167401273477809,0.01506742702722181,0.0007837866840222997,6.5451258544334976e-15,0
64,dsm_net_eps,0.8,0.7067321750741975,0.25552220141339166,0.22541196660816834,3.5853538672554734e-16,0
64,dsm_net_x0,0.8,0.5838607043286338,0.21109746768379833,0.15384583182905312,4.920460320899456e-16,0
64,em_bp,1.6,0.07103451463271995,0.005773522410341711,0.0007601930331568166,1.6190152184457758e-14,0
64,dsm_net_eps,1.6,2.2395392665757456,0.18202461453096877,0.755618206139651,4.562915327619284e-16,0
64,dsm_net_x0,1.6,0.736878087255733,0.05989176068081494,0.08180433799361637,1.5616808892457178e-15,0
128,em_bp,0.1,0.019714495667313023,0.05907704201935349,0.00033815569584216696,3.620168440732827e-15,0
128,dsm_net_eps,0.1,0.34803745741409076,1.042939360099976,0.10538949864684988,2.0710322713657078e-16,0
128,dsm_net_x0,0.1,0.512655602910606,1.536238973884677,0.2286634651333157,1.7561681767131435e-16,0
128,em_bp,0.2,0.02701608702441789,0.045475405175813874,0.0005881713146459605,3.123382853593194e-15,0
128,dsm_net_eps,0.2,0.4217806132714467,0.7099712207206876,0.1433613806040606,2.1733804625118576e-16,0
128,dsm_net_x0,0.2,0.4908315893941989,0.8262027502582361,0.19414399325115556,2.1497670644476874e-16,0
128,em_bp,0.4,0.032794299797675786,0.028438875209265996,0.0007184012801909863,3.916979725534057e-15,0
128,dsm_net_eps,0.4,0.4655411942429728,0.4037124747144892,0.14477267702632016,2.749175173508471e-16,0
128,dsm_net_x0,0.4,0.4631653163251814,0.40165213813058975,0.14329876017684742,3.089624624328743e-16,0
128,em_bp,0.8,0.04642928958681613,0.016786718793491452,0.0009728621739356429,6.0349578952622696e-15,0
128,dsm_net_eps,0.8,0.6676158255663193,0.24137950904699515,0.20115020821533053,3.757133208141784e-16,0
128,dsm_net_x0,0.8,0.47076369905902676,0.1702067359766733,0.10001685036110303,5.940832171715191e-16,0
128,em_bp,1.6,0.06163879854195137,0.0050098601583823885,0.000572391769395262,1.872489537606087e-14,0
128,dsm_net_eps,1.6,2.2194605938295853,0.18039266606663062,0.7421298970123864,4.667840309387934e-16,0
128,dsm_net_x0,1.6,0.5602552332027176,0.04553626024097824,0.047288647634686556,2.0585587154127055e-15,0
256,em_bp,0.1,0.022639622822149402,0.06784256474711667,0.00044594750492438597,3.161088643333218e-15,0
256,dsm_net_eps,0.1,0.23459193469045042,0.7029851443822441,0.04788191571486393,2.9775538701223475e-16,0
256,dsm_net_x0,0.1,0.3984705991347668,1.1940688073290195,0.13814587757336982,2.083859381517027e-16,0
256,em_bp,0.2,0.021487699962842253,0.036169629644122264,0.0003720821270915224,3.878888574755546e-15,0
256,dsm_net_eps,0.2,0.29092551234004027,0.48970657881309654,0.06820599713125967,2.892608532905324e-16,0
256,dsm_net_x0,0.2,0.3832027194750699,0.6450341574948354,0.11833578926860516,2.538259229565952e-16,0
256,em_bp,0.4,0.02569221881187567,0.02228002455145793,0.000440934008609938,4.896739259845192e-15,0
256,dsm_net_eps,0.4,0.3665135061580101,0.31783669504896445,0.08973261801724013,3.3933167086116635e-16,0
256,dsm_net_x0,0.4,0.36997057038420594,0.32083462513821026,0.09143337076750067,3.723248513489931e-16,0
256,em_bp,0.8,0.048340162199685725,0.017477603394308924,0.0010545895103601104,5.706780222227614e-15,0
256,dsm_net_eps,0.8,0.5960538300263478,0.2155059472044357,0.16033864404453976,4.1976883542665323e-16,0
256,dsm_net_x0,0.8,0.3812512210028214,0.13784309632139902,0.06559786838399621,7.445362182938536e-16,0
256,em_bp,1.6,0.13676318580031402,0.011115798034384427,0.002817886316275331,8.413346471559254e-15,0
256,dsm_net_eps,1.6,2.226946908364662,0.18100113653992958,0.747144798227329,4.629739829493496e-16,0
256,dsm_net_x0,1.6,0.4589515849916307,0.03730253208474085,0.031733560203572216,2.5317928720791032e-15,0
512,em_bp,0.1,0.013795419016949388,0.041339761497940795,0.00016558277483689712,5.1032890273835546e-15,0
512,dsm_net_eps,0.1,0.15431990825257502,0.4624396108380243,0.02071997737588617,4.4235509724816044e-16,0
512,dsm_net_x0,0.1,0.3320680516019089,0.9950849653383289,0.09593996416758753,2.383766768898029e-16,0
512,em_bp,0.2,0.013375249646027485,0.022514174478006837,0.00014416596401016436,6.2747199326699135e-15,0
512,dsm_net_eps,0.2,0.2014167571481821,0.3390390559607492,0.032692651556647676,3.9893913808268283e-16,0
512,dsm_net_x0,0.2,0.3111401254833594,0.5237332578926356,0.07801372082642236,2.9602240189907346e-16,0
512,em_bp,0.4,0.010705261029591111,0.009283490862175288,7.655347245573768e-05,1.1678177456308054e-14,0
512,dsm_net_eps,0.4,0.27511939215282355,0.2385806713164761,0.05056066519048644,4.2816749977929094e-16,0
512,dsm_net_x0,0.4,0.2868608502339002,0.24876274146899172,0.05496837964362941,4.590903101722426e-16,0
512,em_bp,0.8,0.014333726377669472,0.0051824233389328594,9.272256993984799e-05,1.9142450574924493e-14,0
512,dsm_net_eps,0.8,0.5235313838941168,0.18928513012384038,0.12369515329082145,4.669445667408474e-16,0
512,dsm_net_x0,0.8,0.3158126956836664,0.11418350272069595,0.04501180305662101,8.65702115939323e-16,0
512,em_bp,1.6,0.043167684010217575,0.0035085703382949623,0.0002807388705559497,2.6543313062277996e-14,0
512,dsm_net_eps,1.6,2.0935884179145137,0.17016206433391473,0.6603400899759035,4.902671397691413e-16,0
512,dsm_net_x0,1.6,0.35882582175975014,0.029164539717780186,0.019397797742829265,3.2429379620968197e-15,0
1024,em_bp,0.1,0.0166826979196276,0.04999186703153172,0.00024214635488300357,4.235405707115218e-15,0
1024,dsm_net_eps,0.1,0.10760286037003024,0.32244592054275506,0.010073792392184571,6.420491800246255e-16,0
1024,dsm_net_x0,0.1,0.25236164225575425,0.756234376735047,0.055410498061631855,2.9677264032618995e-16,0
1024,em_bp,0.2,0.015130902638312694,0.025469414853866577,0.00018449670754578209,5.5617164624851475e-15,0
1024,dsm_net_eps,0.2,0.14263500755169092,0.240093421182936,0.016394991872012966,5.518847595558953e-16,0
1024,dsm_net_x0,0.2,0.2427643731938706,0.40863831328592,0.047492917748340566,3.652694350000822e-16,0
1024,em_bp,0.4,0.014555405377812119,0.01262229593904045,0.00014152037904613293,8.736476130024677e-15,0
1024,dsm_net_eps,0.4,0.21565851077847037,0.18701681431477712,0.03106730465064459,5.536031823931745e-16,0
1024,dsm_net_x0,0.4,0.2357564138414893,0.2044455065174881,0.03712764525560738,5.450938922473612e-16,0
1024,em_bp,0.8,0.020608389419187797,0.0074510560261706864,0.00019167053061609768,1.3311034896528214e-14,0
1024,dsm_net_eps,0.8,0.4569680635049287,0.1652188617988634,0.09424079457288115,5.380287615321667e-16,0
1024,dsm_net_x0,0.8,0.2431138412574755,0.08789890442677825,0.026673905689908895,1.1543651258899277e-15,0
1024,em_bp,1.6,0.05383185393139339,0.004375329608009751,0.00043657988709707395,2.1611431177303847e-14,0
1024,dsm_net_eps,1.6,2.0150677832867965,0.16378008726204546,0.6117364658094631,5.080491210535569e-16,0
1024,dsm_net_x0,1.6,0.3273499638165301,0.026606254183494205,0.016143944095322136,3.53990728504289e-15,0
2048,em_bp,0.1,0.013152782686803468,0.03941401842442457,0.00015051530165353515,5.565547355343189e-15,0
2048,dsm_net_eps,0.1,0.08395810868207401,0.2515913568461249,0.00613296741713551,8.1763280432509895e-16,0
2048,dsm_net_x0,0.1,0.2055510773632876,0.6159604505961676,0.036760793629863286,3.548334407322023e-16,0
2048,em_bp,0.2,0.01313721005950537,0.022113489262742595,0.00013908017714899914,6.286496866694763e-15,0
2048,dsm_net_eps,0.2,0.11207205140262687,0.18864767284073075,0.010121703000978234,6.967910773377425e-16,0
2048,dsm_net_x0,0.2,0.20218074846798229,0.3403250606581473,0.032941134077648176,4.2354798872370294e-16,0
2048,em_bp,0.4,0.013249950682402685,0.011490219224393519,0.00011727323246767674,9.60330062377038e-15,0
2048,dsm_net_eps,0.4,0.18198034653566889,0.15781146106475666,0.02212174326729676,6.421017803033339e-16,0
2048,dsm_net_x0,0.4,0.200343192502122,0.17373552982514356,0.026811403740011508,6.398487878651244e-16,0
2048,em_bp,0.8,0.01868477850298148,0.006755565834401409,0.00015755897558879294,1.4811011785917955e-14,0
2048,dsm_net_eps,0.8,0.39945440547473593,0.14442453966450047,0.0720114691168276,6.132857621324737e-16,0
2048,dsm_net_x0,0.8,0.2243162637633784,0.08110255560902951,0.022708516626980868,1.2512018060184508e-15,0
2048,em_bp,1.6,0.030556100355490685,0.002483529747295757,0.0001406633336956809,3.7946248226565155e-14,0
2048,dsm_net_eps,1.6,1.8350962067147456,0.14915241033716292,0.5073442299320968,5.46075203542831e-16,0
2048,dsm_net_x0,1.6,0.34078485766287403,0.027698211538358705,0.01749627631833705,3.454235546166344e-15,0
4096,em_bp,0.1,0.011425172499662484,0.03423701053433627,0.00011357190113700426,6.402366084436392e-15,0
4096,dsm_net_eps,0.1,0.07531931909911421,0.2257041039434273,0.004935806601591545,9.047013519412487e-16,0
4096,dsm_net_x0,0.1,0.16926144399088344,0.5072138596720562,0.024926508315107752,4.345814928404752e-16,0
4096,em_bp,0.2,0.010339689458618748,0.017404502994745243,8.615370078752546e-05,8.103329941216466e-15,0
4096,dsm_net_eps,0.2,0.0996955236225032,0.16781461826246627,0.008009589603967186,7.93900219330435e-16,0
4096,dsm_net_x0,0.2,0.16580715430020093,0.27909843183564426,0.022154679831155925,5.192940556537431e-16,0
4096,em_bp,0.4,0.008344313528566178,0.0072361017801850355,4.6510563385511895e-05,1.4969571092240022e-14,0
4096,dsm_net_eps,0.4,0.16854426874555756,0.14615983435120053,0.01897572381685153,6.787643963010653e-16,0
4096,dsm_net_x0,0.4,0.16182286586465408,0.1403311037809335,0.0174924301692713,7.744302959037602e-16,0
4096,em_bp,0.8,0.011201931076627565,0.0040501086404909365,5.663084385151403e-05,2.427554211534666e-14,0
4096,dsm_net_eps,0.8,0.40251181236202405,0.14552995889686282,0.07311803316123937,6.160501762932929e-16,0
4096,dsm_net_x0,0.8,0.17135703116614498,0.06195490650562165,0.013251684852475475,1.6275281377236081e-15,0
4096,em_bp,1.6,0.011376183894306965,0.0009246301322328744,1.9497469873781404e-05,1.0268664556572325e-13,0
4096,dsm_net_eps,1.6,1.793452189180534,0.1457676801150508,0.4845790760118876,5.716856331295787e-16,0
4096,dsm_net_x0,1.6,0.2223891132062547,0.01807527700514349,0.007450957678344029,5.2531245397761296e-15,0
32,em_bp,0.1,0.02974985410553599,0.08914929454555645,0.0007700431192171177,2.436599412461791e-15,1
32,dsm_net_eps,0.1,0.45495729543076124,1.3633385156150823,0.1800887696511477,1.717833836701597e-16,1
32,dsm_net_x0,0.1,0.6440266361798395,1.9299093057836707,0.3608718643430717,1.5641145183144763e-16,1
32,em_bp,0.2,0.04594618331958941,0.07733989385109964,0.001701209615958475,1.840864442534721e-15,1
32,dsm_net_eps,0.2,0.5291415463628483,0.8906888030993714,0.22563302772353674,1.8744869962660968e-16,1
32,dsm_net_x0,0.2,0.6348929131693104,1.0686970486707377,0.32483282238243805,1.8462879153801644e-16,1
32,em_bp,0.4,0.05891858744860708,0.051093585357657643,0.0023188626473164536,2.1719972093244297e-15,1
32,dsm_net_eps,0.4,0.5709785076088364,0.4951466146629378,0.2177759388531736,2.373448195448645e-16,1
32,dsm_net_x0,0.4,0.6288467588887721,0.5453293594351002,0.26415572420203515,2.5179907503805843e-16,1
32,em_bp,0.8,0.09728263771758111,0.03517297588197118,0.004271082061280639,2.8759644853745715e-15,1
32,dsm_net_eps,0.8,0.7186280064471906,0.25982319283174704,0.23306417277332497,3.5011366713705325e-16,1
32,dsm_net_x0,0.8,0.6404073539497759,0.2315421635719246,0.18508868138012877,4.537937497396713e-16,1
32,em_bp,1.6,0.2118833908244887,0.017221395987984885,0.006763615011593244,5.3792035879829565e-15,1
32,dsm_net_eps,1.6,2.1825517405661063,0.17739279913492148,0.7176524083707632,4.735132184492343e-16,1
32,dsm_net_x0,1.6,0.7409140863952476,0.06021979743309782,0.08270290295074453,1.572433711705865e-15,1
64,em_bp,0.1,0.052470134214631974,0.15723355930927618,0.0023953540496599902,1.3618084221774356e-15,1
64,dsm_net_eps,0.1,0.42427920704549615,1.2714076467156719,0.15662059193359373,1.7683585414411458e-16,1
64,dsm_net_x0,0.1,0.5765912352375536,1.7278303846543457,0.28925537429237186,1.6316315553921852e-16,1
64,em_bp,0.2,0.06737329295454203,0.11340753353242582,0.003657922466633631,1.2236164651460682e-15,1
64,dsm_net_eps,0.2,0.5065859098561546,0.8527215464713781,0.20680696405518162,1.9106880384914775e-16,1
64,dsm_net_x0,0.2,0.5612029294310864,0.9446568105390619,0.2538042005163298,2.0004799302661384e-16,1
64,em_bp,0.4,0.08579189040488922,0.07439783377733789,0.004916577025980385,1.4572231827611398e-15,1
64,dsm_net_eps,0.4,0.5282352109616081,0.4580800730114123,0.18639105490263164,2.5208853918567707e-16,1
64,dsm_net_x0,0.4,0.5518136329199068,0.4785270349481022,0.20340200240695278,2.659086338447732e-16,1
64,em_bp,0.8,0.12926853311617306,0.04673762044561881,0.007541415720700072,2.083231250109154e-15,1
64,dsm_net_eps,0.8,0.723408655255196,0.26155165794298607,0.2361753903492689,3.517633483745223e-16,1
64,dsm_net_x0,0.8,0.5732161167060856,0.2072488690797151,0.14828732330927877,5.023494378247106e-16,1
64,em_bp,1.6,0.23817536988067053,0.01935834773711643,0.00854631207093959,4.84706048955151e-15,1
64,dsm_net_eps,1.6,2.271022792083406,0.1845835232673046,0.7770125549099183,4.596090963849401e-16,1
64,dsm_net_x0,1.6,0.6839466697766957,0.05558961648223111,0.070474098479962,1.7157328109265833e-15,1
128,em_bp,0.1,0.015957925900718047,0.04781999371871027,0.00022156351798701765,4.548265719899678e-15,1
128,dsm_net_eps,0.1,0.34099133339924265,1.0218247360424642,0.10116541007719493,2.163842303842861e-16,1
128,dsm_net_x0,0.1,0.5096677145915676,1.5272853791921364,0.2260058138785544,1.7736358402457715e-16,1
128,em_bp,0.2,0.019361724162183652,0.03259103549606732,0.0003020974115012566,4.217599812121675e-15,1
128,dsm_net_eps,0.2,0.4173363868136838,0.7024903816681198,0.14035615107793953,2.1678861472082298e-16,1
128,dsm_net_x0,0.2,0.49255249734820067,0.829099505306729,0.19550775895607259,2.1752767154901874e-16,1
128,em_bp,0.4,0.0234292997838545,0.020317644740222306,0.0003666814930782526,5.352356449447219e-15,1
128,dsm_net_eps,0.4,0.45918710577432703,0.39820227537669894,0.1408476940403149,2.808449087295675e-16,1
128,dsm_net_x0,0.4,0.46331433960259283,0.4017813695645805,0.14339098766278216,3.1145555492126483e-16,1
128,em_bp,0.8,0.041161657502213914,0.014882182684954915,0.0007646328461461678,6.517092852277992e-15,1
128,dsm_net_eps,0.8,0.6646485048233655,0.240306660865915,0.1993660961362969,3.7937966503092806e-16,1
128,dsm_net_x0,0.8,0.47754936589595537,0.17266012438798736,0.10292094996350797,5.95591617037405e-16,1
128,em_bp,1.6,0.11159449866034629,0.009070144875595206,0.0018761632352115166,1.0472669775586463e-14,1
128,dsm_net_eps,1.6,2.22636887296253,0.18095415514834223,0.7467569846764022,4.621263992623733e-16,1
128,dsm_net_x0,1.6,0.5812097932670588,0.04723939881742738,0.05089216158303925,2.0179847462101036e-15,1
256,em_bp,0.1,0.022960512789070436,0.06880415313260169,0.00045867865497167674,3.141301006905768e-15,1
256,dsm_net_eps,0.1,0.23980524638148948,0.7186075087089232,0.05003371200700406,2.931067666582406e-16,1
256,dsm_net_x0,0.1,0.40773486208203896,1.2218303722531367,0.14464421072780204,2.0217335186866629e-16,1
256,em_bp,0.2,0.028759827737723006,0.04841059395379798,0.0006665481197485855,2.8930635914175324e-15,1
256,dsm_net_eps,0.2,0.302002563265923,0.508352261237511,0.07349879262974865,2.824435571737784e-16,1
256,dsm_net_x0,0.2,0.38920689077172294,0.6551408069964271,0.12207310414335906,2.4649117138478085e-16,1
256,em_bp,0.4,0.02940062541236521,0.02549591612978688,0.0005774089484954714,4.181864962841921e-15,1
256,dsm_net_eps,0.4,0.37531870885352897,0.32547247511425187,0.09409592148781308,3.315523962617908e-16,1
256,dsm_net_x0,0.4,0.37277594882274123,0.32326742010015436,0.09282525287618834,3.7309281885401644e-16,1
256,em_bp,0.8,0.036414738932733615,0.013165912893394388,0.000598441416305614,7.57573308140749e-15,1
256,dsm_net_eps,0.8,0.5992750898023005,0.2166706081867794,0.16207636651568053,4.155566343231614e-16,1
256,dsm_net_x0,0.8,0.3791734185916637,0.13709185750006572,0.06488480576958328,7.369008232328487e-16,1
256,em_bp,1.6,0.053592662212303625,0.004355888653740221,0.00043270878525655674,2.1424705959352942e-14,1
256,dsm_net_eps,1.6,2.2394982044957117,0.18202127709929186,0.7555904977879597,4.536019966229311e-16,1
256,dsm_net_x0,1.6,0.4472931646859827,0.0363549624243882,0.030141827049362344,2.5816894086998713e-15,1
512,em_bp,0.1,0.017418884289165392,0.05219794492574687,0.0002639891225124009,4.126057854813935e-15,1
512,dsm_net_eps,0.1,0.1539600210458254,0.46136116216785994,0.02062344855008611,4.439726150294871e-16,1
512,dsm_net_x0,0.1,0.3213196249692266,0.9628759115265327,0.08982968293734603,2.456147164017741e-16,1
512,em_bp,0.2,0.02139549271023515,0.03601441981789293,0.0003688956475083376,3.877380009802829e-15,1
512,dsm_net_eps,0.2,0.19970423796428893,0.33615642148861014,0.03213908507466566,4.055654550153134e-16,1
512,dsm_net_x0,0.2,0.30406772965538287,0.5118284966461132,0.07450743449972898,3.0067611585023463e-16,1
512,em_bp,0.4,0.02370822453393328,0.020559525378296743,0.0003754641151428954,5.290613102473454e-15,1
512,dsm_net_eps,0.4,0.27573472564736073,0.23911428211381544,0.050787086620238696,4.3965966500294003e-16,1
512,dsm_net_x0,0.4,0.2819274848058893,0.24448457835422835,0.05309397073542181,4.767825584224974e-16,1
512,em_bp,0.8,0.033147800763199224,0.01198473668209026,0.0004958801002107177,8.265389507789586e-15,1
512,dsm_net_eps,0.8,0.534960995989347,0.19341755786220924,0.12915507566002016,4.72808540904982e-16,1
512,dsm_net_x0,0.8,0.28015570044130517,0.10129155547185528,0.03542143634811194,9.856729833992969e-16,1
512,em_bp,1.6,0.0659563588624104,0.005360781557607239,0.0006553878638490009,1.7563780942974855e-14,1
512,dsm_net_eps,1.6,2.1676987431225534,0.17618558157252254,0.7079179134969524,4.800987587861496e-16,1
512,dsm_net_x0,1.6,0.31477609719156185,0.02558427914615844,0.01492755030013328,3.6347396114909215e-15,1
1024,em_bp,0.1,0.013714426613289152,0.04109705726066134,0.0001636442212733827,5.196769510065662e-15,1
1024,dsm_net_eps,0.1,0.11144776711762759,0.3339676820588213,0.010806575883544597,6.106323001319828e-16,1
1024,dsm_net_x0,0.1,0.2585977860135927,0.7749217899480254,0.05818284705113918,2.9682889868602356e-16,1
1024,em_bp,0.2,0.015073163710457582,0.025372224571045262,0.00018309132978219962,5.494277492587255e-15,1
1024,dsm_net_eps,0.2,0.14683368505519204,0.24716093471669517,0.017374421110293553,5.399559549274775e-16,1
1024,dsm_net_x0,0.2,0.24188522566194212,0.4071584694363044,0.0471495586454105,3.6500974017500577e-16,1
1024,em_bp,0.4,0.010633795836273049,0.009221516990889198,7.553478685816197e-05,1.1922153140393113e-14,1
1024,dsm_net_eps,0.4,0.2176397844577188,0.18873495421308778,0.03164076292416836,5.364294427701645e-16,1
1024,dsm_net_x0,0.4,0.22798996380137718,0.19771052193564317,0.03472176806011633,5.673204731887372e-16,1
1024,em_bp,0.8,0.016671435472856752,0.006027632592641519,0.000125433410931675,1.664024005047768e-14,1
1024,dsm_net_eps,0.8,0.45565704657302286,0.16474485772158243,0.09370082665734714,5.437912364909139e-16,1
1024,dsm_net_x0,0.8,0.24517595061594466,0.08864446935422177,0.02712832479169569,1.1313021992347517e-15,1
1024,em_bp,1.6,0.024049406291453582,0.001954680578828975,8.713522746927701e-05,4.865812294521225e-14,1
1024,dsm_net_eps,1.6,1.9458337801601178,0.15815290629690054,0.5704223423249359,5.177352426189726e-16,1
1024,dsm_net_x0,1.6,0.3362160508835541,0.02732686940326689,0.017030285785493773,3.4791548797572226e-15,1
2048,em_bp,0.1,0.010602699519594505,0.03177236362562428,9.7808876731155e-05,6.81602730958363e-15,1
2048,dsm_net_eps,0.1,0.08376588010932758,0.251015319007719,0.006104915762224586,8.046680302785256e-16,1
2048,dsm_net_x0,0.1,0.20534988304809335,0.6153575457482137,0.03668886558992756,3.6230960852003456e-16,1
2048,em_bp,0.2,0.011347216410976725,0.01910044424421711,0.00010376182989967826,7.279675144429216e-15,1
2048,dsm_net_eps,0.2,0.10867775773669963,0.1829341555721408,0.009517881327784323,7.166050683741117e-16,1
2048,dsm_net_x0,0.2,0.20088563368974882,0.3381450310618509,0.03252046190638808,4.289490288937662e-16,1
2048,em_bp,0.4,0.008993694119784396,0.00779923786514219,5.403144697974999e-05,1.3827907704644882e-14,1
2048,dsm_net_eps,0.4,0.1793945742216608,0.15556910624665304,0.0214975505992367,6.417903478987744e-16,1
2048,dsm_net_x0,0.4,0.19031241347515343,0.16503694273044675,0.024193828966519768,6.757240975166441e-16,1
2048,em_bp,0.8,0.012902777408015603,0.00466505729316341,7.513350527669078e-05,2.107248950457e-14,1
2048,dsm_net_eps,0.8,0.406526530751489,0.14698149841510144,0.07458388957895415,5.986951081403502e-16,1
2048,dsm_net_x0,0.8,0.19826312541938823,0.07168292608291503,0.01773989875373301,1.4251454922215604e-15,1
2048,em_bp,1.6,0.017304957323858918,0.0014065072371633484,4.51155354052309e-05,6.556118787933406e-14,1
2048,dsm_net_eps,1.6,1.81038789773551,0.14714417565926238,0.4937741225919017,5.53032133766446e-16,1
2048,dsm_net_x0,1.6,0.2891404564349195,0.02350067306850434,0.012595133497214049,3.965374480629467e-15,1
4096,em_bp,0.1,0.011005051120642234,0.03297806235831171,0.00010537303586915202,6.540605661953607e-15,1
4096,dsm_net_eps,0.1,0.07415218169067021,0.22220662539340139,0.0047840226874009415,9.053866923833942e-16,1
4096,dsm_net_x0,0.1,0.16813226087731226,0.5038301160869443,0.024595036417879086,4.396085920411072e-16,1
4096,em_bp,0.2,0.009348158058471837,0.0157354865999776,7.042243546034103e-05,8.826317890124827e-15,1
4096,dsm_net_eps,0.2,0.09772103470208789,0.16449101763925664,0.00769546842106191,8.200488573055118e-16,1
4096,dsm_net_x0,0.2,0.1643867986832396,0.2767075879241377,0.02177673783248548,5.217221559192326e-16,1
4096,em_bp,0.4,0.006076604616291377,0.005269568231214612,2.466563672231188e-05,2.0677355700533087e-14,1
4096,dsm_net_eps,0.4,0.16588071210117986,0.14385002577197797,0.018380704561069244,7.008393221076595e-16,1
4096,dsm_net_x0,0.4,0.16369187531872767,0.141951889312482,0.017898829076349224,7.896714992132123e-16,1
4096,em_bp,0.8,0.009223381005708312,0.003334754949858653,3.8392601307308444e-05,3.0353540861384787e-14,1
4096,dsm_net_eps,0.8,0.40092435042113483,0.1449560048813217,0.07254243163331028,6.114404871061211e-16,1
4096,dsm_net_x0,0.8,0.1804377235517177,0.06523807174212128,0.014693387063066207,1.5391572053537249e-15,1
4096,em_bp,1.6,0.010947318050546705,0.0008897729001847287,1.8055125934442127e-05,1.0582163924138076e-13,1
4096,dsm_net_eps,1.6,1.780494144053075,0.14471447993026146,0.477602014283262,5.664641089034818e-16,1
4096,dsm_net_x0,1.6,0.30252040260057095,0.02458816440192118,0.01378778142041479,3.873129991431031e-15,1
32,em_bp,0.1,0.050228138190431516,0.15051512757437163,0.0021950252724918214,1.446579846805856e-15,2
32,dsm_net_eps,0.1,0.45660732535820453,1.3682830441996188,0.18139742307726453,1.760249219396686e-16,2
32,dsm_net_x0,0.1,0.6341366044162211,1.9002725434778132,0.3498734678067335,1.587358784780058e-16,2
32,em_bp,0.2,0.05893600712774938,0.09920529206012232,0.002799112576470022,1.4300219631473684e-15,2
32,dsm_net_eps,0.2,0.5371497749815674,0.9041688248674257,0.23251434027569284,1.8656344423456825e-16,2
32,dsm_net_x0,0.2,0.6255630565697577,1.0529923683921532,0.3153560250081322,1.882761943895919e-16,2
32,em_bp,0.4,0.06370327816804024,0.05524281931369217,0.0027107778967315702,2.0058452986861183e-15,2
32,dsm_net_eps,0.4,0.5740127772134748,0.4977779016600669,0.22009668009467026,2.3938900061918266e-16,2
32,dsm_net_x0,0.4,0.6250672147213906,0.5420517780997094,0.26098996746730885,2.517129436843864e-16,2
32,em_bp,0.8,0.11547320723202407,0.04174985823037396,0.0060176884203648195,2.374594319966246e-15,2
32,dsm_net_eps,0.8,0.7651323234113202,0.2766370381114712,0.2642045784645291,3.3349300022522104e-16,2
32,dsm_net_x0,0.8,0.6468813793171115,0.23388287660610063,0.18884980497966813,4.472994599160654e-16,2
32,em_bp,1.6,0.3013038845727895,0.024489288607072772,0.01367711542952005,3.838837757400802e-15,2
32,dsm_net_eps,1.6,2.1240007538086147,0.17263390923555572,0.6796641822460447,4.751744229813655e-16,2
32,dsm_net_x0,1.6,0.8533741409594382,0.06936029270714492,0.10971449484407808,1.3622233260425738e-15,2
64,em_bp,0.1,0.035931433771366636,0.10767319938324141,0.0011232966362779628,2.0125933862787593e-15,2
64,dsm_net_eps,0.1,0.41029523816802227,1.2295028711173999,0.14646650458197658,1.844586111844402e-16,2
64,dsm_net_x0,0.1,0.5590766019916394,1.675345515566976,0.27194933289827583,1.6403996435408262e-16,2
64,em_bp,0.2,0.044831864199323404,0.07546419240538497,0.0016196923947422615,1.865392099284882e-15,2
64,dsm_net_eps,0.2,0.4795637438612533,0.8072359087387351,0.1853325199254628,1.9534422002264577e-16,2
64,dsm_net_x0,0.2,0.5394076125408194,0.907969378135386,0.2344731345486829,1.9978085089100452e-16,2
64,em_bp,0.4,0.055186772212484275,0.047857394054324626,0.0020344187960875176,2.312671209073404e-15,2
64,dsm_net_eps,0.4,0.4909407077314671,0.42573866825823886,0.16100095833876293,2.6348112246543156e-16,2
64,dsm_net_x0,0.4,0.5359829208306369,0.46479880631208575,0.1918988068872549,2.7971102768637433e-16,2
64,em_bp,0.8,0.09113987791924195,0.032952033406470446,0.003748729688572223,3.0864560024844046e-15,2
64,dsm_net_eps,0.8,0.7170310855426775,0.25924581888529913,0.2320295024984642,3.5118920770242904e-16,2
64,dsm_net_x0,0.8,0.580772106535033,0.20998077123875736,0.15222246144481683,4.892004134485637e-16,2
64,em_bp,1.6,0.2356384414600779,0.019152152014298356,0.008365219355795605,4.858687590186859e-15,2
64,dsm_net_eps,1.6,2.2589245250135104,0.18360020387087467,0.7687559525558123,4.514540714312209e-16,2
64,dsm_net_x0,1.6,0.7569134295930454,0.06152018734891328,0.0863132504860034,1.531015012921371e-15,2
128,em_bp,0.1,0.034944371004014506,0.10471533783980436,0.001062428761628141,2.0551109133067876e-15,2
128,dsm_net_eps,0.1,0.34746070263944745,1.0412110396482912,0.10504049292440339,2.083816630730512e-16,2
128,dsm_net_x0,0.1,0.49740964210340366,1.4905524758665787,0.2152651684325465,1.781811442442996e-16,2
128,em_bp,0.2,0.0364995718578471,0.06143868345845672,0.0010735801850579735,2.3243457251769924e-15,2
128,dsm_net_eps,0.2,0.42125458566178003,0.709085773518003,0.14300401463431006,2.153906295040109e-16,2
128,dsm_net_x0,0.2,0.4790674026050229,0.8064004317241639,0.18494908571573176,2.145173928180282e-16,2
128,em_bp,0.4,0.04332931497234017,0.037574730639276965,0.001254105343803256,2.93197596591135e-15,2
128,dsm_net_eps,0.4,0.4597164152560756,0.3986612870461474,0.1411725942277213,2.8121810792658625e-16,2
128,dsm_net_x0,0.4,0.46082632757314795,0.39962379144700927,0.14185509477181016,3.1504581781032755e-16,2
128,em_bp,0.8,0.059040530036422026,0.021346369586097005,0.0015731413117260607,4.767047017394055e-15,2
128,dsm_net_eps,0.8,0.6560980293694618,0.23721519794945276,0.1942695379720446,3.830931374448588e-16,2
128,dsm_net_x0,0.8,0.4640664182864909,0.16778530394508043,0.09719132999096487,6.157750706733297e-16,2
128,em_bp,1.6,0.13068274374893502,0.010621593651769413,0.0025728918941284504,8.903418294386636e-15,2
128,dsm_net_eps,1.6,2.3540635112215105,0.19133288244000599,0.8348748949280635,4.403613106143073e-16,2
128,dsm_net_x0,1.6,0.5806156067583209,0.04719110470094247,0.05078815790358899,1.9702577720705814e-15,2
256,em_bp,0.1,0.01304035644429537,0.03907711861401037,0.00014795317490926555,5.503815776363799e-15,2
256,dsm_net_eps,0.1,0.22343311062928828,0.6695462814728134,0.04343506018182676,3.1490122042260726e-16,2
256,dsm_net_x0,0.1,0.3890348745116794,1.1657934352653343,0.13168079311446276,2.135540469305987e-16,2
256,em_bp,0.2,0.015403308205550593,0.025927947339755238,0.00019119959035006286,5.451066846613299e-15,2
256,dsm_net_eps,0.2,0.27927977079413424,0.47010363576311953,0.06285472137380546,2.995000257617628e-16,2
256,dsm_net_x0,0.2,0.3726760881967031,0.6273149806914938,0.11192368572053825,2.593002613594877e-16,2
256,em_bp,0.4,0.015114647793592298,0.013107265137109067,0.00015260418209633576,8.445020036050797e-15,2
256,dsm_net_eps,0.4,0.3586121081041287,0.3109846849551554,0.08590536160018288,3.416534810664144e-16,2
256,dsm_net_x0,0.4,0.35221682605527077,0.3054387629736647,0.08286870856595431,3.912948412263739e-16,2
256,em_bp,0.8,0.02677592827035595,0.009680957479840394,0.00032356110692290384,1.0416521923334049e-14,2
256,dsm_net_eps,0.8,0.6075173467755521,0.21965063332317433,0.16656532894850912,4.0718466748360583e-16,2
256,dsm_net_x0,0.8,0.36228909123724734,0.13098725288866273,0.059234913053090164,7.821071579077754e-16,2
256,em_bp,1.6,0.0488579778550329,0.003971064369602639,0.0003596300945042251,2.3871030307000968e-14,2
256,dsm_net_eps,1.6,2.2763010762526656,0.18501253009725113,0.7806285988972366,4.50825513907188e-16,2
256,dsm_net_x0,1.6,0.4225309866490704,0.034342349393044536,0.026896896887237422,2.7640072518848264e-15,2
512,em_bp,0.1,0.012947642991862022,0.038799290734586316,0.0001458568385535031,5.507901801872933e-15,2
512,dsm_net_eps,0.1,0.15253159091795543,0.4570806861105495,0.02024253803738954,4.550762601930727e-16,2
512,dsm_net_x0,0.1,0.3282444721303686,0.9836271137697981,0.09374329315246469,2.3856044398399315e-16,2
512,em_bp,0.2,0.013594473740507892,0.022883188114651815,0.0001489305341412181,6.226020984190549e-15,2
512,dsm_net_eps,0.2,0.19433236155287528,0.3271140958497181,0.030433310951599027,4.244505819594455e-16,2
512,dsm_net_x0,0.2,0.30278918594066895,0.509676360646216,0.0738821742297352,2.998417236825212e-16,2
512,em_bp,0.4,0.013647489973817218,0.011834961157261958,0.00012441591569191754,9.334761173872992e-15,2
512,dsm_net_eps,0.4,0.26986680850660855,0.2340256854877642,0.048648484820712205,4.4694361699055635e-16,2
512,dsm_net_x0,0.4,0.29160403392805473,0.252875980965029,0.056801189100018634,4.525043688669337e-16,2
512,em_bp,0.8,0.0338889148857823,0.012252689831500926,0.0005183016205987025,8.133413961959213e-15,2
512,dsm_net_eps,0.8,0.526542785618481,0.19037391598231473,0.12512225823553813,4.726726169220979e-16,2
512,dsm_net_x0,0.8,0.29104887649519184,0.10523003234306968,0.03822954198969157,9.573071951530006e-16,2
512,em_bp,1.6,0.12194499721808315,0.009911409656389206,0.0022403353247685046,9.421283327153935e-15,2
512,dsm_net_eps,1.6,2.1266140171954597,0.17284630928933356,0.6813376601458003,4.834111738797728e-16,2
512,dsm_net_x0,1.6,0.40942926455411177,0.03327747147390309,0.02525473483867713,2.848708527233481e-15,2
1024,em_bp,0.1,0.020798064039642176,0.062324095118919634,0.0003763493638076522,3.4620171182209506e-15,2
1024,dsm_net_eps,0.1,0.11011950469539707,0.32998737151702323,0.010550519940388248,6.235665194232331e-16,2
1024,dsm_net_x0,0.1,0.25177901319038826,0.7544884532096793,0.055154940207978884,3.0305335104950356e-16,2
1024,em_bp,0.2,0.021912376510390373,0.03688447550803148,0.0003869349061104932,3.760859848904148e-15,2
1024,dsm_net_eps,0.2,0.1439257677128406,0.24226612077707152,0.016693063914043266,5.424477605917778e-16,2
1024,dsm_net_x0,0.2,0.23830924486908797,0.40113912343297714,0.0457657651683388,3.6938646573710785e-16,2
1024,em_bp,0.4,0.024675481372308235,0.021398320433887594,0.00040672572299338205,5.1662421429916285e-15,2
1024,dsm_net_eps,0.4,0.21607407799817524,0.1873771898792856,0.03118715146297299,5.469780656142854e-16,2
1024,dsm_net_x0,0.4,0.2330462268068611,0.202095260549528,0.036278934540907054,5.555888626364927e-16,2
1024,em_bp,0.8,0.03358539003767489,0.012142949055422738,0.0005090588981756323,8.345004437592952e-15,2
1024,dsm_net_eps,0.8,0.45720644766871815,0.1653050506670965,0.09433914443379127,5.386807755951849e-16,2
1024,dsm_net_x0,0.8,0.25173986226991235,0.09101768118022752,0.02860034165357162,1.0952704162081003e-15,2
1024,em_bp,1.6,0.06203271804215665,0.0050418770317863255,0.000579731197444024,1.877266533062302e-14,2
1024,dsm_net_eps,1.6,1.9775043558834304,0.16072701804570874,0.5891419502556361,5.157657878234998e-16,2
1024,dsm_net_x0,1.6,0.32634830382339086,0.02652484155686005,0.01604529736098346,3.5387348958351167e-15,2
2048,em_bp,0.1,0.010596531719105037,0.03175388101187486,9.76951151045292e-05,6.750433075793598e-15,2
2048,dsm_net_eps,0.1,0.08177676876168127,0.2450546889896299,0.0058184225353103535,8.433742359380402e-16,2
2048,dsm_net_x0,0.1,0.2035272428823977,0.6098957682078686,0.036040471398139026,3.6455191916284777e-16,2
2048,em_bp,0.2,0.011326050857823091,0.019064816875066205,0.00010337510451748845,7.477458405218832e-15,2
2048,dsm_net_eps,0.2,0.10970069898761477,0.18465604326869642,0.009697900778220176,7.175693351493383e-16,2
2048,dsm_net_x0,0.2,0.19929745602365026,0.33547169710376396,0.0320082888073502,4.3011920871212676e-16,2
2048,em_bp,0.4,0.008616536340126166,0.007472170566981295,4.95947631347927e-05,1.4504885399950175e-14,2
2048,dsm_net_eps,0.4,0.17944251856732002,0.15561068308383527,0.021509042850102553,6.426283073867942e-16,2
2048,dsm_net_x0,0.4,0.19722178464946302,0.17102867744693603,0.02598245245332967,6.506816173553399e-16,2
2048,em_bp,0.8,0.012199613931333493,0.0044108253707290795,6.716753574025677e-05,2.2761298569605977e-14,2
2048,dsm_net_eps,0.8,0.41177135266237763,0.14887778740258206,0.07652079946003607,5.965905059357143e-16,2
2048,dsm_net_x0,0.8,0.2023064004617819,0.07314479038765506,0.018470833205117384,1.389718310612225e-15,2
2048,em_bp,1.6,0.011129812164752236,0.0009046056031822624,1.866210894010568e-05,1.023110904813239e-13,2
2048,dsm_net_eps,1.6,1.818553588110331,0.1478078642424631,0.4982384693946951,5.64202763056931e-16,2
2048,dsm_net_x0,1.6,0.23803698063681955,0.019347099776813533,0.00853638347031982,4.8741073212223466e-15,2
4096,em_bp,0.1,0.010172971856117681,0.03048462897288391,9.004115349699792e-05,6.964654952921582e-15,2
4096,dsm_net_eps,0.1,0.07595854660703953,0.22761963203924576,0.005019941506535277,9.116942602041807e-16,2
4096,dsm_net_x0,0.1,0.16862089434916994,0.5052943696309424,0.02473820253644829,4.2859538045280044e-16,2
4096,em_bp,0.2,0.008284235731392732,0.013944616632177014,5.530492957852169e-05,1.0083115775050449e-14,2
4096,dsm_net_eps,0.2,0.10232204156131611,0.17223576064926369,0.00843718050065497,7.726366144561328e-16,2
4096,dsm_net_x0,0.2,0.16674419618751907,0.2806757275947964,0.022405797151069738,5.091403099648796e-16,2
4096,em_bp,0.4,0.005512362348352664,0.00478026321343102,2.029765599204569e-05,2.2791596110613694e-14,2
4096,dsm_net_eps,0.4,0.16776131454657744,0.14548086462485363,0.018799833955131223,6.903179103493828e-16,2
4096,dsm_net_x0,0.4,0.16323558566429305,0.14155619967672814,0.017799182496730133,7.716737784519081e-16,2
4096,em_bp,0.8,0.006181459185834127,0.0022349344133731305,1.724444624432624e-05,4.5099978135894597e-14,2
4096,dsm_net_eps,0.8,0.3821974098467132,0.1381851951600696,0.06592387385196327,6.355421424043243e-16,2
4096,dsm_net_x0,0.8,0.1767374190338554,0.0639002099754558,0.01409692073276962,1.560485190666252e-15,2
4096,em_bp,1.6,0.016000589122445626,0.0013004911817129207,3.857065346677487e-05,7.334912372321678e-14,2
4096,dsm_net_eps,1.6,1.7399952029320496,0.14142281889243624,0.45612213910417754,5.740327756743555e-16,2
4096,dsm_net_x0,1.6,0.25448173919990236,0.020683692031825362,0.00975659547721166,4.533233525704555e-15,2
32,em_bp,0.1,0.04114012961664979,0.12328173172972293,0.0014725724642383263,1.7493051862047433e-15,3
32,dsm_net_eps,0.1,0.44275778565381224,1.3267811030456453,0.17056023177722907,1.764612071670067e-16,3
32,dsm_net_x0,0.1,0.6283106335255437,1.882814266435366,0.34347424972627194,1.6295099361419898e-16,3
32,em_bp,0.2,0.05896199823029903,0.09924904213830142,0.002801581968870013,1.4299524737114693e-15,3
32,dsm_net_eps,0.2,0.5149613636700644,0.8668197078881155,0.21370182900266965,1.8999330627019593e-16,3
32,dsm_net_x0,0.2,0.6101466844956882,1.0270424310168487,0.30000428522024347,1.889280186679028e-16,3
32,em_bp,0.4,0.07504868928187183,0.06508144166131562,0.0037623274907958608,1.6617920274615955e-15,3
32,dsm_net_eps,0.4,0.5403867307009308,0.4686177443628837,0.19506516751900832,2.4584211518364636e-16,3
32,dsm_net_x0,0.4,0.597158242360479,0.5178494079595466,0.23820410124948646,2.5842276555449143e-16,3
32,em_bp,0.8,0.12198477032786617,0.044104143199382335,0.0067155017456311155,2.258438321112905e-15,3
32,dsm_net_eps,0.8,0.7263782510035194,0.26262532866250554,0.23811837221159532,3.43451311128359e-16,3
32,dsm_net_x0,0.8,0.6290603275222512,0.22743959505372646,0.17858781924579095,4.641111812787459e-16,3
32,em_bp,1.6,0.354824297575667,0.028839305010796113,0.01896757254870739,3.203751235286756e-15,3
32,dsm_net_eps,1.6,2.1425786731920113,0.17414387990899727,0.6916057668356335,4.804789174819574e-16,3
32,dsm_net_x0,1.6,0.7827513801058982,0.06362023669949393,0.09230659573755041,1.4492082572569126e-15,3
64,em_bp,0.1,0.044339500973518374,0.13286906276140747,0.0017105153108892507,1.611502366483061e-15,3
64,dsm_net_eps,0.1,0.4278186643268278,1.282014089308146,0.15924463838940583,1.7996925463571244e-16,3
64,dsm_net_x0,0.1,0.5745307593986305,1.7216559016865798,0.2871917328422944,1.640145185707329e-16,3
64,em_bp,0.2,0.04497400283909766,0.07570345030491096,0.0016299790885294816,1.8173187321053865e-15,3
64,dsm_net_eps,0.2,0.5068770364812228,0.853211591577484,0.20704472950544994,1.8681662517545185e-16,3
64,dsm_net_x0,0.2,0.5635008006336205,0.9485247512916448,0.25588688156298944,1.9926854217575598e-16,3
64,em_bp,0.4,0.04398200451656431,0.03814073621381582,0.0012921722497895019,2.9002655026824826e-15,3
64,dsm_net_eps,0.4,0.5430278505511025,0.4709080959878655,0.19697657445683936,2.4985705462191575e-16,3
64,dsm_net_x0,0.4,0.551259668342487,0.47804664263648744,0.20299381768938524,2.7302324786128144e-16,3
64,em_bp,0.8,0.05201415785710252,0.01880595307397056,0.0012209851540320778,5.411473429343162e-15,3
64,dsm_net_eps,0.8,0.7687826533872297,0.27795683135738053,0.2667315517649396,3.2872981621803117e-16,3
64,dsm_net_x0,0.8,0.580249010601402,0.20979164354763769,0.15194837427680885,4.939735903267317e-16,3
64,em_bp,1.6,0.09663719818655468,0.007854449802148852,0.0014069339525719794,1.1901596519866408e-14,3
64,dsm_net_eps,1.6,2.4799628386772374,0.2015656909876662,0.9265639451442541,4.1455413473134567e-16,3
64,dsm_net_x0,1.6,0.6939660143552794,0.0564039658272007,0.07255401575142593,1.6580053555259653e-15,3
128,em_bp,0.1,0.0180268833610818,0.05401989296466563,0.00028273961446307743,3.9784827665335174e-15,3
128,dsm_net_eps,0.1,0.3385933883367813,1.0146389827974542,0.0997475668934542,2.1713320962360964e-16,3
128,dsm_net_x0,0.1,0.49743159910468354,1.4906182728673805,0.21528417362062743,1.7980506376661243e-16,3
128,em_bp,0.2,0.02264712856805803,0.038121262593296644,0.0004133188743971428,3.687221067985893e-15,3
128,dsm_net_eps,0.2,0.411517954648643,0.6926963815246472,0.13646979008220883,2.2088375946996728e-16,3
128,dsm_net_x0,0.2,0.47734832067699323,0.8035067503728671,0.18362412735855704,2.193849793932007e-16,3
128,em_bp,0.4,0.028447896284526073,0.024669719353456555,0.0005405933317139288,4.4983150909944895e-15,3
128,dsm_net_eps,0.4,0.45709584375329154,0.396388754733995,0.13956769858403945,2.854327598154954e-16,3
128,dsm_net_x0,0.4,0.45573811902307687,0.39521134998959334,0.13873980619329096,3.1783881541777923e-16,3
128,em_bp,0.8,0.05463290406015616,0.019752772559975956,0.001347025488386656,5.050375548805703e-15,3
128,dsm_net_eps,0.8,0.6624345698357773,0.23950620269835635,0.19804013677257037,3.7319819377029217e-16,3
128,dsm_net_x0,0.8,0.4643610403189406,0.16789182586805435,0.09731477696197469,6.026232491978557e-16,3
128,em_bp,1.6,0.15828292667193122,0.01286487321043693,0.0037744458063554776,7.378106581734782e-15,3
128,dsm_net_eps,1.6,2.2407797728976804,0.18212544003934156,0.756455529047867,4.635061313632302e-16,3
128,dsm_net_x0,1.6,0.5542432573120295,0.045047620630856475,0.04627920471690925,2.072780234408316e-15,3
256,em_bp,0.1,0.022175120919205357,0.06645062457774205,0.0004278360316683109,3.246444619824547e-15,3
256,dsm_net_eps,0.1,0.23740972229226676,0.7114290102240735,0.049039085648936,2.953085249111277e-16,3
256,dsm_net_x0,0.1,0.4126886194518968,1.236674948408234,0.14818025893680778,2.0437578723082966e-16,3
256,em_bp,0.2,0.025934450018599606,0.043654716596883726,0.0005420171544285,3.2226047167440376e-15,3
256,dsm_net_eps,0.2,0.3038249030652334,0.5114197536048087,0.07438847967313489,2.781352199898445e-16,3
256,dsm_net_x0,0.2,0.38726694995040706,0.6518753601984987,0.12085922833146029,2.5491846037648366e-16,3
256,em_bp,0.4,0.02839778042807681,0.024626259404735014,0.0005386903133908555,4.412216561329259e-15,3
256,dsm_net_eps,0.4,0.37236254449110545,0.3229089201696514,0.09261948271651063,3.3609892471287043e-16,3
256,dsm_net_x0,0.4,0.36408290132035076,0.31572889985017405,0.08854640615492226,3.738037048775162e-16,3
256,em_bp,0.8,0.03665704970946664,0.0132535214462249,0.0006064322061404442,7.709160549895161e-15,3
256,dsm_net_eps,0.8,0.6147180090054463,0.22225406518818552,0.17053719434841358,3.987646194167107e-16,3
256,dsm_net_x0,0.8,0.37388818265022405,0.13518095663779206,0.06308857503262455,7.500101915733209e-16,3
256,em_bp,1.6,0.07555426470880863,0.006140877329121179,0.0008600090417963733,1.518059657545242e-14,3
256,dsm_net_eps,1.6,2.3564154809087663,0.19152404514123686,0.8365439929478207,4.3501029923425705e-16,3
256,dsm_net_x0,1.6,0.44156171347901096,0.03588912321709123,0.029374323292075087,2.6020227683198003e-15,3
512,em_bp,0.1,0.019167443520541113,0.05743772934268149,0.00031964929317886256,3.764808245133038e-15,3
512,dsm_net_eps,0.1,0.1604928591748771,0.48093765852711096,0.022410770703375986,4.2447770006118175e-16,3
512,dsm_net_x0,0.1,0.33148401891506346,0.9933348356792351,0.09560278749011103,2.405534995622283e-16,3
512,em_bp,0.2,0.022959990298430096,0.038647893779367996,0.0004248174495287708,3.605511595881766e-15,3
512,dsm_net_eps,0.2,0.20568391858265034,0.34622184653318333,0.03409256067834235,4.005705643127206e-16,3
512,dsm_net_x0,0.2,0.31368801909417704,0.528022054201001,0.07929664450274954,2.9574090284419435e-16,3
512,em_bp,0.4,0.028301045604977856,0.02454237197370358,0.0005350265511621623,4.4533831966674784e-15,3
512,dsm_net_eps,0.4,0.2783381008733671,0.24137190199385733,0.05175063603439492,4.3106592359024804e-16,3
512,dsm_net_x0,0.4,0.2890944537454931,0.2506996991697221,0.0558277200605411,4.697435417131041e-16,3
512,em_bp,0.8,0.047249625220694716,0.01708331483716882,0.0010075438972130249,5.88277834353063e-15,3
512,dsm_net_eps,0.8,0.5214912848734014,0.18854752313315853,0.12273300015564459,4.735049388012761e-16,3
512,dsm_net_x0,0.8,0.30408233262229134,0.10994233711576759,0.041730118389995866,9.005924118629758e-16,3
512,em_bp,1.6,0.13354938283451676,0.010854587501147307,0.0026870071447897426,8.663475503853743e-15,3
512,dsm_net_eps,1.6,2.1483022888187397,0.17460908225830532,0.695305768996203,4.823199673805924e-16,3
512,dsm_net_x0,1.6,0.4057520552480212,0.03297859633628863,0.02480313100490649,2.88731470814297e-15,3
1024,em_bp,0.1,0.012564929460313425,0.037652440022997564,0.0001373616419756801,5.736913189930133e-15,3
1024,dsm_net_eps,0.1,0.10700212144330719,0.32064572847010053,0.009961623885598937,6.404405944678034e-16,3
1024,dsm_net_x0,0.1,0.24784991193756764,0.7427143919438851,0.05344694692721482,3.0465973922001615e-16,3
1024,em_bp,0.2,0.011676229551950135,0.01965426263695511,0.0001098662233388395,7.190025375810346e-15,3
1024,dsm_net_eps,0.2,0.14006794970976458,0.23577236627347267,0.015810168187238065,5.671674605716011e-16,3
1024,dsm_net_x0,0.2,0.23663565485819793,0.39832201732228717,0.04512521780165056,3.7678349093385146e-16,3
1024,em_bp,0.4,0.011014909351613146,0.00955201466183169,8.104611981647545e-05,1.1379916772767145e-14,3
1024,dsm_net_eps,0.4,0.21495997273158296,0.18641104939627243,0.030866370800849335,5.482417369289598e-16,3
1024,dsm_net_x0,0.4,0.23046485315212695,0.19985672020293177,0.03547968689465454,5.623312655122697e-16,3
1024,em_bp,0.8,0.016578931411660242,0.005994187332626116,0.00012404529901599776,1.6686139182937977e-14,3
1024,dsm_net_eps,0.8,0.45798337547454593,0.1655859524150091,0.09466003657981853,5.305464969395441e-16,3
1024,dsm_net_x0,0.8,0.2526861514697832,0.09135981630305437,0.02881576293232858,1.0951385492414382e-15,3
1024,em_bp,1.6,0.03684727193078935,0.002994861742243476,0.00020454823166516473,3.169221371415863e-14,3
1024,dsm_net_eps,1.6,1.9596176132667151,0.15927322463444138,0.5785324438999677,5.197729620181567e-16,3
1024,dsm_net_x0,1.6,0.36202938645414146,0.029424918107801984,0.019745707484855386,3.107992264389171e-15,3
2048,em_bp,0.1,0.014880553397568599,0.04459150734436261,0.00019265643925726438,4.917292404394547e-15,3
2048,dsm_net_eps,0.1,0.08173764469422024,0.24493744864950814,0.005812856507090052,8.249612892664656e-16,3
2048,dsm_net_x0,0.1,0.20530932169629063,0.6152359983992352,0.03667437322216648,3.4791260467603577e-16,3
2048,em_bp,0.2,0.01283505958530932,0.021604888027274612,0.0001327561732349369,6.4920930862746545e-15,3
2048,dsm_net_eps,0.2,0.10697518190100355,0.18006825845310764,0.009221997795579952,7.378128195710085e-16,3
2048,dsm_net_x0,0.2,0.2034374516083476,0.34244043304505806,0.033351913879126865,4.224423572521555e-16,3
2048,em_bp,0.4,0.012521006849134245,0.010858086724636522,0.00010472464061486502,9.953001010494892e-15,3
2048,dsm_net_eps,0.4,0.17130946809541506,0.14855778642593626,0.019603476919798746,6.715505904124418e-16,3
2048,dsm_net_x0,0.4,0.19857522164479358,0.17220236391230576,0.026340285891179007,6.484627992400587e-16,3
2048,em_bp,0.8,0.016899237978459998,0.0061099956146917316,0.0001288847354032233,1.6518200952446897e-14,3
2048,dsm_net_eps,0.8,0.397815548036094,0.14383200337523283,0.07142179262478429,6.210515474638878e-16,3
2048,dsm_net_x0,0.8,0.21295167050033686,0.07699363572231953,0.020465829095828128,1.283592060275194e-15,3
2048,em_bp,1.6,0.02356261275396314,0.001915115116709012,8.36434508457288e-05,4.899588858407441e-14,3
2048,dsm_net_eps,1.6,1.7918661139062313,0.14563876755489577,0.48372236063191515,5.697413532115413e-16,3
2048,dsm_net_x0,1.6,0.31504679972357863,0.025606281227023155,0.014953236260824903,3.7613168291199546e-15,3
4096,em_bp,0.1,0.011747939455598436,0.03520422356073401,0.0001200794702648375,6.242276890752457e-15,3
4096,dsm_net_eps,0.1,0.07570818220826774,0.2268693826615295,0.004986903924299373,8.965198311220287e-16,3
4096,dsm_net_x0,0.1,0.17605216003090798,0.5275631206223723,0.026966717144072217,4.0603447076172986e-16,3
4096,em_bp,0.2,0.010076129695200522,0.016960860396960722,8.181754511079917e-05,8.360402031612938e-15,3
4096,dsm_net_eps,0.2,0.09736982573762169,0.16389983765282695,0.007640252863303351,8.160948439388053e-16,3
4096,dsm_net_x0,0.2,0.17229102798677562,0.29001255062491527,0.023921272111726566,4.880391186293785e-16,3
4096,em_bp,0.4,0.00886949407423422,0.0076915328792703155,5.254943709190258e-05,1.3854252629812613e-14,3
4096,dsm_net_eps,0.4,0.1621603593655749,0.14062377462970416,0.017565469756634852,7.139436438384029e-16,3
4096,dsm_net_x0,0.4,0.17054984698256914,0.1478990509088547,0.019430010738660134,7.519384687475577e-16,3
4096,em_bp,0.8,0.013059404849282374,0.004721686650090634,7.696867522220694e-05,2.161578598665302e-14,3
4096,dsm_net_eps,0.8,0.3811488898457579,0.1378060980306062,0.06556265902844029,6.453132429940404e-16,3
4096,dsm_net_x0,0.8,0.18640042543503949,0.06739391346736635,0.015680540883263733,1.4781543999908837e-15,3
4096,em_bp,1.6,0.023512504625061603,0.0019110424429299494,8.328807766614158e-05,4.9829532450018177e-14,3
4096,dsm_net_eps,1.6,1.758384386938095,0.14291744958732797,0.46581416218122085,5.892438868305882e-16,3
4096,dsm_net_x0,1.6,0.2630399382747919,0.021379282821830988,0.010423856844175598,4.366050195026941e-15,3
32,em_bp,0.1,0.04432535894410928,0.13282668433693554,0.0017094243513795728,1.6308691287097456e-15,4
32,dsm_net_eps,0.1,0.46232301391755787,1.3854108459394479,0.18596721589723997,1.7464814644130587e-16,4
32,dsm_net_x0,0.1,0.6264562735086272,1.877257436248732,0.34144982107668354,1.593053932942376e-16,4
32,em_bp,0.2,0.05894463189322786,0.09921980988072032,0.0027999318873517176,1.4311658658628437e-15,4
32,dsm_net_eps,0.2,0.546038456419336,0.919130887637505,0.2402732414706637,1.814034947869928e-16,4
32,dsm_net_x0,0.2,0.6134835997753512,1.0326593648919464,0.3032947280114433,1.9002129885892938e-16,4
32,em_bp,0.4,0.06627458323843813,0.0574726282888233,0.0029340288724610973,1.918522875961953e-15,4
32,dsm_net_eps,0.4,0.5692550539799277,0.4936520536269079,0.21646324396175498,2.4334678617435084e-16,4
32,dsm_net_x0,0.4,0.6112555947635855,0.5300744851298602,0.24958361273020738,2.5744910505806705e-16,4
32,em_bp,0.8,0.08753702390519354,0.03164940530843023,0.003458205485131219,3.2024357054468242e-15,4
32,dsm_net_eps,0.8,0.759566661153781,0.27462474785141544,0.2603748480829237,3.336467017808999e-16,4
32,dsm_net_x0,0.8,0.6187147675094475,0.2236991112289333,0.17276199259339087,4.758781123486204e-16,4
32,em_bp,1.6,0.16963550777336994,0.013787584961805566,0.004335294219597672,6.939296069808862e-15,4
32,dsm_net_eps,1.6,2.190660317181048,0.17805184564272675,0.7229947322283004,4.719315023304532e-16,4
32,dsm_net_x0,1.6,0.8851765697760378,0.07194512117293074,0.11804425894901602,1.3088416207535948e-15,4
64,em_bp,0.1,0.03384516925965145,0.10142143731425603,0.0009966409894378067,2.1052029301909555e-15,4
64,dsm_net_eps,0.1,0.4124380870944488,1.2359241957205709,0.14800040090649189,1.8801247180924454e-16,4
64,dsm_net_x0,0.1,0.5726457367775102,1.7160071870314035,0.28531028505438416,1.66939920435663e-16,4
64,em_bp,0.2,0.03424695185671005,0.057646912756568525,0.0009451544714980024,2.4340672436897808e-15,4
64,dsm_net_eps,0.2,0.48400721568687594,0.8147154775406443,0.1887828852470567,1.9843415057369569e-16,4
64,dsm_net_x0,0.2,0.5483880246752765,0.9230858485587721,0.24234545070933233,2.0164830680911384e-16,4
64,em_bp,0.4,0.028122217151635074,0.024387293801586545,0.0005282864690238732,4.5617009353716755e-15,4
64,dsm_net_eps,0.4,0.5046139648663293,0.43759597442917625,0.17009396414841937,2.6182220485801483e-16,4
64,dsm_net_x0,0.4,0.527133931759267,0.45712505515772556,0.18561467872313298,2.8235787133518175e-16,4
64,em_bp,0.8,0.023855900044845,0.008625208121473535,0.0002568377481369208,1.1441510217257406e-14,4
64,dsm_net_eps,0.8,0.6966325953347914,0.2518706528644776,0.21901548562555645,3.6065316081148615e-16,4
64,dsm_net_x0,0.8,0.5588206318874438,0.2020441166982543,0.1409328079073558,5.132294156712905e-16,4
64,em_bp,1.6,0.03104881730479874,0.0025235766507411277,0.00014523629929164656,3.7928757566331743e-14,4
64,dsm_net_eps,1.6,2.2460843323077055,0.1825565824605874,0.7600412565681377,4.525843424468284e-16,4
64,dsm_net_x0,1.6,0.7312343769133284,0.05943305284972995,0.08055606638662577,1.5749407978182742e-15,4
128,em_bp,0.1,0.027766984538315904,0.08320736883168789,0.000670815055055064,2.5746603655987587e-15,4
128,dsm_net_eps,0.1,0.34013820131266725,1.0192682151465107,0.10065982836945778,2.161138292147822e-16,4
128,dsm_net_x0,0.1,0.49621176089041136,1.4869628695206514,0.21422959701408362,1.7579189174003817e-16,4
128,em_bp,0.2,0.033822181605827055,0.056931909164520664,0.0009218540776631599,2.5153711986871204e-15,4
128,dsm_net_eps,0.2,0.4152546448489652,0.6989862450686368,0.13895940464041734,2.1803174196541112e-16,4
128,dsm_net_x0,0.2,0.47460248463633875,0.7988847632441518,0.1815176924012351,2.205659480225556e-16,4
128,em_bp,0.4,0.04125087447862691,0.03577232869152183,0.0011366760035046715,3.0577345237096e-15,4
128,dsm_net_eps,0.4,0.45760450872089103,0.39682986369580026,0.13987849861051688,2.8115975943393364e-16,4
128,dsm_net_x0,0.4,0.45426027021973453,0.3939297749001507,0.13784146565022234,3.25545023813612e-16,4
128,em_bp,0.8,0.05176504895516717,0.018715886628350602,0.0012093179488625815,5.305581345624324e-15,4
128,dsm_net_eps,0.8,0.6483087351862312,0.2343989435501866,0.18968412569500173,3.854711319839987e-16,4
128,dsm_net_x0,0.8,0.4592175379339266,0.16603216941155324,0.09517089911135385,6.145424408709371e-16,4
128,em_bp,1.6,0.06631902720341849,0.0053902584084755505,0.0006626151247676105,1.7980759206566186e-14,4
128,dsm_net_eps,1.6,2.1765584148959745,0.1769056753719466,0.7137164475049707,4.666772764013732e-16,4
128,dsm_net_x0,1.6,0.527312320976875,0.042858735899730556,0.041891015506095364,2.2070006089087195e-15,4
256,em_bp,0.1,0.018818381198116213,0.05639171884171494,0.00030811290401957256,3.855296249677739e-15,4
256,dsm_net_eps,0.1,0.24515329856003126,0.7346336403739221,0.05229026540961046,2.881247659510822e-16,4
256,dsm_net_x0,0.1,0.41668494470016154,1.2486504550911763,0.15106400078049254,2.0182624646110226e-16,4
256,em_bp,0.2,0.023281457982668445,0.03918901112098954,0.0004367966462309415,3.5227391932428304e-15,4
256,dsm_net_eps,0.2,0.31009936910676567,0.5219813825054955,0.07749268560161733,2.8132592012401527e-16,4
256,dsm_net_x0,0.2,0.3922013841454412,0.660181351888922,0.12395875077297078,2.475576850948061e-16,4
256,em_bp,0.4,0.030217316422749784,0.026204142067591543,0.000609933036431717,4.148305875885107e-15,4
256,dsm_net_eps,0.4,0.383077160834154,0.3322005238622149,0.09802636363361492,3.2595419128235847e-16,4
256,dsm_net_x0,0.4,0.376621817994669,0.32660251778866695,0.09475045917279822,3.6798569782910525e-16,4
256,em_bp,0.8,0.05672209080516129,0.020508127438493184,0.0014520170038975573,4.843316090344753e-15,4
256,dsm_net_eps,0.8,0.6069814777609116,0.21945688746707853,0.16627161607297788,4.0312650556040885e-16,4
256,dsm_net_x0,0.8,0.36959313069068317,0.13362806125451396,0.06164743653372835,7.62756503401859e-16,4
256,em_bp,1.6,0.11752272208565229,0.009551977277442173,0.0020807923126102334,9.994594598550056e-15,4
256,dsm_net_eps,1.6,2.258738370054255,0.1835850736227887,0.7686292534697807,4.457432228186357e-16,4
256,dsm_net_x0,1.6,0.4172611410809453,0.03391402843324177,0.026230159608485556,2.7737659919611915e-15,4
512,em_bp,0.1,0.012081946730160132,0.03620511965906877,0.0001270045257561405,5.978028245260342e-15,4
512,dsm_net_eps,0.1,0.15365030058026596,0.4604330446411993,0.020540555871962338,4.523750551261217e-16,4
512,dsm_net_x0,0.1,0.33526448239627876,1.004663484593277,0.09779585731506607,2.3358539915196364e-16,4
512,em_bp,0.2,0.01241070014660828,0.020890575943601327,0.00012412278526627274,6.77699125321159e-15,4
512,dsm_net_eps,0.2,0.1997164583652993,0.33617699173947047,0.03214301853675416,4.0173610272344126e-16,4
512,dsm_net_x0,0.2,0.31638725964109776,0.5325656084702504,0.08066718848197404,2.940788817636282e-16,4
512,em_bp,0.4,0.011772444953123337,0.010208941645204929,9.257712919422928e-05,1.0570905454141594e-14,4
512,dsm_net_eps,0.4,0.2816352986420283,0.24423119755624872,0.05298397589234729,4.283999219930677e-16,4
512,dsm_net_x0,0.4,0.29602189140972685,0.25670710095809857,0.058535324572938405,4.393519624699179e-16,4
512,em_bp,0.8,0.025097154070798766,0.009073989105856542,0.0002842602896624824,1.0955713968540158e-14,4
512,dsm_net_eps,0.8,0.5350768308756231,0.19345943848712716,0.1292110135071769,4.618845056466928e-16,4
512,dsm_net_x0,0.8,0.30940034844975656,0.11186508969349268,0.043202495892960414,9.062807728220926e-16,4
512,em_bp,1.6,0.08297251450374968,0.00674381565646884,0.001037178615370927,1.3613673924501787e-14,4
512,dsm_net_eps,1.6,2.1608432045322576,0.17562837912114118,0.7034472883061099,4.809111384381582e-16,4
512,dsm_net_x0,1.6,0.4110895073035783,0.03341241219631408,0.025459966879635563,2.75750212408321e-15,4
1024,em_bp,0.1,0.013594295219477257,0.04073706796548318,0.00016078989737533482,5.248212175885162e-15,4
1024,dsm_net_eps,0.1,0.11013238891164648,0.3300259807413015,0.010552988951362903,6.213239579057907e-16,4
1024,dsm_net_x0,0.1,0.248784081520995,0.7455137522047127,0.0538505993181308,3.050085854643938e-16,4
1024,em_bp,0.2,0.014373200952870467,0.02419399731776153,0.00016648148529443312,5.906290181175642e-15,4
1024,dsm_net_eps,0.2,0.14199756536414468,0.23902043301375284,0.01624877942410207,5.62372148095372e-16,4
1024,dsm_net_x0,0.2,0.23176812839420755,0.3901286494983719,0.043287885702874944,3.8542295797761225e-16,4
1024,em_bp,0.4,0.012227492961819483,0.010603554538706983,9.987233769735482e-05,1.045750461215156e-14,4
1024,dsm_net_eps,0.4,0.21396246295322202,0.185546019306231,0.030580568120371465,5.578228773627322e-16,4
1024,dsm_net_x0,0.4,0.22611113775665356,0.19608122355892954,0.03415185383164927,5.589781931580745e-16,4
1024,em_bp,0.8,0.015477128627425318,0.005595825572852609,0.00010810555843549284,1.8112913289830542e-14,4
1024,dsm_net_eps,0.8,0.4490672348021678,0.16236228159164753,0.09101018106691776,5.497891110544778e-16,4
1024,dsm_net_x0,0.8,0.2333882325178362,0.08438256677740343,0.024582449221210834,1.2133811246557942e-15,4
1024,em_bp,1.6,0.04349357404672235,0.0035350579329353387,0.0002849936898775609,2.6657798994545852e-14,4
1024,dsm_net_eps,1.6,1.906983145548969,0.15499521583131182,0.5478715637407163,5.255893086992249e-16,4
1024,dsm_net_x0,1.6,0.29036142390237035,0.023599910503602946,0.012701730254213768,3.9579148304567855e-15,4
2048,em_bp,0.1,0.012025094893698822,0.036034755760941214,0.00012581209332335322,5.976462902691707e-15,4
2048,dsm_net_eps,0.1,0.08443679192685734,0.253025793244765,0.0062031004348258156,8.052111755068772e-16,4
2048,dsm_net_x0,0.1,0.2037038176773941,0.6104248974719184,0.03610303402422056,3.639316851857709e-16,4
2048,em_bp,0.2,0.01244524525674726,0.02094872473765108,0.00012481473702065954,6.7788862168550844e-15,4
2048,dsm_net_eps,0.2,0.10881152700167186,0.1831593255428766,0.009541326485173748,7.119732654767628e-16,4
2048,dsm_net_x0,0.2,0.20163464025630803,0.339405812353488,0.032763420537267274,4.292366699533279e-16,4
2048,em_bp,0.4,0.011045227297502113,0.009578306068724266,8.14928839950609e-05,1.1564365083713763e-14,4
2048,dsm_net_eps,0.4,0.17559466135009974,0.1522738613831519,0.02059647922032996,6.705630319152467e-16,4
2048,dsm_net_x0,0.4,0.2000728476028425,0.17350108954431726,0.026739093464079725,6.382760973984891e-16,4
2048,em_bp,0.8,0.011572376256713195,0.004184044764042299,6.043831276500335e-05,2.4356501319227003e-14,4
2048,dsm_net_eps,0.8,0.4023139238096486,0.14545841139935123,0.07304615619013549,6.083627932352631e-16,4
2048,dsm_net_x0,0.8,0.2191340091193025,0.07922888809870281,0.02167139207251676,1.2583967599463386e-15,4
2048,em_bp,1.6,0.016949595402456514,0.0013776242353211192,4.3281641357065554e-05,6.878720219728957e-14,4
2048,dsm_net_eps,1.6,1.7954510753578274,0.1459301449984951,0.4856598499604895,5.62180529404528e-16,4
2048,dsm_net_x0,1.6,0.3182467266865738,0.025866363950581304,0.015258538623312782,3.644414691770888e-15,4
4096,em_bp,0.1,0.01061592924986161,0.031812008227448424,9.805311497488702e-05,6.8497871120248854e-15,4
4096,dsm_net_eps,0.1,0.07350747042037953,0.22027466449274982,0.0047011955852430225,9.255520376833104e-16,4
4096,dsm_net_x0,0.1,0.17996699403023717,0.5392944282134982,0.028179357673473772,4.082639764675787e-16,4
4096,em_bp,0.2,0.010373952226116798,0.017462176529517703,8.672562416047013e-05,8.230749914616962e-15,4
4096,dsm_net_eps,0.2,0.0989253471483328,0.16651820227194467,0.007886314869179307,8.042455055084083e-16,4
4096,dsm_net_x0,0.2,0.1767176367894439,0.2974637343834745,0.025166263362337994,4.808726457046311e-16,4
4096,em_bp,0.4,0.007954411308086452,0.0068979826356858915,4.2265543697902404e-05,1.5936655293117875e-14,4
4096,dsm_net_eps,0.4,0.1720033426018487,0.14915950717073337,0.019762602981111838,6.782919557947302e-16,4
4096,dsm_net_x0,0.4,0.17042276054968097,0.14778884287794705,0.019401064705642443,7.564060248921197e-16,4
4096,em_bp,0.8,0.01102460420899049,0.003985995312717781,5.485209942378164e-05,2.4765727646836134e-14,4
4096,dsm_net_eps,0.8,0.40593866499666464,0.14676895290336997,0.0743683385162936,6.18418910067122e-16,4
4096,dsm_net_x0,0.8,0.1725462978724091,0.06238489124039104,0.013436264104361776,1.6088785959484124e-15,4
4096,em_bp,1.6,0.024227070136390548,0.001969120688620032,8.842739752242208e-05,4.785519625603509e-14,4
4096,dsm_net_eps,1.6,1.8493733935067138,0.1503128273305958,0.5152692919522266,5.377840556324026e-16,4
4096,dsm_net_x0,1.6,0.2641209092643842,0.02146714166433325,0.010509707227139516,4.39631371774498e-15,4
32,em_bp,0.1,0.03129174093885312,0.09376975832906542,0.0008519317740802084,2.2565613613208307e-15,5
32,dsm_net_eps,0.1,0.45349962802758464,1.358970426272047,0.17893662198315713,1.7476480870067534e-16,5
32,dsm_net_x0,0.1,0.6332172832637158,1.8975176784651673,0.3488597653051634,1.596984903492838e-16,5
32,em_bp,0.2,0.042691868910964804,0.07186199965539561,0.0014687547401933492,1.8879443299568368e-15,5
32,dsm_net_eps,0.2,0.5249173663071265,0.8835783618502032,0.22204491355382416,1.8939953167622255e-16,5
32,dsm_net_x0,0.2,0.6184064271102875,1.0409458190873473,0.30818176346324117,1.8865735139321006e-16,5
32,em_bp,0.4,0.06123288654716451,0.0531005214309034,0.0025046084298535752,2.043483743540816e-15,5
32,dsm_net_eps,0.4,0.5567508333933727,0.48280852377433964,0.20705805208374956,2.455369354715627e-16,5
32,dsm_net_x0,0.4,0.6117509388789828,0.5305040423873817,0.24998828752729024,2.5959402417062227e-16,5
32,em_bp,0.8,0.13543256518228353,0.0489662540053544,0.008277771794169272,2.053120682507218e-15,5
32,dsm_net_eps,0.8,0.7594846885781812,0.2745951102974572,0.2603186517112086,3.3665723618799715e-16,5
32,dsm_net_x0,0.8,0.6394749215609238,0.2312050384415403,0.18455009593082086,4.552938971101152e-16,5
32,em_bp,1.6,0.4713519242216535,0.03831040321345267,0.0334715342060245,2.435851321423423e-15,5
32,dsm_net_eps,1.6,2.202080742134388,0.1789800715867577,0.7305526631505072,4.709824936458309e-16,5
32,dsm_net_x0,1.6,0.7879973103852759,0.0640466138794842,0.09354800296964141,1.4724779479004731e-15,5
64,em_bp,0.1,0.020197876732813685,0.06052555604679018,0.00035494151507162695,3.510214395411567e-15,5
64,dsm_net_eps,0.1,0.41419929108106524,1.241201871785828,0.1492670900921614,1.8325626837515487e-16,5
64,dsm_net_x0,0.1,0.5564914794875029,1.667598860852635,0.2694402063123902,1.6704114409868743e-16,5
64,em_bp,0.2,0.024072460847159582,0.04052048357758371,0.0004669817677391179,3.488653887891635e-15,5
64,dsm_net_eps,0.2,0.4800428420725588,0.8080423610298617,0.18570301011815274,1.9779987487289755e-16,5
64,dsm_net_x0,0.2,0.5359445271000342,0.9021400656433206,0.23147208713507803,2.0600533312284695e-16,5
64,em_bp,0.4,0.03173707856398303,0.027522063967096846,0.0006728283250369601,4.0030881325979656e-15,5
64,dsm_net_eps,0.4,0.5092694893876427,0.44163319680355656,0.17324698633488944,2.6451652498428854e-16,5
64,dsm_net_x0,0.4,0.5253639673678776,0.45559016047291395,0.18437028979239056,2.8499641937713273e-16,5
64,em_bp,0.8,0.06563809172421796,0.023731747733411836,0.0019443709934728504,4.1733832417476466e-15,5
64,dsm_net_eps,0.8,0.7120224209289064,0.2574349136323754,0.228799240990685,3.588341058947803e-16,5
64,dsm_net_x0,0.8,0.549483259749071,0.19866814774090127,0.13626244351334763,5.160047086229711e-16,5
64,em_bp,1.6,0.16862746276951965,0.013705653376146758,0.004283923052756145,6.8570153134329605e-15,5
64,dsm_net_eps,1.6,2.217981649492443,0.18027246086331097,0.7411411854961747,4.53759866001693e-16,5
64,dsm_net_x0,1.6,0.6584524641432509,0.05351750592696655,0.06531815440282442,1.7556279998113065e-15,5
128,em_bp,0.1,0.01969174804215879,0.05900887581161706,0.00033737578229155635,3.686167289576128e-15,5
128,dsm_net_eps,0.1,0.35225547715624583,1.055579203073941,0.10795950215852344,2.1193043495924458e-16,5
128,dsm_net_x0,0.1,0.5018214377861614,1.503772993567329,0.2191007099594125,1.7610135819687227e-16,5
128,em_bp,0.2,0.023405041419246198,0.03939703557865113,0.00044144619198694074,3.5447143281309037e-15,5
128,dsm_net_eps,0.2,0.4236218709335281,0.71307055698432,0.14461578345841802,2.1545072667162717e-16,5
128,dsm_net_x0,0.2,0.47791301088871163,0.8044572772257568,0.18405882912471727,2.2124029618577784e-16,5
128,em_bp,0.4,0.022518148070836335,0.019527503464967243,0.00033871600122743214,5.614534234902557e-15,5
128,dsm_net_eps,0.4,0.46957331436003735,0.4072090872826922,0.14729133171403958,2.745796197344513e-16,5
128,dsm_net_x0,0.4,0.4613419982893107,0.400070975720999,0.14217274783166625,3.049616178026649e-16,5
128,em_bp,0.8,0.030222896858304298,0.010927224499879352,0.0004122298332977116,9.23204419717232e-15,5
128,dsm_net_eps,0.8,0.6632383302320889,0.2397968058902272,0.1985210095836092,3.7724928734361365e-16,5
128,dsm_net_x0,0.8,0.47148218212269455,0.17046650676479022,0.10032237625512759,5.947801722810125e-16,5
128,em_bp,1.6,0.05737966076813001,0.004663687209738575,0.0004960220731392282,1.9962220359331168e-14,5
128,dsm_net_eps,1.6,2.274355532253846,0.18485440074371687,0.7792947698457198,4.538699148671923e-16,5
128,dsm_net_x0,1.6,0.574451603462024,0.04669010865201334,0.04971551498949504,2.0393949110938555e-15,5
256,em_bp,0.1,0.020089144341868388,0.060199725341448275,0.00035113024734192055,3.541545831677321e-15,5
256,dsm_net_eps,0.1,0.23598806614205234,0.7071688332689742,0.0484535327210439,3.012722936288251e-16,5
256,dsm_net_x0,0.1,0.4076088210951533,1.221452674096204,0.14455479830360426,2.0300336485695642e-16,5
256,em_bp,0.2,0.02680380568235787,0.045118078075382206,0.0005789644109799103,3.0956668385964175e-15,5
256,dsm_net_eps,0.2,0.28997887435501624,0.48811313021764025,0.06776285042066911,2.945979673936993e-16,5
256,dsm_net_x0,0.2,0.37950777821341,0.6388145687430317,0.11606474181171289,2.55619200521826e-16,5
256,em_bp,0.4,0.027553770319353015,0.02389434262939785,0.0005071453412246851,4.611958044634757e-15,5
256,dsm_net_eps,0.4,0.37109973642806177,0.3218138261703979,0.09199233960206574,3.346612262903287e-16,5
256,dsm_net_x0,0.4,0.3560378791935048,0.3087523404562341,0.08467647749700342,3.851483091362797e-16,5
256,em_bp,0.8,0.03784214951605496,0.013681999619646452,0.0006462772007614048,7.338023144535451e-15,5
256,dsm_net_eps,0.8,0.5821966144038424,0.21049580847550217,0.1529701145258815,4.291656379644574e-16,5
256,dsm_net_x0,0.8,0.3638940177724039,0.1315675213069315,0.059760892217992176,7.650200797711967e-16,5
256,em_bp,1.6,0.1010437821722115,0.008212606840678453,0.0015381696514840185,1.1602390731521728e-14,5
256,dsm_net_eps,1.6,2.2463082136992236,0.1825747790265507,0.7601927803307131,4.58099803805114e-16,5
256,dsm_net_x0,1.6,0.4762468117171867,0.03870824844119419,0.03417033314611298,2.398099216903637e-15,5
512,em_bp,0.1,0.013017029590800262,0.039007216673460375,0.00014742432507476886,5.536574049440809e-15,5
512,dsm_net_eps,0.1,0.15342567339218888,0.45975992015185596,0.02048054174087434,4.5355470056671835e-16,5
512,dsm_net_x0,0.1,0.3189983328075679,0.955919858635924,0.08853646758780204,2.4358941212766474e-16,5
512,em_bp,0.2,0.015199685120078762,0.025585194434546883,0.00018617790070750862,5.565024278512056e-15,5
512,dsm_net_eps,0.2,0.20052653434235335,0.33754056941992555,0.0324042999023746,4.049489117486868e-16,5
512,dsm_net_x0,0.2,0.30751999550732806,0.5176395968343062,0.07620889526755102,3.029248699872409e-16,5
512,em_bp,0.4,0.017943097304664035,0.015560067092855644,0.00021506275110193403,7.065719612316185e-15,5
512,dsm_net_eps,0.4,0.27838303357654054,0.24141086716604424,0.051767345810378694,4.2600653187863594e-16,5
512,dsm_net_x0,0.4,0.29303241076420444,0.2541146544798069,0.05735901548931232,4.4390621042195134e-16,5
512,em_bp,0.8,0.032120659891724045,0.011613369273193883,0.0004656248588755174,8.694112794294451e-15,5
512,dsm_net_eps,0.8,0.5355961096554365,0.19364718606908957,0.12946192736223766,4.543819533757898e-16,5
512,dsm_net_x0,0.8,0.3115516936717136,0.1126429182493483,0.04380538218128587,8.763103948341077e-16,5
512,em_bp,1.6,0.07615062724187134,0.006189348307871832,0.0008736390145196759,1.5097500141621752e-14,5
512,dsm_net_eps,1.6,2.1803868448258727,0.1772168413749942,0.7162294207037574,4.684784331761649e-16,5
512,dsm_net_x0,1.6,0.39096608633824687,0.03177682669936517,0.023028371358086597,2.9089242610819763e-15,5
1024,em_bp,0.1,0.011282924687468682,0.03381074652434348,0.00011076147805389804,6.378205641071859e-15,5
1024,dsm_net_eps,0.1,0.10801270018761384,0.32367405868705124,0.010150677037178726,6.254267381163733e-16,5
1024,dsm_net_x0,0.1,0.25461107138756434,0.7629750827405187,0.056402705011219176,2.9877306165277967e-16,5
1024,em_bp,0.2,0.010526325807950281,0.01771866261374243,8.929200253418452e-05,7.785722424682168e-15,5
1024,dsm_net_eps,0.2,0.14114355898744976,0.2375829085503534,0.0160539192830397,5.622873466062358e-16,5
1024,dsm_net_x0,0.2,0.24372508546208854,0.41025545271899555,0.04786955712099005,3.7244120957546003e-16,5
1024,em_bp,0.4,0.0077468868727603845,0.006718019606881424,4.008896098999749e-05,1.592494466973246e-14,5
1024,dsm_net_eps,0.4,0.21054595982544105,0.18258326337905875,0.029611758357318226,5.641914287590493e-16,5
1024,dsm_net_x0,0.4,0.2320686957614315,0.20124755580859235,0.03597522306312652,5.610504493204671e-16,5
1024,em_bp,0.8,0.012243971263221843,0.004426862963883441,6.765686091637677e-05,2.219045556266934e-14,5
1024,dsm_net_eps,0.8,0.45095858994774163,0.16304610956424664,0.09177841820315305,5.495610070448044e-16,5
1024,dsm_net_x0,0.8,0.23797743592695805,0.08604181394229946,0.02555870247870414,1.1694903091580487e-15,5
1024,em_bp,1.6,0.022421306602654845,0.0018223523706593053,7.573678848808696e-05,5.209003070441636e-14,5
1024,dsm_net_eps,1.6,1.9533193005020912,0.1587613122200058,0.5748195535837738,5.294089053705575e-16,5
1024,dsm_net_x0,1.6,0.30998560946413184,0.02519491929209611,0.01447665139062805,3.714836745177747e-15,5
2048,em_bp,0.1,0.010333148736337944,0.030964619759510564,9.289893289908485e-05,7.029278392742132e-15,5
2048,dsm_net_eps,0.1,0.0816071717955644,0.24454646969441077,0.005794313889904985,8.388355556648679e-16,5
2048,dsm_net_x0,0.1,0.2101840431207095,0.6298437330977456,0.0384365897041455,3.505437531413402e-16,5
2048,em_bp,0.2,0.009993354073188703,0.016821526564260766,8.047880091377848e-05,8.399527305797644e-15,5
2048,dsm_net_eps,0.2,0.10746983311039372,0.18090089066025863,0.009307479658279506,7.339509476124506e-16,5
2048,dsm_net_x0,0.2,0.2052283476453506,0.34545499702824567,0.03394170416587777,4.2268313838471276e-16,5
2048,em_bp,0.4,0.006792628540506638,0.0058904967204104685,3.082095586287801e-05,1.864240975823605e-14,5
2048,dsm_net_eps,0.4,0.1764996309749053,0.15305864161589977,0.020809324174888146,6.501767003389406e-16,5
2048,dsm_net_x0,0.4,0.20055686709540557,0.1739208262068707,0.026868625258595895,6.534301506524204e-16,5
2048,em_bp,0.8,0.008942818044334468,0.003233316147362106,3.609242224406653e-05,3.169272932276033e-14,5
2048,dsm_net_eps,0.8,0.39655891296685686,0.14337766130536594,0.07097128547341185,6.148059558986693e-16,5
2048,dsm_net_x0,0.8,0.20584633696596344,0.07442467037658741,0.019122890002229595,1.3358921157885644e-15,5
2048,em_bp,1.6,0.020428916600732414,0.0016604154814482508,6.287467039679882e-05,5.5750421284593463e-14,5
2048,dsm_net_eps,1.6,1.7940210118940931,0.14581391272044308,0.48488650912710207,5.623432948036645e-16,5
2048,dsm_net_x0,1.6,0.288052247565099,0.023412225947699393,0.012500505827645983,4.041546571357333e-15,5
4096,em_bp,0.1,0.011097021162512093,0.03325366251160782,0.00010714161600604588,6.4527894313976964e-15,5
4096,dsm_net_eps,0.1,0.0743767612488412,0.22287960715355631,0.004813044643266378,9.313148030655672e-16,5
4096,dsm_net_x0,0.1,0.1723981843540536,0.5166135088117526,0.02585894124033556,4.2748248634286746e-16,5
4096,em_bp,0.2,0.012451618593149876,0.020959452792197568,0.00012494260754131658,6.7374727508476094e-15,5
4096,dsm_net_eps,0.2,0.09770978601003995,0.16447208303824962,0.0076936968685502516,7.985161181393292e-16,5
4096,dsm_net_x0,0.2,0.1690478260652235,0.2845533617602859,0.02302916158990318,5.083638407054739e-16,5
4096,em_bp,0.4,0.010012283373543835,0.00868254785669191,6.696326763829587e-05,1.245189586964002e-14,5
4096,dsm_net_eps,0.4,0.16207523732296625,0.1405499576809588,0.017547033484852585,7.038395594494774e-16,5
4096,dsm_net_x0,0.4,0.16760003423665165,0.1453410040199318,0.018763704224020142,7.561538262520899e-16,5
4096,em_bp,0.8,0.012633050821224547,0.004567536430710334,7.20250763221893e-05,2.200395075327239e-14,5
4096,dsm_net_eps,0.8,0.3801653487838587,0.13745049432925985,0.06522473140892306,6.390246957645014e-16,5
4096,dsm_net_x0,0.8,0.1927306418971305,0.06968263174405577,0.016763657391470385,1.4369690881148294e-15,5
4096,em_bp,1.6,0.01731744222791554,0.0014075219815271915,4.518065735930375e-05,6.681373476685544e-14,5
4096,dsm_net_eps,1.6,1.7362245327024417,0.141116347465339,0.45414739501098356,5.830217580154124e-16,5
4096,dsm_net_x0,1.6,0.3111045568575473,0.02528586476959082,0.014581352039348402,3.716611374126024e-15,5
