family,excess_kurtosis,radius,receptive_field,parameterization,t,n_params,score_rel_l2_all,score_rel_l2_interior,seconds
gaussian,0.0,0,1,eps,0.1,4545,0.7825316531698641,0.7825316531698641,90.475841260999
gaussian,0.0,0,1,eps,0.2,4545,0.6820430312429316,0.6820430312429316,90.475841260999
gaussian,0.0,0,1,eps,0.4,4545,0.5120172897215498,0.5120172897215498,90.475841260999
gaussian,0.0,0,1,eps,0.8,4545,0.28969488330802406,0.28969488330802406,90.475841260999
gaussian,0.0,0,1,eps,1.6,4545,0.08483670055208492,0.08483670055208492,90.475841260999
gaussian,0.0,0,1,x0,0.1,4545,0.792417399407298,0.792417399407298,82.9692865349989
gaussian,0.0,0,1,x0,0.2,4545,0.6853626668978486,0.6853626668978486,82.9692865349989
gaussian,0.0,0,1,x0,0.4,4545,0.5113963589803296,0.5113963589803296,82.9692865349989
gaussian,0.0,0,1,x0,0.8,4545,0.28865724514491314,0.28865724514491314,82.9692865349989
gaussian,0.0,0,1,x0,1.6,4545,0.07766658836409211,0.07766658836409211,82.9692865349989
gaussian,0.0,1,3,eps,0.1,4673,0.2458111485320978,0.2284739166978531,82.90519803999996
gaussian,0.0,1,3,eps,0.2,4673,0.27635021745990934,0.2699800792672535,82.90519803999996
gaussian,0.0,1,3,eps,0.4,4673,0.27029262021945477,0.2698542284545254,82.90519803999996
gaussian,0.0,1,3,eps,0.8,4673,0.20086105278662705,0.20198732944586273,82.90519803999996
gaussian,0.0,1,3,eps,1.6,4673,0.08957391096886383,0.09008805771457605,82.90519803999996
gaussian,0.0,1,3,x0,0.1,4673,0.26125560000001824,0.24933705326866618,82.18725044100029
gaussian,0.0,1,3,x0,0.2,4673,0.2765637176134832,0.27048686156736734,82.18725044100029
gaussian,0.0,1,3,x0,0.4,4673,0.2670648193576428,0.2665173857373105,82.18725044100029
gaussian,0.0,1,3,x0,0.8,4673,0.19324287504921106,0.19437896559192006,82.18725044100029
gaussian,0.0,1,3,x0,1.6,4673,0.061765111847653195,0.06253838080985641,82.18725044100029
gaussian,0.0,2,5,eps,0.1,4801,0.14262233303827704,0.10016046471670438,89.11588640099944
gaussian,0.0,2,5,eps,0.2,4801,0.14433875170142074,0.1272789738187199,89.11588640099944
gaussian,0.0,2,5,eps,0.4,4801,0.15885392773917184,0.15511556013546796,89.11588640099944
gaussian,0.0,2,5,eps,0.8,4801,0.13841798599773353,0.13997366324949012,89.11588640099944
gaussian,0.0,2,5,eps,1.6,4801,0.05531025013500393,0.05639684291652281,89.11588640099944
gaussian,0.0,2,5,x0,0.1,4801,0.16800138965012756,0.1296466521110538,84.20594028900086
gaussian,0.0,2,5,x0,0.2,4801,0.14552460117850258,0.12579876193555828,84.20594028900086
gaussian,0.0,2,5,x0,0.4,4801,0.1553450414248964,0.15161055221688743,84.20594028900086
gaussian,0.0,2,5,x0,0.8,4801,0.1347459621972675,0.136482817990989,84.20594028900086
gaussian,0.0,2,5,x0,1.6,4801,0.049469503977038636,0.0504786698012129,84.20594028900086
gaussian,0.0,3,7,eps,0.1,4929,0.11741373927441558,0.06469146641098214,83.89972036000108
gaussian,0.0,3,7,eps,0.2,4929,0.09682214376907995,0.07170674719965657,83.89972036000108
gaussian,0.0,3,7,eps,0.4,4929,0.09956543704233774,0.09417113593580648,83.89972036000108
gaussian,0.0,3,7,eps,0.8,4929,0.09729334306372074,0.09915580297247369,83.89972036000108
gaussian,0.0,3,7,eps,1.6,4929,0.0511290135624143,0.052081006885418876,83.89972036000108
gaussian,0.0,3,7,x0,0.1,4929,0.18337426044850608,0.13808432959103895,87.83279647300151
gaussian,0.0,3,7,x0,0.2,4929,0.12810606666247418,0.10020158931444023,87.83279647300151
gaussian,0.0,3,7,x0,0.4,4929,0.10695584283844535,0.10020125234164236,87.83279647300151
gaussian,0.0,3,7,x0,0.8,4929,0.09640512172394065,0.09782645741859539,87.83279647300151
gaussian,0.0,3,7,x0,1.6,4929,0.03950300899558031,0.0407949337359636,87.83279647300151
gaussian,0.0,4,9,eps,0.1,5057,0.12834423473715284,0.08731636380096404,91.14740909399916
gaussian,0.0,4,9,eps,0.2,5057,0.10025604523163191,0.07342126868175677,91.14740909399916
gaussian,0.0,4,9,eps,0.4,5057,0.08645571310893385,0.07640858284468299,91.14740909399916
gaussian,0.0,4,9,eps,0.8,5057,0.08492437469537484,0.08580153649894277,91.14740909399916
gaussian,0.0,4,9,eps,1.6,5057,0.05887630113417176,0.06050962177571277,91.14740909399916
gaussian,0.0,4,9,x0,0.1,5057,0.20009823657100792,0.19628542087602005,92.27152871900034
gaussian,0.0,4,9,x0,0.2,5057,0.10858187362613644,0.10072822453453922,92.27152871900034
gaussian,0.0,4,9,x0,0.4,5057,0.07762351950151716,0.07275663743855129,92.27152871900034
gaussian,0.0,4,9,x0,0.8,5057,0.0699842240988239,0.07163156173036353,92.27152871900034
gaussian,0.0,4,9,x0,1.6,5057,0.033287582816279214,0.03442896509190352,92.27152871900034
gaussian,0.0,6,13,eps,0.1,5313,0.11979548075695858,0.08739002241100692,88.80977610899936
gaussian,0.0,6,13,eps,0.2,5313,0.09274068980326974,0.07328198186760143,88.80977610899936
gaussian,0.0,6,13,eps,0.4,5313,0.06776191261974836,0.057390732390992134,88.80977610899936
gaussian,0.0,6,13,eps,0.8,5313,0.05577529314083542,0.05546457435266165,88.80977610899936
gaussian,0.0,6,13,eps,1.6,5313,0.04249888281590789,0.04394478074566539,88.80977610899936
gaussian,0.0,6,13,x0,0.1,5313,0.1689851609521189,0.12839968332003476,89.76725066200015
gaussian,0.0,6,13,x0,0.2,5313,0.10336910083852369,0.06728373326803057,89.76725066200015
gaussian,0.0,6,13,x0,0.4,5313,0.06239580330635585,0.043942316679586285,89.76725066200015
gaussian,0.0,6,13,x0,0.8,5313,0.04397713720761511,0.04261439353123818,89.76725066200015
gaussian,0.0,6,13,x0,1.6,5313,0.024425941181401366,0.02525003035814803,89.76725066200015
gaussian,0.0,8,17,eps,0.1,5569,0.1258222977239889,0.09376394694045556,97.33284797200031
gaussian,0.0,8,17,eps,0.2,5569,0.09217132336867304,0.07154173875727746,97.33284797200031
gaussian,0.0,8,17,eps,0.4,5569,0.06648218335345978,0.05814516052725614,97.33284797200031
gaussian,0.0,8,17,eps,0.8,5569,0.05355935738824102,0.05526046005762423,97.33284797200031
gaussian,0.0,8,17,eps,1.6,5569,0.06782023442289152,0.06719544288463379,97.33284797200031
gaussian,0.0,8,17,x0,0.1,5569,0.20474814321275603,0.18868273590421022,95.14203567199911
gaussian,0.0,8,17,x0,0.2,5569,0.11252462290835617,0.09805256182652013,95.14203567199911
gaussian,0.0,8,17,x0,0.4,5569,0.06482528318615648,0.05468320148811117,95.14203567199911
gaussian,0.0,8,17,x0,0.8,5569,0.032186594831775016,0.030252505470153908,95.14203567199911
gaussian,0.0,8,17,x0,1.6,5569,0.014595476023184884,0.015708306560100138,95.14203567199911
gaussian,0.0,12,25,eps,0.1,6081,0.14781010815452977,0.12475869125728431,96.78776321499936
gaussian,0.0,12,25,eps,0.2,6081,0.1104007177540162,0.1029314378204812,96.78776321499936
gaussian,0.0,12,25,eps,0.4,6081,0.07394292327857424,0.07340501699166166,96.78776321499936
gaussian,0.0,12,25,eps,0.8,6081,0.048323682592956954,0.05406135534865132,96.78776321499936
gaussian,0.0,12,25,eps,1.6,6081,0.04826864395219205,0.05200125967413749,96.78776321499936
gaussian,0.0,12,25,x0,0.1,6081,0.1933505883817093,0.16739666844551765,103.13760141199964
gaussian,0.0,12,25,x0,0.2,6081,0.11857731174242887,0.1047982097465704,103.13760141199964
gaussian,0.0,12,25,x0,0.4,6081,0.0663273319579005,0.057066002798439576,103.13760141199964
gaussian,0.0,12,25,x0,0.8,6081,0.028630972279539552,0.02703246749394112,103.13760141199964
gaussian,0.0,12,25,x0,1.6,6081,0.010086781375259793,0.011004713873696802,103.13760141199964
gaussian,0.0,16,33,eps,0.1,6593,0.1470487576994136,0.12488552848739255,101.37112572099977
gaussian,0.0,16,33,eps,0.2,6593,0.10790399083697046,0.09323086333092817,101.37112572099977
gaussian,0.0,16,33,eps,0.4,6593,0.07804847921943547,0.07205371869177216,101.37112572099977
gaussian,0.0,16,33,eps,0.8,6593,0.06114785848810894,0.06129438789185585,101.37112572099977
gaussian,0.0,16,33,eps,1.6,6593,0.05115717591084923,0.05593569396819663,101.37112572099977
gaussian,0.0,16,33,x0,0.1,6593,0.25988363947760673,0.24731959951102156,101.94107034800072
gaussian,0.0,16,33,x0,0.2,6593,0.14257863821153502,0.132534078485981,101.94107034800072
gaussian,0.0,16,33,x0,0.4,6593,0.07853167961165725,0.07913025180378427,101.94107034800072
gaussian,0.0,16,33,x0,0.8,6593,0.0342634651320721,0.036285947862397465,101.94107034800072
gaussian,0.0,16,33,x0,1.6,6593,0.009553453740238946,0.009348309244386992,101.94107034800072
laplace,3.0,0,1,eps,0.1,4545,0.801741864719413,0.801741864719413,82.83691013099997
laplace,3.0,0,1,eps,0.2,4545,0.69136830273581,0.69136830273581,82.83691013099997
laplace,3.0,0,1,eps,0.4,4545,0.5246651392882549,0.5246651392882549,82.83691013099997
laplace,3.0,0,1,eps,0.8,4545,0.2988025315200127,0.2988025315200127,82.83691013099997
laplace,3.0,0,1,eps,1.6,4545,0.08590340185625042,0.08590340185625042,82.83691013099997
laplace,3.0,0,1,x0,0.1,4545,0.8034463550208016,0.8034463550208016,80.66694305300007
laplace,3.0,0,1,x0,0.2,4545,0.6924865156324584,0.6924865156324584,80.66694305300007
laplace,3.0,0,1,x0,0.4,4545,0.524666162507437,0.524666162507437,80.66694305300007
laplace,3.0,0,1,x0,0.8,4545,0.2990466140795182,0.2990466140795182,80.66694305300007
laplace,3.0,0,1,x0,1.6,4545,0.07839935783545507,0.07839935783545507,80.66694305300007
laplace,3.0,1,3,eps,0.1,4673,0.26734732610573514,0.2566589680622012,83.29982913800086
laplace,3.0,1,3,eps,0.2,4673,0.28383132263105115,0.27885886919801944,83.29982913800086
laplace,3.0,1,3,eps,0.4,4673,0.27641636835020034,0.2756265270515711,83.29982913800086
laplace,3.0,1,3,eps,0.8,4673,0.20448059883272793,0.20656740784676267,83.29982913800086
laplace,3.0,1,3,eps,1.6,4673,0.0771315873767651,0.078090724932886,83.29982913800086
laplace,3.0,1,3,x0,0.1,4673,0.2705577480049837,0.2610566055564548,80.91019181900083
laplace,3.0,1,3,x0,0.2,4673,0.28134781852712565,0.27671392646981946,80.91019181900083
laplace,3.0,1,3,x0,0.4,4673,0.2729227333926566,0.27225228131544027,80.91019181900083
laplace,3.0,1,3,x0,0.8,4673,0.19880016624352675,0.20086414371356923,80.91019181900083
laplace,3.0,1,3,x0,1.6,4673,0.06218457722169038,0.0632895532524654,80.91019181900083
laplace,3.0,2,5,eps,0.1,4801,0.16350321285809777,0.1437761793677535,86.86738390000028
laplace,3.0,2,5,eps,0.2,4801,0.16324976079060702,0.1565526634562171,86.86738390000028
laplace,3.0,2,5,eps,0.4,4801,0.17212062124730948,0.1732109264164138,86.86738390000028
laplace,3.0,2,5,eps,0.8,4801,0.1441956137436003,0.14832241137943375,86.86738390000028
laplace,3.0,2,5,eps,1.6,4801,0.06415510850130247,0.06607547240924863,86.86738390000028
laplace,3.0,2,5,x0,0.1,4801,0.1847134260564936,0.15333799332374715,89.87540689200068
laplace,3.0,2,5,x0,0.2,4801,0.16451779509466566,0.14819280372520252,89.87540689200068
laplace,3.0,2,5,x0,0.4,4801,0.16418789046295146,0.16032067813762588,89.87540689200068
laplace,3.0,2,5,x0,0.8,4801,0.13915041967824118,0.1418761306103847,89.87540689200068
laplace,3.0,2,5,x0,1.6,4801,0.05048550735725963,0.05214937988509373,89.87540689200068
laplace,3.0,3,7,eps,0.1,4929,0.13079441738274114,0.08757658703584908,89.78556257000128
laplace,3.0,3,7,eps,0.2,4929,0.10663720074233286,0.0794779057633098,89.78556257000128
laplace,3.0,3,7,eps,0.4,4929,0.10786164043649972,0.10011970654473815,89.78556257000128
laplace,3.0,3,7,eps,0.8,4929,0.10460468669787676,0.10583177478012264,89.78556257000128
laplace,3.0,3,7,eps,1.6,4929,0.06870542208766972,0.06990569456744748,89.78556257000128
laplace,3.0,3,7,x0,0.1,4929,0.24567928942115322,0.2193933033062254,89.54752691400063
laplace,3.0,3,7,x0,0.2,4929,0.15600052015587504,0.13578351781530684,89.54752691400063
laplace,3.0,3,7,x0,0.4,4929,0.11526360909552044,0.10855577483180626,89.54752691400063
laplace,3.0,3,7,x0,0.8,4929,0.09926937559589757,0.10160512271416569,89.54752691400063
laplace,3.0,3,7,x0,1.6,4929,0.0394548840825712,0.04113891835093585,89.54752691400063
laplace,3.0,4,9,eps,0.1,5057,0.11390050553198378,0.08123699664500367,85.75220476399954
laplace,3.0,4,9,eps,0.2,5057,0.08680455696319736,0.06795623301047227,85.75220476399954
laplace,3.0,4,9,eps,0.4,5057,0.07481960983469488,0.06859996877831825,85.75220476399954
laplace,3.0,4,9,eps,0.8,5057,0.0745195953732028,0.0758922293170398,85.75220476399954
laplace,3.0,4,9,eps,1.6,5057,0.04528620338970006,0.047417144122552594,85.75220476399954
laplace,3.0,4,9,x0,0.1,5057,0.1884320242747405,0.16053226492610081,90.28312720099893
laplace,3.0,4,9,x0,0.2,5057,0.11732638603108869,0.09643696812655411,90.28312720099893
laplace,3.0,4,9,x0,0.4,5057,0.08172985310592776,0.0719529341707825,90.28312720099893
laplace,3.0,4,9,x0,0.8,5057,0.07102152664095507,0.07331783834462757,90.28312720099893
laplace,3.0,4,9,x0,1.6,5057,0.032170722889030584,0.033651809264354016,90.28312720099893
laplace,3.0,6,13,eps,0.1,5313,0.12663432347152895,0.09655052914626497,88.66970621099972
laplace,3.0,6,13,eps,0.2,5313,0.09361396415393665,0.07304140924140401,88.66970621099972
laplace,3.0,6,13,eps,0.4,5313,0.0707211407254914,0.06097919747913536,88.66970621099972
laplace,3.0,6,13,eps,0.8,5313,0.0754818288178535,0.07627663704027873,88.66970621099972
laplace,3.0,6,13,eps,1.6,5313,0.07602752179049746,0.07812521244968752,88.66970621099972
laplace,3.0,6,13,x0,0.1,5313,0.22891108397087295,0.20304034626688733,89.69479491700076
laplace,3.0,6,13,x0,0.2,5313,0.1287931492500457,0.1058140693950363,89.69479491700076
laplace,3.0,6,13,x0,0.4,5313,0.07354951917302499,0.06126103094607402,89.69479491700076
laplace,3.0,6,13,x0,0.8,5313,0.04459307224208469,0.044459649812697406,89.69479491700076
laplace,3.0,6,13,x0,1.6,5313,0.021563196830902603,0.022675595275571045,89.69479491700076
laplace,3.0,8,17,eps,0.1,5569,0.13054404262448996,0.09314271544861394,92.22843328999988
laplace,3.0,8,17,eps,0.2,5569,0.0955826537699473,0.0681844378683191,92.22843328999988
laplace,3.0,8,17,eps,0.4,5569,0.06653891928034134,0.05185954015030599,92.22843328999988
laplace,3.0,8,17,eps,0.8,5569,0.046263193780977624,0.045987010788565146,92.22843328999988
laplace,3.0,8,17,eps,1.6,5569,0.03995558704648024,0.04247245916071813,92.22843328999988
laplace,3.0,8,17,x0,0.1,5569,0.21386529857116507,0.1985027035578348,91.63965121399997
laplace,3.0,8,17,x0,0.2,5569,0.12353199059150677,0.10630394828524116,91.63965121399997
laplace,3.0,8,17,x0,0.4,5569,0.07333980654058857,0.05843672885300821,91.63965121399997
laplace,3.0,8,17,x0,0.8,5569,0.0450362419717128,0.04307352822685809,91.63965121399997
laplace,3.0,8,17,x0,1.6,5569,0.01881183193845636,0.01912677083379973,91.63965121399997
laplace,3.0,12,25,eps,0.1,6081,0.15035264100315318,0.12425119267169321,94.92109462699955
laplace,3.0,12,25,eps,0.2,6081,0.10963589078037325,0.09142595876603696,94.92109462699955
laplace,3.0,12,25,eps,0.4,6081,0.07563911867931518,0.06435286126029,94.92109462699955
laplace,3.0,12,25,eps,0.8,6081,0.050034880003253006,0.049614956550800726,94.92109462699955
laplace,3.0,12,25,eps,1.6,6081,0.045002331205874685,0.05011821321163645,94.92109462699955
laplace,3.0,12,25,x0,0.1,6081,0.26316918710954756,0.24408064016953443,92.18727875999866
laplace,3.0,12,25,x0,0.2,6081,0.14281721928732416,0.13260175910702532,92.18727875999866
laplace,3.0,12,25,x0,0.4,6081,0.08024310274413161,0.0726091444886874,92.18727875999866
laplace,3.0,12,25,x0,0.8,6081,0.037538494111607236,0.03715401656733096,92.18727875999866
laplace,3.0,12,25,x0,1.6,6081,0.017576544609908124,0.017605631745899974,92.18727875999866
laplace,3.0,16,33,eps,0.1,6593,0.1532062810264599,0.135017458050914,95.83812894100083
laplace,3.0,16,33,eps,0.2,6593,0.11061511676513491,0.09957996052458594,95.83812894100083
laplace,3.0,16,33,eps,0.4,6593,0.0775479639746867,0.07314460096407022,95.83812894100083
laplace,3.0,16,33,eps,0.8,6593,0.0546213821376921,0.060397068124926935,95.83812894100083
laplace,3.0,16,33,eps,1.6,6593,0.048703754912943285,0.056359232965574435,95.83812894100083
laplace,3.0,16,33,x0,0.1,6593,0.25274693648016056,0.26850902699465723,97.46011312600058
laplace,3.0,16,33,x0,0.2,6593,0.13473518001645957,0.130224919956864,97.46011312600058
laplace,3.0,16,33,x0,0.4,6593,0.08021042319852759,0.06771343142354296,97.46011312600058
laplace,3.0,16,33,x0,0.8,6593,0.0461238977111971,0.04190981219285942,97.46011312600058
laplace,3.0,16,33,x0,1.6,6593,0.011166711108646265,0.012459345969752985,97.46011312600058
gauss_mix_kappa0.9,-1.62,0,1,eps,0.1,4545,0.7998988843663689,0.7998988843663689,81.13752586499868
gauss_mix_kappa0.9,-1.62,0,1,eps,0.2,4545,0.6952387602700825,0.6952387602700825,81.13752586499868
gauss_mix_kappa0.9,-1.62,0,1,eps,0.4,4545,0.52438081800971,0.52438081800971,81.13752586499868
gauss_mix_kappa0.9,-1.62,0,1,eps,0.8,4545,0.29941449125857433,0.29941449125857433,81.13752586499868
gauss_mix_kappa0.9,-1.62,0,1,eps,1.6,4545,0.08321787052893102,0.08321787052893102,81.13752586499868
gauss_mix_kappa0.9,-1.62,0,1,x0,0.1,4545,0.8056126230185313,0.8056126230185313,76.46271940500083
gauss_mix_kappa0.9,-1.62,0,1,x0,0.2,4545,0.6960271650743626,0.6960271650743626,76.46271940500083
gauss_mix_kappa0.9,-1.62,0,1,x0,0.4,4545,0.5256350064276641,0.5256350064276641,76.46271940500083
gauss_mix_kappa0.9,-1.62,0,1,x0,0.8,4545,0.2995523584122681,0.2995523584122681,76.46271940500083
gauss_mix_kappa0.9,-1.62,0,1,x0,1.6,4545,0.0778871967948152,0.0778871967948152,76.46271940500083
gauss_mix_kappa0.9,-1.62,1,3,eps,0.1,4673,0.2899513257152746,0.27607114805237987,80.99708153900065
gauss_mix_kappa0.9,-1.62,1,3,eps,0.2,4673,0.2854715887099146,0.28079316922037334,80.99708153900065
gauss_mix_kappa0.9,-1.62,1,3,eps,0.4,4673,0.2730108775659651,0.27232533614341925,80.99708153900065
gauss_mix_kappa0.9,-1.62,1,3,eps,0.8,4673,0.2013629233135666,0.20194318900075525,80.99708153900065
gauss_mix_kappa0.9,-1.62,1,3,eps,1.6,4673,0.07479484353354346,0.07536633875125534,80.99708153900065
gauss_mix_kappa0.9,-1.62,1,3,x0,0.1,4673,0.3336377095877738,0.3220900015134372,81.98007386099925
gauss_mix_kappa0.9,-1.62,1,3,x0,0.2,4673,0.2949674065629738,0.29115503110288965,81.98007386099925
gauss_mix_kappa0.9,-1.62,1,3,x0,0.4,4673,0.2729824522885116,0.272881525480652,81.98007386099925
gauss_mix_kappa0.9,-1.62,1,3,x0,0.8,4673,0.1984225398793414,0.19900550797215472,81.98007386099925
gauss_mix_kappa0.9,-1.62,1,3,x0,1.6,4673,0.061595730879406736,0.06219911279230182,81.98007386099925
gauss_mix_kappa0.9,-1.62,2,5,eps,0.1,4801,0.18094185997668577,0.16360546696755715,82.3431959540012
gauss_mix_kappa0.9,-1.62,2,5,eps,0.2,4801,0.15011788786050487,0.1415971409985101,82.3431959540012
gauss_mix_kappa0.9,-1.62,2,5,eps,0.4,4801,0.15748602557391742,0.15666383116890167,82.3431959540012
gauss_mix_kappa0.9,-1.62,2,5,eps,0.8,4801,0.13836266599427707,0.13943159506246766,82.3431959540012
gauss_mix_kappa0.9,-1.62,2,5,eps,1.6,4801,0.05942134828295791,0.06052894149141561,82.3431959540012
gauss_mix_kappa0.9,-1.62,2,5,x0,0.1,4801,0.21905664456907206,0.19290890444978565,80.01949938100006
gauss_mix_kappa0.9,-1.62,2,5,x0,0.2,4801,0.16230169778413192,0.14908091581227007,80.01949938100006
gauss_mix_kappa0.9,-1.62,2,5,x0,0.4,4801,0.1593258859630104,0.15788117647945576,80.01949938100006
gauss_mix_kappa0.9,-1.62,2,5,x0,0.8,4801,0.13723578298503467,0.13809548119521584,80.01949938100006
gauss_mix_kappa0.9,-1.62,2,5,x0,1.6,4801,0.05236376629029129,0.05330027370970481,80.01949938100006
gauss_mix_kappa0.9,-1.62,3,7,eps,0.1,4929,0.1352398643694633,0.11021148851324086,86.6469702480008
gauss_mix_kappa0.9,-1.62,3,7,eps,0.2,4929,0.09677314962014985,0.08440304804785087,86.6469702480008
gauss_mix_kappa0.9,-1.62,3,7,eps,0.4,4929,0.100315082609493,0.09805907132243964,86.6469702480008
gauss_mix_kappa0.9,-1.62,3,7,eps,0.8,4929,0.10084405600866388,0.10259778401376524,86.6469702480008
gauss_mix_kappa0.9,-1.62,3,7,eps,1.6,4929,0.052614702061968215,0.05382097272544227,86.6469702480008
gauss_mix_kappa0.9,-1.62,3,7,x0,0.1,4929,0.26396674157189715,0.24463213713704682,81.19739032699908
gauss_mix_kappa0.9,-1.62,3,7,x0,0.2,4929,0.16287051471443537,0.14771817661130168,81.19739032699908
gauss_mix_kappa0.9,-1.62,3,7,x0,0.4,4929,0.12063424250382829,0.11498871510590462,81.19739032699908
gauss_mix_kappa0.9,-1.62,3,7,x0,0.8,4929,0.10282245900706427,0.10383739346793597,81.19739032699908
gauss_mix_kappa0.9,-1.62,3,7,x0,1.6,4929,0.040025839486628155,0.04128985595452377,81.19739032699908
gauss_mix_kappa0.9,-1.62,4,9,eps,0.1,5057,0.15758758880933793,0.1219742252831797,82.4560205380003
gauss_mix_kappa0.9,-1.62,4,9,eps,0.2,5057,0.09920315691122233,0.07451661726122194,82.4560205380003
gauss_mix_kappa0.9,-1.62,4,9,eps,0.4,5057,0.07701254821748642,0.06792085908594331,82.4560205380003
gauss_mix_kappa0.9,-1.62,4,9,eps,0.8,5057,0.07819563410394334,0.0791446762991809,82.4560205380003
gauss_mix_kappa0.9,-1.62,4,9,eps,1.6,5057,0.046170853384778866,0.047704642623953845,82.4560205380003
gauss_mix_kappa0.9,-1.62,4,9,x0,0.1,5057,0.18567151357943196,0.16581143528218087,85.09545420799986
gauss_mix_kappa0.9,-1.62,4,9,x0,0.2,5057,0.10228408468029697,0.08428393352181841,85.09545420799986
gauss_mix_kappa0.9,-1.62,4,9,x0,0.4,5057,0.07520098287149339,0.06816510816211872,85.09545420799986
gauss_mix_kappa0.9,-1.62,4,9,x0,0.8,5057,0.07282114016579526,0.073585618764018,85.09545420799986
gauss_mix_kappa0.9,-1.62,4,9,x0,1.6,5057,0.03302694559802581,0.03445540906600606,85.09545420799986
gauss_mix_kappa0.9,-1.62,6,13,eps,0.1,5313,0.1636775159655525,0.13638894538475912,82.52923964100046
gauss_mix_kappa0.9,-1.62,6,13,eps,0.2,5313,0.11356608591595511,0.09453953557519058,82.52923964100046
gauss_mix_kappa0.9,-1.62,6,13,eps,0.4,5313,0.0964616997835848,0.08881941428488573,82.52923964100046
gauss_mix_kappa0.9,-1.62,6,13,eps,0.8,5313,0.08805022734513449,0.08780260580795311,82.52923964100046
gauss_mix_kappa0.9,-1.62,6,13,eps,1.6,5313,0.06381975041739497,0.06387054029978982,82.52923964100046
gauss_mix_kappa0.9,-1.62,6,13,x0,0.1,5313,0.19056963588557152,0.16719851491326276,82.07715033900058
gauss_mix_kappa0.9,-1.62,6,13,x0,0.2,5313,0.11043213231424465,0.09237045690762355,82.07715033900058
gauss_mix_kappa0.9,-1.62,6,13,x0,0.4,5313,0.06903315502592568,0.05629224755300293,82.07715033900058
gauss_mix_kappa0.9,-1.62,6,13,x0,0.8,5313,0.04448986005690162,0.04356309720130067,82.07715033900058
gauss_mix_kappa0.9,-1.62,6,13,x0,1.6,5313,0.022130106326721286,0.023306395265825595,82.07715033900058
gauss_mix_kappa0.9,-1.62,8,17,eps,0.1,5569,0.15924326504538555,0.1365319003906544,82.41692922599941
gauss_mix_kappa0.9,-1.62,8,17,eps,0.2,5569,0.11579358964269841,0.1045407964441014,82.41692922599941
gauss_mix_kappa0.9,-1.62,8,17,eps,0.4,5569,0.08633628493802427,0.08274033182645964,82.41692922599941
gauss_mix_kappa0.9,-1.62,8,17,eps,0.8,5569,0.06167820504710774,0.06235832548789468,82.41692922599941
gauss_mix_kappa0.9,-1.62,8,17,eps,1.6,5569,0.05827029964434862,0.05952254291266435,82.41692922599941
gauss_mix_kappa0.9,-1.62,8,17,x0,0.1,5569,0.20622656461085084,0.17145000950346487,85.00691239000116
gauss_mix_kappa0.9,-1.62,8,17,x0,0.2,5569,0.11474120555550146,0.08759813935510322,85.00691239000116
gauss_mix_kappa0.9,-1.62,8,17,x0,0.4,5569,0.06307837419184448,0.04674039986548476,85.00691239000116
gauss_mix_kappa0.9,-1.62,8,17,x0,0.8,5569,0.03449166591813228,0.03190318441013574,85.00691239000116
gauss_mix_kappa0.9,-1.62,8,17,x0,1.6,5569,0.016712579389593613,0.017476332794444042,85.00691239000116
gauss_mix_kappa0.9,-1.62,12,25,eps,0.1,6081,0.16052344388134418,0.1395428358238799,90.93178761499985
gauss_mix_kappa0.9,-1.62,12,25,eps,0.2,6081,0.11438019469331205,0.10124706007467324,90.93178761499985
gauss_mix_kappa0.9,-1.62,12,25,eps,0.4,6081,0.09504618793727244,0.08571084176539678,90.93178761499985
gauss_mix_kappa0.9,-1.62,12,25,eps,0.8,6081,0.06852447005136408,0.06853122741063383,90.93178761499985
gauss_mix_kappa0.9,-1.62,12,25,eps,1.6,6081,0.0511799237580697,0.05162800900691145,90.93178761499985
gauss_mix_kappa0.9,-1.62,12,25,x0,0.1,6081,0.20610072313019934,0.19323984693996463,93.7180936299992
gauss_mix_kappa0.9,-1.62,12,25,x0,0.2,6081,0.11409488168833097,0.10067673547019011,93.7180936299992
gauss_mix_kappa0.9,-1.62,12,25,x0,0.4,6081,0.059634898174188,0.05328994471804495,93.7180936299992
gauss_mix_kappa0.9,-1.62,12,25,x0,0.8,6081,0.028669980487454734,0.028286087479641973,93.7180936299992
gauss_mix_kappa0.9,-1.62,12,25,x0,1.6,6081,0.011759867885154741,0.012126682197450583,93.7180936299992
gauss_mix_kappa0.9,-1.62,16,33,eps,0.1,6593,0.1591441170941413,0.13872678356705037,96.80935193299956
gauss_mix_kappa0.9,-1.62,16,33,eps,0.2,6593,0.10194632800009125,0.0874644386279185,96.80935193299956
gauss_mix_kappa0.9,-1.62,16,33,eps,0.4,6593,0.06714738371386829,0.0644209938353991,96.80935193299956
gauss_mix_kappa0.9,-1.62,16,33,eps,0.8,6593,0.04451532707295337,0.04545472820789812,96.80935193299956
gauss_mix_kappa0.9,-1.62,16,33,eps,1.6,6593,0.036481377783628616,0.0393148904587889,96.80935193299956
gauss_mix_kappa0.9,-1.62,16,33,x0,0.1,6593,0.22791242815577153,0.1949629378784331,97.1854960239998
gauss_mix_kappa0.9,-1.62,16,33,x0,0.2,6593,0.1296455522454848,0.11945920712788227,97.1854960239998
gauss_mix_kappa0.9,-1.62,16,33,x0,0.4,6593,0.06821437804155799,0.06555446002175688,97.1854960239998
gauss_mix_kappa0.9,-1.62,16,33,x0,0.8,6593,0.0364751379682587,0.03525131700835404,97.1854960239998
gauss_mix_kappa0.9,-1.62,16,33,x0,1.6,6593,0.011524884251646356,0.012220719977696,97.1854960239998
