stage,seed,n_chains,method,region,checkpoint,at_cap,n_params,sq_err,sq_ref,risk,val_bundle,test_bundle
confirm,0,32,em_bp,all,10,False,25,15872.089378000912,1417692.0183412274,0.10580985105829803,9c8eff087e37,7991a34e2c65
confirm,0,32,em_bp,bulk,10,False,25,12368.860736456782,1079236.5380787167,0.10705489498333068,9c8eff087e37,7991a34e2c65
confirm,0,32,em_bp,centre,10,False,25,558.142461259151,46004.764235895345,0.11014660785773732,9c8eff087e37,7991a34e2c65
confirm,0,32,window,all,4000,False,4801,50395.19504771091,1417692.0183412274,0.1885400500671423,9c8eff087e37,7991a34e2c65
confirm,0,32,window,bulk,4000,False,4801,28825.689580182097,1079236.5380787167,0.1634299066536624,9c8eff087e37,7991a34e2c65
confirm,0,32,window,centre,4000,False,4801,1222.2647067422065,46004.764235895345,0.16299760797616858,9c8eff087e37,7991a34e2c65
confirm,0,128,em_bp,all,60,False,25,4389.0139882008925,1417692.0183412274,0.05564069362805588,9c8eff087e37,7991a34e2c65
confirm,0,128,em_bp,bulk,60,False,25,3455.6732928511524,1079236.5380787167,0.0565858726982119,9c8eff087e37,7991a34e2c65
confirm,0,128,em_bp,centre,60,False,25,246.2125128278707,46004.764235895345,0.07315662399109739,9c8eff087e37,7991a34e2c65
confirm,0,128,window,all,32000,False,4801,30218.338804387935,1417692.0183412274,0.14599713920955387,9c8eff087e37,7991a34e2c65
confirm,0,128,window,bulk,32000,False,4801,21942.52930526015,1079236.5380787167,0.14258867174138098,9c8eff087e37,7991a34e2c65
confirm,0,128,window,centre,32000,False,4801,939.9208074144989,46004.764235895345,0.1429368566560681,9c8eff087e37,7991a34e2c65
confirm,0,512,em_bp,all,800,False,25,2270.276972235413,1417692.0183412274,0.040017363745354424,9c8eff087e37,7991a34e2c65
confirm,0,512,em_bp,bulk,800,False,25,1782.7891485146674,1079236.5380787167,0.04064355342791731,9c8eff087e37,7991a34e2c65
confirm,0,512,em_bp,centre,800,False,25,84.31305798153903,46004.764235895345,0.04281007768223314,9c8eff087e37,7991a34e2c65
confirm,0,512,window,all,32000,False,4801,28946.834141842108,1417692.0183412274,0.14289255088589162,9c8eff087e37,7991a34e2c65
confirm,0,512,window,bulk,32000,False,4801,16482.549319716316,1079236.5380787167,0.12358161656011941,9c8eff087e37,7991a34e2c65
confirm,0,512,window,centre,32000,False,4801,694.6235862933692,46004.764235895345,0.12287778050627636,9c8eff087e37,7991a34e2c65
confirm,0,2048,em_bp,all,1200,True,25,793.622934352021,1417692.0183412274,0.02366007722004386,9c8eff087e37,7991a34e2c65
confirm,0,2048,em_bp,bulk,1200,True,25,617.9442635930981,1079236.5380787167,0.023928547244437565,9c8eff087e37,7991a34e2c65
confirm,0,2048,em_bp,centre,1200,True,25,30.450372154725443,46004.764235895345,0.025727340695370613,9c8eff087e37,7991a34e2c65
confirm,0,2048,window,all,64000,True,4801,18913.357948882564,1417692.0183412274,0.11550302909316576,9c8eff087e37,7991a34e2c65
confirm,0,2048,window,bulk,64000,True,4801,13257.042836862993,1079236.5380787167,0.11083195902127198,9c8eff087e37,7991a34e2c65
confirm,0,2048,window,centre,64000,True,4801,577.0434618127714,46004.764235895345,0.11199608916029474,9c8eff087e37,7991a34e2c65
confirm,1,32,em_bp,all,10,False,25,17436.016651784328,1421627.3830669338,0.11074668811017598,3ad66b391c64,bedc89aa8bfb
confirm,1,32,em_bp,bulk,10,False,25,13360.227810388353,1079318.075334318,0.11125824540705463,3ad66b391c64,bedc89aa8bfb
confirm,1,32,em_bp,centre,10,False,25,567.6586002316878,44998.99968852141,0.11231614300485765,3ad66b391c64,bedc89aa8bfb
confirm,1,32,window,all,2000,False,4801,58367.497326497454,1421627.3830669338,0.20262482182425146,3ad66b391c64,bedc89aa8bfb
confirm,1,32,window,bulk,2000,False,4801,37029.952935173125,1079318.075334318,0.18522596023901453,3ad66b391c64,bedc89aa8bfb
confirm,1,32,window,centre,2000,False,4801,1538.9877715235143,44998.99968852141,0.1849337408469878,3ad66b391c64,bedc89aa8bfb
confirm,1,128,em_bp,all,40,False,25,5398.486878149374,1421627.3830669338,0.06162304223541773,3ad66b391c64,bedc89aa8bfb
confirm,1,128,em_bp,bulk,40,False,25,4192.679270864725,1079318.075334318,0.06232626408459894,3ad66b391c64,bedc89aa8bfb
confirm,1,128,em_bp,centre,40,False,25,179.8872992390655,44998.99968852141,0.06322645333659865,3ad66b391c64,bedc89aa8bfb
confirm,1,128,window,all,8000,False,4801,36873.23224944927,1421627.3830669338,0.16105073617103166,3ad66b391c64,bedc89aa8bfb
confirm,1,128,window,bulk,8000,False,4801,19297.817551789656,1079318.075334318,0.13371476731736623,3ad66b391c64,bedc89aa8bfb
confirm,1,128,window,centre,8000,False,4801,838.5626017279513,44998.99968852141,0.13651058100390964,3ad66b391c64,bedc89aa8bfb
confirm,1,512,em_bp,all,1200,True,25,5031.893267573459,1421627.3830669338,0.059493952206655716,3ad66b391c64,bedc89aa8bfb
confirm,1,512,em_bp,bulk,1200,True,25,3918.416924661501,1079318.075334318,0.06025326656463278,3ad66b391c64,bedc89aa8bfb
confirm,1,512,em_bp,centre,1200,True,25,167.6384665283717,44998.99968852141,0.0610359080233953,3ad66b391c64,bedc89aa8bfb
confirm,1,512,window,all,8000,False,4801,31299.580516672275,1421627.3830669338,0.1483803422443183,3ad66b391c64,bedc89aa8bfb
confirm,1,512,window,bulk,8000,False,4801,15497.682761868302,1079318.075334318,0.11982809586392831,3ad66b391c64,bedc89aa8bfb
confirm,1,512,window,centre,8000,False,4801,666.7229846829134,44998.99968852141,0.12172261779176324,3ad66b391c64,bedc89aa8bfb
confirm,1,2048,em_bp,all,1200,True,25,594.0795907308222,1421627.3830669338,0.020442284410331475,3ad66b391c64,bedc89aa8bfb
confirm,1,2048,em_bp,bulk,1200,True,25,446.8705358126295,1079318.075334318,0.02034773791642725,3ad66b391c64,bedc89aa8bfb
confirm,1,2048,em_bp,centre,1200,True,25,22.22905432439327,44998.99968852141,0.022225885043358554,3ad66b391c64,bedc89aa8bfb
confirm,1,2048,window,all,8000,False,4801,30028.83717718136,1421627.3830669338,0.14533705892902207,3ad66b391c64,bedc89aa8bfb
confirm,1,2048,window,bulk,8000,False,4801,14660.610462507579,1079318.075334318,0.11654705452719438,3ad66b391c64,bedc89aa8bfb
confirm,1,2048,window,centre,8000,False,4801,613.606180354882,44998.99968852141,0.11677326754567455,3ad66b391c64,bedc89aa8bfb
confirm,2,32,em_bp,all,60,False,25,27912.990173216298,1420362.985784453,0.14018563339898216,8556872c518b,e385cb673fff
confirm,2,32,em_bp,bulk,60,False,25,21333.731290072126,1077135.1942187117,0.140733763655074,8556872c518b,e385cb673fff
confirm,2,32,em_bp,centre,60,False,25,879.3270202634029,44488.78482785312,0.1405885453883111,8556872c518b,e385cb673fff
confirm,2,32,window,all,8000,False,4801,55932.17208426148,1420362.985784453,0.19844089151559702,8556872c518b,e385cb673fff
confirm,2,32,window,bulk,8000,False,4801,29180.035755110155,1077135.1942187117,0.16459165104963863,8556872c518b,e385cb673fff
confirm,2,32,window,centre,8000,False,4801,1198.291346146442,44488.78482785312,0.16411789563839616,8556872c518b,e385cb673fff
confirm,2,128,em_bp,all,60,False,25,9457.264866196643,1420362.985784453,0.08159867431134502,8556872c518b,e385cb673fff
confirm,2,128,em_bp,bulk,60,False,25,7319.309897085176,1077135.1942187117,0.08243278249995209,8556872c518b,e385cb673fff
confirm,2,128,em_bp,centre,60,False,25,306.7296436522328,44488.78482785312,0.0830333582741151,8556872c518b,e385cb673fff
confirm,2,128,window,all,8000,False,4801,37394.620107881005,1420362.985784453,0.162257540887209,8556872c518b,e385cb673fff
confirm,2,128,window,bulk,8000,False,4801,19826.81951216865,1077135.1942187117,0.1356723721530509,8556872c518b,e385cb673fff
confirm,2,128,window,centre,8000,False,4801,815.3168295647341,44488.78482785312,0.1353748323315424,8556872c518b,e385cb673fff
confirm,2,512,em_bp,all,400,False,25,5147.67579222365,1420362.985784453,0.06020130701461019,8556872c518b,e385cb673fff
confirm,2,512,em_bp,bulk,400,False,25,3982.7432162500827,1077135.1942187117,0.06080734552162145,8556872c518b,e385cb673fff
confirm,2,512,em_bp,centre,400,False,25,164.34310965466258,44488.78482785312,0.06077857008652065,8556872c518b,e385cb673fff
confirm,2,512,window,all,64000,True,4801,22405.807517101177,1420362.985784453,0.12559739367564723,8556872c518b,e385cb673fff
confirm,2,512,window,bulk,64000,True,4801,15959.680256283698,1077135.1942187117,0.12172421571492913,8556872c518b,e385cb673fff
confirm,2,512,window,centre,64000,True,4801,670.889766381057,44488.78482785312,0.12280054998390079,8556872c518b,e385cb673fff
confirm,2,2048,em_bp,all,220,False,25,813.2690184829142,1420362.985784453,0.02392860832284709,8556872c518b,e385cb673fff
confirm,2,2048,em_bp,bulk,220,False,25,623.648372881685,1077135.1942187117,0.02406216988436126,8556872c518b,e385cb673fff
confirm,2,2048,em_bp,centre,220,False,25,25.37896156966621,44488.78482785312,0.023884252415724158,8556872c518b,e385cb673fff
confirm,2,2048,window,all,32000,False,4801,26791.736278613018,1420362.985784453,0.13734117440026317,8556872c518b,e385cb673fff
confirm,2,2048,window,bulk,32000,False,4801,15198.977375628456,1077135.1942187117,0.11878786484201538,8556872c518b,e385cb673fff
confirm,2,2048,window,centre,32000,False,4801,631.5971738762911,44488.78482785312,0.1191502114109845,8556872c518b,e385cb673fff
confirm,3,32,em_bp,all,160,False,25,31664.735926691214,1423315.6021181508,0.14915483301793872,487482e7e59b,840397348da9
confirm,3,32,em_bp,bulk,160,False,25,24218.70333052009,1082584.531333308,0.1495700142357981,487482e7e59b,840397348da9
confirm,3,32,em_bp,centre,160,False,25,1006.9163624255953,44888.61010785876,0.14977130704283537,487482e7e59b,840397348da9
confirm,3,32,window,all,2000,False,4801,48641.32785095435,1423315.6021181508,0.18486389792463773,487482e7e59b,840397348da9
confirm,3,32,window,bulk,2000,False,4801,29835.36086538928,1082584.531333308,0.16601018704396114,487482e7e59b,840397348da9
confirm,3,32,window,centre,2000,False,4801,1279.485403589724,44888.61010785876,0.16882998763318716,487482e7e59b,840397348da9
confirm,3,128,em_bp,all,40,False,25,9972.890134922223,1423315.6021181508,0.0837066405247338,487482e7e59b,840397348da9
confirm,3,128,em_bp,bulk,40,False,25,7866.590369570174,1082584.531333308,0.085243713229766,487482e7e59b,840397348da9
confirm,3,128,em_bp,centre,40,False,25,317.6632799668489,44888.61010785876,0.08412313104380953,487482e7e59b,840397348da9
confirm,3,128,window,all,8000,False,4801,36090.65080202176,1423315.6021181508,0.15923801373188756,487482e7e59b,840397348da9
confirm,3,128,window,bulk,8000,False,4801,20453.529647698975,1082584.531333308,0.13745268369808455,487482e7e59b,840397348da9
confirm,3,128,window,centre,8000,False,4801,855.8247056786968,44888.61010785876,0.13807794995940442,487482e7e59b,840397348da9
confirm,3,512,em_bp,all,1200,True,25,2424.2177623872726,1423315.6021181508,0.04127007037834744,487482e7e59b,840397348da9
confirm,3,512,em_bp,bulk,1200,True,25,1936.8860337294507,1082584.531333308,0.04229812586070284,487482e7e59b,840397348da9
confirm,3,512,em_bp,centre,1200,True,25,78.9700019671202,44888.61010785876,0.04194333847962661,487482e7e59b,840397348da9
confirm,3,512,window,all,8000,False,4801,31537.174223047474,1423315.6021181508,0.14885409396550167,487482e7e59b,840397348da9
confirm,3,512,window,bulk,8000,False,4801,15182.579105344257,1082584.531333308,0.11842458394995915,487482e7e59b,840397348da9
confirm,3,512,window,centre,8000,False,4801,643.9928572521148,44888.61010785876,0.11977672825349138,487482e7e59b,840397348da9
confirm,3,2048,em_bp,all,1200,True,25,712.6854840516074,1423315.6021181508,0.02237681913312191,487482e7e59b,840397348da9
confirm,3,2048,em_bp,bulk,1200,True,25,573.2528504077776,1082584.531333308,0.023011355549340657,487482e7e59b,840397348da9
confirm,3,2048,em_bp,centre,1200,True,25,24.597021656050476,44888.61010785876,0.0234084782889146,487482e7e59b,840397348da9
confirm,3,2048,window,all,64000,True,4801,20833.31469596034,1423315.6021181508,0.1209841790926633,487482e7e59b,840397348da9
confirm,3,2048,window,bulk,64000,True,4801,14030.98960697846,1082584.531333308,0.11384481162184283,487482e7e59b,840397348da9
confirm,3,2048,window,centre,64000,True,4801,600.280091267728,44888.61010785876,0.11564021506853578,487482e7e59b,840397348da9
confirm,4,32,em_bp,all,80,False,25,4731.747183694593,1422798.9379254542,0.05766854577836974,d56925e89643,cda0bb196d30
confirm,4,32,em_bp,bulk,80,False,25,3706.9548081922594,1080611.4327314429,0.05856981695668791,d56925e89643,cda0bb196d30
confirm,4,32,em_bp,centre,80,False,25,158.70749426089617,43886.919145101296,0.06013553377177805,d56925e89643,cda0bb196d30
confirm,4,32,window,all,4000,False,4801,47776.15740460894,1422798.9379254542,0.18324572105375955,d56925e89643,cda0bb196d30
confirm,4,32,window,bulk,4000,False,4801,30153.579182085785,1080611.4327314429,0.1670454519297541,d56925e89643,cda0bb196d30
confirm,4,32,window,centre,4000,False,4801,1259.2182226330863,43886.919145101296,0.16938812186659893,d56925e89643,cda0bb196d30
confirm,4,128,em_bp,all,60,False,25,5403.733567327242,1422798.9379254542,0.061627591868024204,d56925e89643,cda0bb196d30
confirm,4,128,em_bp,bulk,60,False,25,4225.92595584682,1080611.4327314429,0.06253543319920152,d56925e89643,cda0bb196d30
confirm,4,128,em_bp,centre,60,False,25,180.55867913990193,43886.919145101296,0.06414187295582775,d56925e89643,cda0bb196d30
confirm,4,128,window,all,4000,False,4801,37691.557477747694,1422798.9379254542,0.16276097232175712,d56925e89643,cda0bb196d30
confirm,4,128,window,bulk,4000,False,4801,19082.844056521346,1080611.4327314429,0.13288830795009265,d56925e89643,cda0bb196d30
confirm,4,128,window,centre,4000,False,4801,805.0659015009695,43886.919145101296,0.13544038169072006,d56925e89643,cda0bb196d30
confirm,4,512,em_bp,all,160,False,25,2329.210256480127,1422798.9379254542,0.04046062440952982,d56925e89643,cda0bb196d30
confirm,4,512,em_bp,bulk,160,False,25,1820.1416771727413,1080611.4327314429,0.04104098902584724,d56925e89643,cda0bb196d30
confirm,4,512,em_bp,centre,160,False,25,75.40313415039309,43886.919145101296,0.04145024975008695,d56925e89643,cda0bb196d30
confirm,4,512,window,all,32000,False,4801,27859.701737433803,1422798.9379254542,0.13993181432692725,d56925e89643,cda0bb196d30
confirm,4,512,window,bulk,32000,False,4801,15288.618629124272,1080611.4327314429,0.11894586383904558,d56925e89643,cda0bb196d30
confirm,4,512,window,centre,32000,False,4801,641.4659092263179,43886.919145101296,0.12089803525694831,d56925e89643,cda0bb196d30
confirm,4,2048,em_bp,all,1200,True,25,484.0693008151786,1422798.9379254542,0.01844514205700206,d56925e89643,cda0bb196d30
confirm,4,2048,em_bp,bulk,1200,True,25,376.2813001415115,1080611.4327314429,0.01866042535164493,d56925e89643,cda0bb196d30
confirm,4,2048,em_bp,centre,1200,True,25,16.080279226788196,43886.919145101296,0.019141644474774323,d56925e89643,cda0bb196d30
confirm,4,2048,window,all,64000,True,4801,22126.011357061758,1422798.9379254542,0.12470383208296475,d56925e89643,cda0bb196d30
confirm,4,2048,window,bulk,64000,True,4801,13523.58792113497,1080611.4327314429,0.11186936822145124,d56925e89643,cda0bb196d30
confirm,4,2048,window,centre,64000,True,4801,564.7768267916214,43886.919145101296,0.11344121967830455,d56925e89643,cda0bb196d30
confirm,5,32,em_bp,all,20,False,25,30113.794747140513,1421287.371714067,0.14555991534318066,fbfed993263b,dfb02d4a223d
confirm,5,32,em_bp,bulk,20,False,25,23326.970507264672,1082905.7343219616,0.14676883380011135,fbfed993263b,dfb02d4a223d
confirm,5,32,em_bp,centre,20,False,25,990.6125339828194,45796.59366829769,0.14707380253315575,fbfed993263b,dfb02d4a223d
confirm,5,32,window,all,4000,False,4801,56088.320688278596,1421287.371714067,0.19865306491924822,fbfed993263b,dfb02d4a223d
confirm,5,32,window,bulk,4000,False,4801,31897.92966706939,1082905.7343219616,0.17162712256773074,fbfed993263b,dfb02d4a223d
confirm,5,32,window,centre,4000,False,4801,1473.4893228057374,45796.59366829769,0.17937293250530714,fbfed993263b,dfb02d4a223d
confirm,5,128,em_bp,all,160,False,25,6221.557511130497,1421287.371714067,0.06616199792908167,fbfed993263b,dfb02d4a223d
confirm,5,128,em_bp,bulk,160,False,25,4819.336876594099,1082905.7343219616,0.06671113286851442,fbfed993263b,dfb02d4a223d
confirm,5,128,em_bp,centre,160,False,25,222.59455292033886,45796.59366829769,0.06971731902688105,fbfed993263b,dfb02d4a223d
confirm,5,128,window,all,2000,False,4801,39284.886343060076,1421287.371714067,0.16625388470082664,fbfed993263b,dfb02d4a223d
confirm,5,128,window,bulk,2000,False,4801,19442.875474401135,1082905.7343219616,0.13399386693003817,fbfed993263b,dfb02d4a223d
confirm,5,128,window,centre,2000,False,4801,847.8874357392746,45796.59366829769,0.13606690664594437,fbfed993263b,dfb02d4a223d
confirm,5,512,em_bp,all,300,False,25,1811.8762882751776,1421287.371714067,0.035704530125162955,fbfed993263b,dfb02d4a223d
confirm,5,512,em_bp,bulk,300,False,25,1399.7324824718075,1082905.7343219616,0.035952342615802164,fbfed993263b,dfb02d4a223d
confirm,5,512,em_bp,centre,300,False,25,55.32682320704452,45796.59366829769,0.03475771988431237,fbfed993263b,dfb02d4a223d
confirm,5,512,window,all,32000,False,4801,25902.61884298895,1421287.371714067,0.13499910486046718,fbfed993263b,dfb02d4a223d
confirm,5,512,window,bulk,32000,False,4801,16352.32075504495,1082905.7343219616,0.12288372618862682,fbfed993263b,dfb02d4a223d
confirm,5,512,window,centre,32000,False,4801,709.7282021078058,45796.59366829769,0.1244885599519456,fbfed993263b,dfb02d4a223d
confirm,5,2048,em_bp,all,1200,True,25,563.0353251290214,1421287.371714067,0.019903381759673607,fbfed993263b,dfb02d4a223d
confirm,5,2048,em_bp,bulk,1200,True,25,436.0999052681584,1082905.7343219616,0.020067703210552925,fbfed993263b,dfb02d4a223d
confirm,5,2048,em_bp,centre,1200,True,25,20.896206384030375,45796.59366829769,0.021360781430036262,fbfed993263b,dfb02d4a223d
confirm,5,2048,window,all,64000,True,4801,21152.271514373126,1421287.371714067,0.12199374331414536,fbfed993263b,dfb02d4a223d
confirm,5,2048,window,bulk,64000,True,4801,14086.316924075953,1082905.7343219616,0.11405213012258085,fbfed993263b,dfb02d4a223d
confirm,5,2048,window,centre,64000,True,4801,596.9855302574771,45796.59366829769,0.11417349987678124,fbfed993263b,dfb02d4a223d
confirm,6,32,em_bp,all,60,False,25,7363.75628599856,1424299.0266301145,0.07190334829798518,5074272f0704,e4d1706a5ff6
confirm,6,32,em_bp,bulk,60,False,25,5683.572047721857,1082386.513361907,0.07246353203652642,5074272f0704,e4d1706a5ff6
confirm,6,32,em_bp,centre,60,False,25,234.62103340947226,45235.31101642908,0.07201860110407408,5074272f0704,e4d1706a5ff6
confirm,6,32,window,all,1000,False,4801,55404.722392082425,1424299.0266301145,0.19722992194132635,5074272f0704,e4d1706a5ff6
confirm,6,32,window,bulk,1000,False,4801,30393.710805186547,1082386.513361907,0.16757170066818938,5074272f0704,e4d1706a5ff6
confirm,6,32,window,centre,1000,False,4801,1277.1583572786776,45235.31101642908,0.1680287453068795,5074272f0704,e4d1706a5ff6
confirm,6,128,em_bp,all,160,False,25,13146.207080290067,1424299.0266301145,0.09607262248944318,5074272f0704,e4d1706a5ff6
confirm,6,128,em_bp,bulk,160,False,25,10157.247005285773,1082386.513361907,0.0968716775914644,5074272f0704,e4d1706a5ff6
confirm,6,128,em_bp,centre,160,False,25,414.3474114434852,45235.31101642908,0.09570696065982436,5074272f0704,e4d1706a5ff6
confirm,6,128,window,all,4000,False,4801,35631.37426128845,1424299.0266301145,0.15816693459162037,5074272f0704,e4d1706a5ff6
confirm,6,128,window,bulk,4000,False,4801,18521.46402966482,1082386.513361907,0.13081166398544136,5074272f0704,e4d1706a5ff6
confirm,6,128,window,centre,4000,False,4801,772.3031734484241,45235.31101642908,0.13066375037388006,5074272f0704,e4d1706a5ff6
confirm,6,512,em_bp,all,120,False,25,2342.233440740856,1424299.0266301145,0.04055220744634976,5074272f0704,e4d1706a5ff6
confirm,6,512,em_bp,bulk,120,False,25,1832.77159040808,1082386.513361907,0.04114935062242542,5074272f0704,e4d1706a5ff6
confirm,6,512,em_bp,centre,120,False,25,67.93383479413352,45235.31101642908,0.03875290601239344,5074272f0704,e4d1706a5ff6
confirm,6,512,window,all,32000,False,4801,26021.616297614673,1424299.0266301145,0.1351657148477659,5074272f0704,e4d1706a5ff6
confirm,6,512,window,bulk,32000,False,4801,16910.24869413214,1082386.513361907,0.124992458743052,5074272f0704,e4d1706a5ff6
confirm,6,512,window,centre,32000,False,4801,706.3246515818595,45235.31101642908,0.1249578060968125,5074272f0704,e4d1706a5ff6
confirm,6,2048,em_bp,all,1200,True,25,2081.1458851531065,1424299.0266301145,0.038225279848918735,5074272f0704,e4d1706a5ff6
confirm,6,2048,em_bp,bulk,1200,True,25,1607.750098411155,1082386.513361907,0.038540565817511016,5074272f0704,e4d1706a5ff6
confirm,6,2048,em_bp,centre,1200,True,25,66.38143638843056,45235.31101642908,0.03830756370444023,5074272f0704,e4d1706a5ff6
confirm,6,2048,window,all,16000,False,4801,26170.28289315784,1424299.0266301145,0.13555127904546327,5074272f0704,e4d1706a5ff6
confirm,6,2048,window,bulk,16000,False,4801,14334.341256641337,1082386.513361907,0.1150794250929214,5074272f0704,e4d1706a5ff6
confirm,6,2048,window,centre,16000,False,4801,610.1324838627745,45235.31101642908,0.11613771672838591,5074272f0704,e4d1706a5ff6
confirm,7,32,em_bp,all,60,False,25,5883.528601469311,1423420.0844773408,0.06429132698791057,55baeb99fbcb,a7422d0c3db0
confirm,7,32,em_bp,bulk,60,False,25,4334.80534293405,1080119.1712358599,0.063350341846891,55baeb99fbcb,a7422d0c3db0
confirm,7,32,em_bp,centre,60,False,25,188.9706108150428,45937.80816655107,0.06413749569455644,55baeb99fbcb,a7422d0c3db0
confirm,7,32,window,all,1000,False,4801,65601.31306139413,1423420.0844773408,0.2146790779833454,55baeb99fbcb,a7422d0c3db0
confirm,7,32,window,bulk,1000,False,4801,37359.980558942356,1080119.1712358599,0.18598053107464593,55baeb99fbcb,a7422d0c3db0
confirm,7,32,window,centre,1000,False,4801,1570.6566615512234,45937.80816655107,0.1849079123657908,55baeb99fbcb,a7422d0c3db0
confirm,7,128,em_bp,all,220,False,25,9910.198211899575,1423420.0844773408,0.08344006345377222,55baeb99fbcb,a7422d0c3db0
confirm,7,128,em_bp,bulk,220,False,25,7664.080814891974,1080119.1712358599,0.08423531427605416,55baeb99fbcb,a7422d0c3db0
confirm,7,128,em_bp,centre,220,False,25,346.4616141367351,45937.80816655107,0.08684452163357592,55baeb99fbcb,a7422d0c3db0
confirm,7,128,window,all,16000,False,4801,35393.00726553332,1423420.0844773408,0.15768565553522693,55baeb99fbcb,a7422d0c3db0
confirm,7,128,window,bulk,16000,False,4801,19780.260347834388,1080119.1712358599,0.13532566330482917,55baeb99fbcb,a7422d0c3db0
confirm,7,128,window,centre,16000,False,4801,841.1326244480181,45937.80816655107,0.1353153621130194,55baeb99fbcb,a7422d0c3db0
confirm,7,512,em_bp,all,80,False,25,1543.3534995972973,1423420.0844773408,0.03292806124153758,55baeb99fbcb,a7422d0c3db0
confirm,7,512,em_bp,bulk,80,False,25,1198.2428829485732,1080119.1712358599,0.03330708242639036,55baeb99fbcb,a7422d0c3db0
confirm,7,512,em_bp,centre,80,False,25,53.64248419428714,45937.80816655107,0.034171914104571106,55baeb99fbcb,a7422d0c3db0
confirm,7,512,window,all,64000,True,4801,24459.314776393137,1423420.0844773408,0.1310857847629691,55baeb99fbcb,a7422d0c3db0
confirm,7,512,window,bulk,64000,True,4801,16963.97721949796,1080119.1712358599,0.12532219792947674,55baeb99fbcb,a7422d0c3db0
confirm,7,512,window,centre,64000,True,4801,708.9991540298988,45937.80816655107,0.1242332147746349,55baeb99fbcb,a7422d0c3db0
confirm,7,2048,em_bp,all,400,False,25,336.3516926453448,1423420.0844773408,0.015371996045169522,55baeb99fbcb,a7422d0c3db0
confirm,7,2048,em_bp,bulk,400,False,25,259.08077267388114,1080119.1712358599,0.015487515518403598,55baeb99fbcb,a7422d0c3db0
confirm,7,2048,em_bp,centre,400,False,25,11.456426710253128,45937.80816655107,0.015792084373241158,55baeb99fbcb,a7422d0c3db0
confirm,7,2048,window,all,64000,True,4801,20441.57525692801,1423420.0844773408,0.1198369191436323,55baeb99fbcb,a7422d0c3db0
confirm,7,2048,window,bulk,64000,True,4801,13998.140572631408,1080119.1712358599,0.11384116670586923,55baeb99fbcb,a7422d0c3db0
confirm,7,2048,window,centre,64000,True,4801,585.051791134192,45937.80816655107,0.11285271758956486,55baeb99fbcb,a7422d0c3db0
confirm,8,32,em_bp,all,40,False,25,32560.17293420378,1421382.3600478668,0.1513519047022693,6ab05819eda6,a4ca7661968b
confirm,8,32,em_bp,bulk,40,False,25,25125.520820140384,1078009.6798048625,0.15266736371043366,6ab05819eda6,a4ca7661968b
confirm,8,32,em_bp,centre,40,False,25,1082.5012093116657,45217.02096450108,0.15472597282023132,6ab05819eda6,a4ca7661968b
confirm,8,32,window,all,1000,False,4801,64976.5532164446,1421382.3600478668,0.21380746985417678,6ab05819eda6,a4ca7661968b
confirm,8,32,window,bulk,1000,False,4801,37807.5469200997,1078009.6798048625,0.1872741866781614,6ab05819eda6,a4ca7661968b
confirm,8,32,window,centre,1000,False,4801,1662.3255916722355,45217.02096450108,0.19173750523741911,6ab05819eda6,a4ca7661968b
confirm,8,128,em_bp,all,60,False,25,20884.439403303993,1421382.3600478668,0.12121488404113735,6ab05819eda6,a4ca7661968b
confirm,8,128,em_bp,bulk,60,False,25,16095.80772205787,1078009.6798048625,0.1221926426693868,6ab05819eda6,a4ca7661968b
confirm,8,128,em_bp,centre,60,False,25,665.0103642452798,45217.02096450108,0.12127275222634057,6ab05819eda6,a4ca7661968b
confirm,8,128,window,all,8000,False,4801,32662.200081488503,1421382.3600478668,0.1515888494684861,6ab05819eda6,a4ca7661968b
confirm,8,128,window,bulk,8000,False,4801,19407.415367503152,1078009.6798048625,0.13417528307421206,6ab05819eda6,a4ca7661968b
confirm,8,128,window,centre,8000,False,4801,831.354093266668,45217.02096450108,0.13559449143765806,6ab05819eda6,a4ca7661968b
confirm,8,512,em_bp,all,300,False,25,2344.447412557362,1421382.3600478668,0.04061297344478167,6ab05819eda6,a4ca7661968b
confirm,8,512,em_bp,bulk,300,False,25,1817.8909540129293,1078009.6798048625,0.04106507156415769,6ab05819eda6,a4ca7661968b
confirm,8,512,em_bp,centre,300,False,25,74.38384392483795,45217.02096450108,0.040559102440697846,6ab05819eda6,a4ca7661968b
confirm,8,512,window,all,64000,True,4801,20343.863971584204,1421382.3600478668,0.11963582834999914,6ab05819eda6,a4ca7661968b
confirm,8,512,window,bulk,64000,True,4801,14327.807651480382,1078009.6798048625,0.1152865229431583,6ab05819eda6,a4ca7661968b
confirm,8,512,window,centre,64000,True,4801,611.9456966884292,45217.02096450108,0.11633368079959996,6ab05819eda6,a4ca7661968b
confirm,8,2048,em_bp,all,800,False,25,346.92235066131315,1421382.3600478668,0.015622864984027015,6ab05819eda6,a4ca7661968b
confirm,8,2048,em_bp,bulk,800,False,25,270.61807845816224,1078009.6798048625,0.015844081683294306,6ab05819eda6,a4ca7661968b
confirm,8,2048,em_bp,centre,800,False,25,12.965687985452176,45217.02096450108,0.01693350303659884,6ab05819eda6,a4ca7661968b
confirm,8,2048,window,all,64000,True,4801,20804.26195248746,1421382.3600478668,0.12098198226366103,6ab05819eda6,a4ca7661968b
confirm,8,2048,window,bulk,64000,True,4801,14866.119415821955,1078009.6798048625,0.11743227601839284,6ab05819eda6,a4ca7661968b
confirm,8,2048,window,centre,64000,True,4801,639.8953042614153,45217.02096450108,0.1189606938120809,6ab05819eda6,a4ca7661968b
confirm,9,32,em_bp,all,40,False,25,12068.403881211243,1424798.1557679134,0.09203398896690118,e9e4426a58d8,5ea85f0d7404
confirm,9,32,em_bp,bulk,40,False,25,9326.930654273292,1081488.4682437193,0.0928663608938364,e9e4426a58d8,5ea85f0d7404
confirm,9,32,em_bp,centre,40,False,25,413.41267576159055,45286.755562901555,0.09554463160462906,e9e4426a58d8,5ea85f0d7404
confirm,9,32,window,all,2000,False,4801,54548.98642007362,1424798.1557679134,0.19566658736352183,e9e4426a58d8,5ea85f0d7404
confirm,9,32,window,bulk,2000,False,4801,32973.74937996566,1081488.4682437193,0.1746116514585376,e9e4426a58d8,5ea85f0d7404
confirm,9,32,window,centre,2000,False,4801,1411.0340959967118,45286.755562901555,0.17651562307318797,e9e4426a58d8,5ea85f0d7404
confirm,9,128,em_bp,all,60,False,25,3279.3454240139686,1424798.1557679134,0.04797521284665686,e9e4426a58d8,5ea85f0d7404
confirm,9,128,em_bp,bulk,60,False,25,2634.6761870158684,1081488.4682437193,0.049357445721637805,e9e4426a58d8,5ea85f0d7404
confirm,9,128,em_bp,centre,60,False,25,104.48470394422468,45286.755562901555,0.04803311524325613,e9e4426a58d8,5ea85f0d7404
confirm,9,128,window,all,4000,False,4801,36471.241464373765,1424798.1557679134,0.15999212298143045,e9e4426a58d8,5ea85f0d7404
confirm,9,128,window,bulk,4000,False,4801,20027.90263061764,1081488.4682437193,0.13608391317196986,e9e4426a58d8,5ea85f0d7404
confirm,9,128,window,centre,4000,False,4801,883.3965880390638,45286.755562901555,0.13966650152930257,e9e4426a58d8,5ea85f0d7404
confirm,9,512,em_bp,all,120,False,25,2554.311435074345,1424798.1557679134,0.04234091623174556,e9e4426a58d8,5ea85f0d7404
confirm,9,512,em_bp,bulk,120,False,25,1992.011088882639,1081488.4682437193,0.042917550747826265,e9e4426a58d8,5ea85f0d7404
confirm,9,512,em_bp,centre,120,False,25,78.55836385343127,45286.755562901555,0.04164957852105592,e9e4426a58d8,5ea85f0d7404
confirm,9,512,window,all,32000,False,4801,25442.98942639688,1424798.1557679134,0.133631054829331,e9e4426a58d8,5ea85f0d7404
confirm,9,512,window,bulk,32000,False,4801,16161.532580832994,1081488.4682437193,0.12224478035304533,e9e4426a58d8,5ea85f0d7404
confirm,9,512,window,centre,32000,False,4801,697.6709176677456,45286.755562901555,0.12411941097070989,e9e4426a58d8,5ea85f0d7404
confirm,9,2048,em_bp,all,1200,True,25,1012.1131314188174,1424798.1557679134,0.02665249420629462,e9e4426a58d8,5ea85f0d7404
confirm,9,2048,em_bp,bulk,1200,True,25,806.1393757054599,1081488.4682437193,0.02730197853375298,e9e4426a58d8,5ea85f0d7404
confirm,9,2048,em_bp,centre,1200,True,25,31.494104168067643,45286.755562901555,0.02637114737360198,e9e4426a58d8,5ea85f0d7404
confirm,9,2048,window,all,16000,False,4801,28368.51000709189,1424798.1557679134,0.1411047361063008,e9e4426a58d8,5ea85f0d7404
confirm,9,2048,window,bulk,16000,False,4801,13862.37251497746,1081488.4682437193,0.11321600761578811,e9e4426a58d8,5ea85f0d7404
confirm,9,2048,window,centre,16000,False,4801,591.3054717918967,45286.755562901555,0.11426687357114398,e9e4426a58d8,5ea85f0d7404
confirm,10,32,em_bp,all,20,False,25,26023.290959773254,1423073.6782317953,0.13522824626249827,c590ac2491f4,96f3ec125462
confirm,10,32,em_bp,bulk,20,False,25,19999.972643543544,1079222.8921559064,0.1361316556111354,c590ac2491f4,96f3ec125462
confirm,10,32,em_bp,centre,20,False,25,831.9136904006709,43965.05385316399,0.13755783468885083,c590ac2491f4,96f3ec125462
confirm,10,32,window,all,2000,False,4801,61528.12095444773,1423073.6782317953,0.20793286289603521,c590ac2491f4,96f3ec125462
confirm,10,32,window,bulk,2000,False,4801,33036.62635738704,1079222.8921559064,0.17496141053473385,c590ac2491f4,96f3ec125462
confirm,10,32,window,centre,2000,False,4801,1381.4032120788995,43965.05385316399,0.17725823720310296,c590ac2491f4,96f3ec125462
confirm,10,128,em_bp,all,60,False,25,5962.703731018639,1423073.6782317953,0.06473034513362966,c590ac2491f4,96f3ec125462
confirm,10,128,em_bp,bulk,60,False,25,4654.465100639973,1079222.8921559064,0.06567185967925071,c590ac2491f4,96f3ec125462
confirm,10,128,em_bp,centre,60,False,25,189.77556701218293,43965.05385316399,0.06570014743004896,c590ac2491f4,96f3ec125462
confirm,10,128,window,all,4000,False,4801,38148.007375305264,1423073.6782317953,0.16372772828421794,c590ac2491f4,96f3ec125462
confirm,10,128,window,bulk,4000,False,4801,18630.86445150848,1079222.8921559064,0.13138958128826578,c590ac2491f4,96f3ec125462
confirm,10,128,window,centre,4000,False,4801,779.607008089508,43965.05385316399,0.1331631507867316,c590ac2491f4,96f3ec125462
confirm,10,512,em_bp,all,1200,True,25,1171.826249626737,1423073.6782317953,0.02869577234199451,c590ac2491f4,96f3ec125462
confirm,10,512,em_bp,bulk,1200,True,25,899.0579429917667,1079222.8921559064,0.028862787153137837,c590ac2491f4,96f3ec125462
confirm,10,512,em_bp,centre,1200,True,25,37.81933656175032,43965.05385316399,0.029329397954325237,c590ac2491f4,96f3ec125462
confirm,10,512,window,all,32000,False,4801,27415.92179057988,1423073.6782317953,0.1387994462067097,c590ac2491f4,96f3ec125462
confirm,10,512,window,bulk,32000,False,4801,16758.95025065786,1079222.8921559064,0.12461428541882512,c590ac2491f4,96f3ec125462
confirm,10,512,window,centre,32000,False,4801,693.4524701479473,43965.05385316399,0.1255898509493701,c590ac2491f4,96f3ec125462
confirm,10,2048,em_bp,all,1200,True,25,1021.1196486631476,1423073.6782317953,0.02678703367335144,c590ac2491f4,96f3ec125462
confirm,10,2048,em_bp,bulk,1200,True,25,806.7136021214418,1079222.8921559064,0.027340352863343857,c590ac2491f4,96f3ec125462
confirm,10,2048,em_bp,centre,1200,True,25,35.29721103436927,43965.05385316399,0.028334554652272755,c590ac2491f4,96f3ec125462
confirm,10,2048,window,all,64000,True,4801,24460.177398037024,1423073.6782317953,0.13110405012135642,c590ac2491f4,96f3ec125462
confirm,10,2048,window,bulk,64000,True,4801,15243.095645161076,1079222.8921559064,0.11884502679513897,c590ac2491f4,96f3ec125462
confirm,10,2048,window,centre,64000,True,4801,624.4982918932242,43965.05385316399,0.1191823165841977,c590ac2491f4,96f3ec125462
confirm,11,32,em_bp,all,20,False,25,22512.73302083861,1428322.0986866392,0.12554546591692436,dbf79e5fcdfc,4954d14491cc
confirm,11,32,em_bp,bulk,20,False,25,17517.831029049554,1085858.512211827,0.12701457120217938,dbf79e5fcdfc,4954d14491cc
confirm,11,32,em_bp,centre,20,False,25,717.7373564164222,45679.66542113472,0.12534912832684994,dbf79e5fcdfc,4954d14491cc
confirm,11,32,window,all,4000,False,4801,59104.635918417356,1428322.0986866392,0.20342189487342724,dbf79e5fcdfc,4954d14491cc
confirm,11,32,window,bulk,4000,False,4801,36506.71080748744,1085858.512211827,0.18335794488952026,dbf79e5fcdfc,4954d14491cc
confirm,11,32,window,centre,4000,False,4801,1505.2446004895428,45679.66542113472,0.18152735591517,dbf79e5fcdfc,4954d14491cc
confirm,11,128,em_bp,all,220,False,25,1215.6020773145908,1428322.0986866392,0.029173103916936515,dbf79e5fcdfc,4954d14491cc
confirm,11,128,em_bp,bulk,220,False,25,952.2932495583921,1085858.512211827,0.02961411324453761,dbf79e5fcdfc,4954d14491cc
confirm,11,128,em_bp,centre,220,False,25,36.84100941935942,45679.66542113472,0.028399082110301628,dbf79e5fcdfc,4954d14491cc
confirm,11,128,window,all,8000,False,4801,37121.607416116705,1428322.0986866392,0.16121309249171722,dbf79e5fcdfc,4954d14491cc
confirm,11,128,window,bulk,8000,False,4801,19622.008898680884,1085858.512211827,0.13442656896583083,dbf79e5fcdfc,4954d14491cc
confirm,11,128,window,centre,8000,False,4801,829.8611206973669,45679.66542113472,0.13478490347727184,dbf79e5fcdfc,4954d14491cc
confirm,11,512,em_bp,all,160,False,25,1060.1473360233529,1428322.0986866392,0.027243947543775137,dbf79e5fcdfc,4954d14491cc
confirm,11,512,em_bp,bulk,160,False,25,826.9711814646771,1085858.512211827,0.02759678992416286,dbf79e5fcdfc,4954d14491cc
confirm,11,512,em_bp,centre,160,False,25,34.079058406254454,45679.66542113472,0.02731381328499797,dbf79e5fcdfc,4954d14491cc
confirm,11,512,window,all,64000,True,4801,22137.674766442193,1428322.0986866392,0.12449529069301417,dbf79e5fcdfc,4954d14491cc
confirm,11,512,window,bulk,64000,True,4801,15381.222830923578,1085858.512211827,0.11901694870661735,dbf79e5fcdfc,4954d14491cc
confirm,11,512,window,centre,64000,True,4801,634.1004337155398,45679.66542113472,0.11781960651554681,dbf79e5fcdfc,4954d14491cc
confirm,11,2048,em_bp,all,1200,True,25,341.7367088949135,1428322.0986866392,0.015467949251593009,dbf79e5fcdfc,4954d14491cc
confirm,11,2048,em_bp,bulk,1200,True,25,264.9172767155947,1085858.512211827,0.01561955011520149,dbf79e5fcdfc,4954d14491cc
confirm,11,2048,em_bp,centre,1200,True,25,11.110046516003413,45679.66542113472,0.015595398679180309,dbf79e5fcdfc,4954d14491cc
confirm,11,2048,window,all,64000,True,4801,19217.86486673254,1428322.0986866392,0.11599505892363635,dbf79e5fcdfc,4954d14491cc
confirm,11,2048,window,bulk,64000,True,4801,13840.97407265944,1085858.512211827,0.1129007189351907,dbf79e5fcdfc,4954d14491cc
confirm,11,2048,window,centre,64000,True,4801,580.8475002142815,45679.66542113472,0.11276377469613369,dbf79e5fcdfc,4954d14491cc
confirm,12,32,em_bp,all,40,False,25,2946.0242121970205,1419615.2931389436,0.04555466122563899,51872dbd685b,2bdcc9dab0d4
confirm,12,32,em_bp,bulk,40,False,25,2237.569222963681,1078314.6033666192,0.045552844005955356,51872dbd685b,2bdcc9dab0d4
confirm,12,32,em_bp,centre,40,False,25,89.75492854516712,44065.61651861961,0.045131443816309964,51872dbd685b,2bdcc9dab0d4
confirm,12,32,window,all,2000,False,4801,57027.22537656679,1419615.2931389436,0.2004267970715477,51872dbd685b,2bdcc9dab0d4
confirm,12,32,window,bulk,2000,False,4801,36421.099664549685,1078314.6033666192,0.18378234292389847,51872dbd685b,2bdcc9dab0d4
confirm,12,32,window,centre,2000,False,4801,1476.0814664264724,44065.61651861961,0.18302281817545912,51872dbd685b,2bdcc9dab0d4
confirm,12,128,em_bp,all,40,False,25,1119.1300395395458,1419615.2931389436,0.028077274114024667,51872dbd685b,2bdcc9dab0d4
confirm,12,128,em_bp,bulk,40,False,25,866.0546138294334,1078314.6033666192,0.028340003298060596,51872dbd685b,2bdcc9dab0d4
confirm,12,128,em_bp,centre,40,False,25,32.82558741424182,44065.61651861961,0.027293317537595688,51872dbd685b,2bdcc9dab0d4
confirm,12,128,window,all,8000,False,4801,35313.34503664289,1419615.2931389436,0.1577190288611656,51872dbd685b,2bdcc9dab0d4
confirm,12,128,window,bulk,8000,False,4801,17833.34468755768,1078314.6033666192,0.1286007965204316,51872dbd685b,2bdcc9dab0d4
confirm,12,128,window,centre,8000,False,4801,714.9413096957985,44065.61651861961,0.1273753148273085,51872dbd685b,2bdcc9dab0d4
confirm,12,512,em_bp,all,120,False,25,1305.0759138262729,1419615.2931389436,0.03032023427517676,51872dbd685b,2bdcc9dab0d4
confirm,12,512,em_bp,bulk,120,False,25,999.2366794623564,1078314.6033666192,0.03044117700380904,51872dbd685b,2bdcc9dab0d4
confirm,12,512,em_bp,centre,120,False,25,35.97887139507215,44065.61651861961,0.02857418437420767,51872dbd685b,2bdcc9dab0d4
confirm,12,512,window,all,64000,True,4801,23115.755431669106,1419615.2931389436,0.12760529939749882,51872dbd685b,2bdcc9dab0d4
confirm,12,512,window,bulk,64000,True,4801,16518.348218666077,1078314.6033666192,0.12376862470269154,51872dbd685b,2bdcc9dab0d4
confirm,12,512,window,centre,64000,True,4801,653.203342415412,44065.61651861961,0.12175148691469986,51872dbd685b,2bdcc9dab0d4
confirm,12,2048,em_bp,all,600,False,25,285.55534397233566,1419615.2931389436,0.014182729223528538,51872dbd685b,2bdcc9dab0d4
confirm,12,2048,em_bp,bulk,600,False,25,220.902122574325,1078314.6033666192,0.014312885632178217,51872dbd685b,2bdcc9dab0d4
confirm,12,2048,em_bp,centre,600,False,25,8.270000612133932,44065.61651861961,0.013699440974660608,51872dbd685b,2bdcc9dab0d4
confirm,12,2048,window,all,8000,False,4801,30612.242844395674,1419615.2931389436,0.14684604031704057,51872dbd685b,2bdcc9dab0d4
confirm,12,2048,window,bulk,8000,False,4801,15334.55481910039,1078314.6033666192,0.1192512232990721,51872dbd685b,2bdcc9dab0d4
confirm,12,2048,window,centre,8000,False,4801,615.9823416181639,44065.61651861961,0.11823177397043183,51872dbd685b,2bdcc9dab0d4
confirm,13,32,em_bp,all,20,False,25,3247.115020948587,1426688.5664845705,0.04770723492856586,f13e56e6a72e,cb0116691d64
confirm,13,32,em_bp,bulk,20,False,25,2466.0828663860666,1084309.9579855623,0.04768997665233099,f13e56e6a72e,cb0116691d64
confirm,13,32,em_bp,centre,20,False,25,97.12252732924081,46029.884881622944,0.04593461103260523,f13e56e6a72e,cb0116691d64
confirm,13,32,window,all,4000,False,4801,65587.5512345573,1426688.5664845705,0.2144105336897399,f13e56e6a72e,cb0116691d64
confirm,13,32,window,bulk,4000,False,4801,35516.69481581388,1084309.9579855623,0.18098373585742233,f13e56e6a72e,cb0116691d64
confirm,13,32,window,centre,4000,False,4801,1542.902519395864,46029.884881622944,0.1830835394165634,f13e56e6a72e,cb0116691d64
confirm,13,128,em_bp,all,60,False,25,4003.5471784009455,1426688.5664845705,0.052973404477315446,f13e56e6a72e,cb0116691d64
confirm,13,128,em_bp,bulk,60,False,25,2928.9751260489675,1084309.9579855623,0.05197339882450599,f13e56e6a72e,cb0116691d64
confirm,13,128,em_bp,centre,60,False,25,124.27781277406271,46029.884881622944,0.051960922913529814,f13e56e6a72e,cb0116691d64
confirm,13,128,window,all,8000,False,4801,38907.659914632335,1426688.5664845705,0.16514026043162314,f13e56e6a72e,cb0116691d64
confirm,13,128,window,bulk,8000,False,4801,21895.38689588453,1084309.9579855623,0.1421018031283327,f13e56e6a72e,cb0116691d64
confirm,13,128,window,centre,8000,False,4801,913.5871771976932,46029.884881622944,0.14088185237702822,f13e56e6a72e,cb0116691d64
confirm,13,512,em_bp,all,80,False,25,2183.108471177284,1426688.5664845705,0.03911767796197511,f13e56e6a72e,cb0116691d64
confirm,13,512,em_bp,bulk,80,False,25,1673.0055141999796,1084309.9579855623,0.039280043772838086,f13e56e6a72e,cb0116691d64
confirm,13,512,em_bp,centre,80,False,25,52.53320627279738,46029.884881622944,0.03378290637764308,f13e56e6a72e,cb0116691d64
confirm,13,512,window,all,16000,False,4801,29554.056040780477,1426688.5664845705,0.14392755767122953,f13e56e6a72e,cb0116691d64
confirm,13,512,window,bulk,16000,False,4801,15753.891622345069,1084309.9579855623,0.12053611888604696,f13e56e6a72e,cb0116691d64
confirm,13,512,window,centre,16000,False,4801,657.9869367691766,46029.884881622944,0.11956076670850904,f13e56e6a72e,cb0116691d64
confirm,13,2048,em_bp,all,1200,True,25,1728.7458062400028,1426688.5664845705,0.0348097560226187,f13e56e6a72e,cb0116691d64
confirm,13,2048,em_bp,bulk,1200,True,25,1344.9478594317272,1084309.9579855623,0.035218917313002134,f13e56e6a72e,cb0116691d64
confirm,13,2048,em_bp,centre,1200,True,25,54.85949229742308,46029.884881622944,0.034522794863066766,f13e56e6a72e,cb0116691d64
confirm,13,2048,window,all,64000,True,4801,20996.717147856245,1426688.5664845705,0.12131405191141822,f13e56e6a72e,cb0116691d64
confirm,13,2048,window,bulk,64000,True,4801,15320.763805506844,1084309.9579855623,0.11886759763645292,f13e56e6a72e,cb0116691d64
confirm,13,2048,window,centre,64000,True,4801,642.807433763563,46029.884881622944,0.11817360951365641,f13e56e6a72e,cb0116691d64
confirm,14,32,em_bp,all,20,False,25,9789.179819951176,1420455.5586993417,0.08301552672431557,5f316b4f8889,6d5db8cb6f96
confirm,14,32,em_bp,bulk,20,False,25,7556.748637402528,1078524.357056671,0.08370521368753014,5f316b4f8889,6d5db8cb6f96
confirm,14,32,em_bp,centre,20,False,25,316.2881472115681,44854.64274111028,0.08397263043182474,5f316b4f8889,6d5db8cb6f96
confirm,14,32,window,all,2000,False,4801,60777.54527460094,1420455.5586993417,0.20685106079508733,5f316b4f8889,6d5db8cb6f96
confirm,14,32,window,bulk,2000,False,4801,35049.761554654506,1078524.357056671,0.18027170037026158,5f316b4f8889,6d5db8cb6f96
confirm,14,32,window,centre,2000,False,4801,1494.1648875119424,44854.64274111028,0.18251373900624215,5f316b4f8889,6d5db8cb6f96
confirm,14,128,em_bp,all,160,False,25,4731.903200024635,1420455.5586993417,0.057717046672108176,5f316b4f8889,6d5db8cb6f96
confirm,14,128,em_bp,bulk,160,False,25,3699.3498628444536,1078524.357056671,0.05856629144907324,5f316b4f8889,6d5db8cb6f96
confirm,14,128,em_bp,centre,160,False,25,156.84508666939104,44854.64274111028,0.05913325129939518,5f316b4f8889,6d5db8cb6f96
confirm,14,128,window,all,32000,False,4801,33469.63488775174,1420455.5586993417,0.15350116010374912,5f316b4f8889,6d5db8cb6f96
confirm,14,128,window,bulk,32000,False,4801,21508.160534027942,1078524.357056671,0.1412168942432588,5f316b4f8889,6d5db8cb6f96
confirm,14,128,window,centre,32000,False,4801,919.0292878857663,44854.64274111028,0.14313998749523263,5f316b4f8889,6d5db8cb6f96
confirm,14,512,em_bp,all,400,False,25,2381.5938663949382,1420455.5586993417,0.04094680556469929,5f316b4f8889,6d5db8cb6f96
confirm,14,512,em_bp,bulk,400,False,25,1861.767952286918,1078524.357056671,0.041547777422114816,5f316b4f8889,6d5db8cb6f96
confirm,14,512,em_bp,centre,400,False,25,77.13941247438241,44854.64274111028,0.04147004077815185,5f316b4f8889,6d5db8cb6f96
confirm,14,512,window,all,8000,False,4801,29995.181139580796,1420455.5586993417,0.14531549283983994,5f316b4f8889,6d5db8cb6f96
confirm,14,512,window,bulk,8000,False,4801,15067.669459601258,1078524.357056671,0.11819743811707187,5f316b4f8889,6d5db8cb6f96
confirm,14,512,window,centre,8000,False,4801,630.0412486015156,44854.64274111028,0.11851703849215536,5f316b4f8889,6d5db8cb6f96
confirm,14,2048,em_bp,all,800,False,25,361.08876510744886,1420455.5586993417,0.01594384863526047,5f316b4f8889,6d5db8cb6f96
confirm,14,2048,em_bp,bulk,800,False,25,282.77969409303637,1078524.357056671,0.01619232199228958,5f316b4f8889,6d5db8cb6f96
confirm,14,2048,em_bp,centre,800,False,25,12.316991262282663,44854.64274111028,0.01657099612250227,5f316b4f8889,6d5db8cb6f96
confirm,14,2048,window,all,64000,True,4801,18809.649472745783,1420455.5586993417,0.1150738188424445,5f316b4f8889,6d5db8cb6f96
confirm,14,2048,window,bulk,64000,True,4801,13641.03233297974,1078524.357056671,0.11246273484971649,5f316b4f8889,6d5db8cb6f96
confirm,14,2048,window,centre,64000,True,4801,579.7023161917499,44854.64274111028,0.11368386149177508,5f316b4f8889,6d5db8cb6f96
confirm,15,32,em_bp,all,40,False,25,9561.982036569243,1420979.5713022486,0.08203138508000483,033caad5d5fe,520f32abc8bc
confirm,15,32,em_bp,bulk,40,False,25,7484.216950418052,1081596.8450059965,0.08318412988870559,033caad5d5fe,520f32abc8bc
confirm,15,32,em_bp,centre,40,False,25,339.3429337463927,44851.79002316666,0.08698202516282637,033caad5d5fe,520f32abc8bc
confirm,15,32,window,all,8000,False,4801,56015.917835683744,1420979.5713022486,0.19854630586360744,033caad5d5fe,520f32abc8bc
confirm,15,32,window,bulk,8000,False,4801,31410.133951545242,1081596.8450059965,0.1704127906200828,033caad5d5fe,520f32abc8bc
confirm,15,32,window,centre,8000,False,4801,1306.8807724460958,44851.79002316666,0.17069786690344102,033caad5d5fe,520f32abc8bc
confirm,15,128,em_bp,all,120,False,25,3678.3073736683477,1420979.5713022486,0.05087800711400324,033caad5d5fe,520f32abc8bc
confirm,15,128,em_bp,bulk,120,False,25,2877.531798663843,1081596.8450059965,0.05157952755750076,033caad5d5fe,520f32abc8bc
confirm,15,128,em_bp,centre,120,False,25,130.12114510354078,44851.79002316666,0.05386219503115363,033caad5d5fe,520f32abc8bc
confirm,15,128,window,all,8000,False,4801,38310.67186832121,1420979.5713022486,0.1641972832062328,033caad5d5fe,520f32abc8bc
confirm,15,128,window,bulk,8000,False,4801,21227.526227266728,1081596.8450059965,0.14009317795361667,033caad5d5fe,520f32abc8bc
confirm,15,128,window,centre,8000,False,4801,884.0983460933719,44851.79002316666,0.1403978311488974,033caad5d5fe,520f32abc8bc
confirm,15,512,em_bp,all,160,False,25,1355.462153798435,1420979.5713022486,0.03088515468869756,033caad5d5fe,520f32abc8bc
confirm,15,512,em_bp,bulk,160,False,25,1049.6563626314066,1081596.8450059965,0.031152353722201855,033caad5d5fe,520f32abc8bc
confirm,15,512,em_bp,centre,160,False,25,44.67123040641701,44851.79002316666,0.03155906058844133,033caad5d5fe,520f32abc8bc
confirm,15,512,window,all,64000,True,4801,22298.192990631243,1420979.5713022486,0.12526822330277765,033caad5d5fe,520f32abc8bc
confirm,15,512,window,bulk,64000,True,4801,15452.940235266125,1081596.8450059965,0.11952888177798611,033caad5d5fe,520f32abc8bc
confirm,15,512,window,centre,64000,True,4801,670.7876780735628,44851.79002316666,0.12229329541255733,033caad5d5fe,520f32abc8bc
confirm,15,2048,em_bp,all,1200,True,25,995.8434683820798,1420979.5713022486,0.02647290629776437,033caad5d5fe,520f32abc8bc
confirm,15,2048,em_bp,bulk,1200,True,25,784.2069940103848,1081596.8450059965,0.026926670116075097,033caad5d5fe,520f32abc8bc
confirm,15,2048,em_bp,centre,1200,True,25,34.258875402438996,44851.79002316666,0.027637366712290386,033caad5d5fe,520f32abc8bc
confirm,15,2048,window,all,64000,True,4801,18505.395436166415,1420979.5713022486,0.11411829325258226,033caad5d5fe,520f32abc8bc
confirm,15,2048,window,bulk,64000,True,4801,13604.858746714921,1081596.8450059965,0.11215388255688381,033caad5d5fe,520f32abc8bc
confirm,15,2048,window,centre,64000,True,4801,583.2434052762205,44851.79002316666,0.11403417588849767,033caad5d5fe,520f32abc8bc
