rho,depth,filter_level,n_leaves,n_distinct_rungs,block_size,t_speciation_top,t_speciation_bottom,ladder_span,cross_block_covariance,levels,eigenvalues,speciation_times
0.85,3,0,8,4,8,0.831499819429059,0.12245252154786125,6.790385440156597,0.37714951562499993,-1;0;1;2,4.275111;1.257914;0.678488;0.277500,0.831500;0.407221;0.258947;0.122453
0.85,3,1,8,4,4,0.831499819429059,0.12245252154786125,6.790385440156597,0.37714951562499993,-1;-2;1;2,4.275111;1.257914;0.678488;0.277500,0.831500;0.407221;0.258947;0.122453
0.85,3,2,8,3,2,0.8032565289822315,0.12245252154786125,6.5597385731928295,0.37714951562499993,-1;-2;2,3.985397;0.968201;0.277500,0.803257;0.338560;0.122453
0.85,3,3,8,2,1,0.7673622056558171,0.2420920806456674,3.1697121343632446,0.37714951562499993,-1;-2,3.640047;0.622850,0.767362;0.242092
0.85,4,0,16,5,16,1.0044448056128075,0.12245252154786125,8.202728640587566,0.27249052503906246,-1;0;1;2;3,6.455035;2.095186;1.257914;0.678488;0.277500,1.004445;0.564924;0.407221;0.258947;0.122453
0.85,4,1,16,5,8,1.0044448056128075,0.12245252154786125,8.202728640587566,0.27249052503906246,-1;-2;1;2;3,6.455035;2.095186;1.257914;0.678488;0.277500,1.004445;0.564924;0.407221;0.258947;0.122453
0.85,4,2,16,4,4,0.9755482526337311,0.12245252154786125,7.966746950592052,0.27249052503906246,-1;-2;2;3,6.036399;1.676550;0.678488;0.277500,0.975548;0.492264;0.258947;0.122453
0.85,4,3,16,3,2,0.9387672693189311,0.12245252154786125,7.666377608663686,0.27249052503906246,-1;-2;3,5.537367;1.177519;0.277500,0.938767;0.389093;0.122453
0.85,4,4,16,2,1,0.9031070706049148,0.2733403807133327,3.3039650718568856,0.27249052503906246,-1;-2,5.087358;0.727509,0.903107;0.273340
0.85,5,0,32,6,32,1.1806639836468915,0.12245252154786125,9.641810301026936,0.1968744043407226,-1;0;1;2;3;4,9.605025;3.305044;2.095186;1.257914;0.678488;0.277500,1.180664;0.729894;0.564924;0.407221;0.258947;0.122453
0.85,5,1,32,6,16,1.1806639836468915,0.12245252154786125,9.641810301026936,0.1968744043407226,-1;-2;1;2;3;4,9.605025;3.305044;2.095186;1.257914;0.678488;0.277500,1.180664;0.729894;0.564924;0.407221;0.258947;0.122453
0.85,5,2,32,5,8,1.1512973598077219,0.12245252154786125,9.401989810048386,0.1968744043407226,-1;-2;2;3;4,9.000096;2.700115;1.257914;0.678488;0.277500,1.151297;0.654182;0.407221;0.258947;0.122453
0.85,5,3,32,4,4,1.1138766660286772,0.12245252154786125,9.096396317109013,0.1968744043407226,-1;-2;3;4,8.278996;1.979015;0.678488;0.277500,1.113877;0.545796;0.258947;0.122453
0.85,5,4,32,3,2,1.077548790037732,0.12245252154786125,8.799727244624899,0.1968744043407226,-1;-2;4,7.628732;1.328751;0.277500,1.077549;0.422666;0.122453
0.85,5,5,32,2,1,1.046123755468905,0.2947608005312861,3.5490599617837195,0.1968744043407226,-1;-2,7.103107;0.803126,1.046124;0.294761
0.85,6,0,64,7,64,1.359223366711911,0.12245252154786125,11.100003083077802,0.14224175713617207,-1;0;1;2;3;4;5,14.156761;5.053289;3.305044;2.095186;1.257914;0.678488;0.277500,1.359223;0.900301;0.729894;0.564924;0.407221;0.258947;0.122453
0.85,6,1,64,7,32,1.359223366711911,0.12245252154786125,11.100003083077802,0.14224175713617207,-1;-2;1;2;3;4;5,14.156761;5.053289;3.305044;2.095186;1.257914;0.678488;0.277500,1.359223;0.900301;0.729894;0.564924;0.407221;0.258947;0.122453
0.85,6,2,64,6,16,1.3295223755674332,0.12245252154786125,10.857452004757468,0.14224175713617207,-1;-2;2;3;4;5,13.282639;4.179167;2.095186;1.257914;0.678488;0.277500,1.329522;0.822322;0.564924;0.407221;0.258947;0.122453
0.85,6,3,64,5,8,1.29164578228697,0.12245252154786125,10.548135440249984,0.14224175713617207,-1;-2;3;4;5,12.240649;3.137177;1.257914;0.678488;0.277500,1.291646;0.710007;0.407221;0.258947;0.122453
0.85,6,4,64,4,4,1.2548410086709583,0.12245252154786125,10.247571816481514,0.14224175713617207,-1;-2;4;5,11.301018;2.197545;0.678488;0.277500,1.254841;0.581192;0.258947;0.122453
0.85,6,5,64,3,2,1.2229741386160566,0.12245252154786125,9.987333238687539,0.14224175713617207,-1;-2;5,10.541489;1.438016;0.277500,1.222974;0.445592;0.122453
0.85,6,6,64,2,1,1.197182282661683,0.30968525753008685,3.865803274621082,0.14224175713617207,-1;-2,9.961231;0.857758,1.197182;0.309685
0.9,3,0,8,4,8,0.9161278253384977,0.08697665356171899,10.533031426512743,0.531441,-1;0;1;2,5.247964;0.996436;0.497800;0.190000,0.916128;0.345682;0.201999;0.086977
0.9,3,1,8,4,4,0.9161278253384977,0.08697665356171899,10.533031426512743,0.531441,-1;-2;1;2,5.247964;0.996436;0.497800;0.190000,0.916128;0.345682;0.201999;0.086977
0.9,3,2,8,3,2,0.8957668885474175,0.08697665356171899,10.298934850508793,0.531441,-1;-2;2,4.998646;0.747118;0.190000,0.895767;0.278984;0.086977
0.9,3,3,8,2,1,0.8719920075331243,0.19214082395043727,4.538296389100812,0.531441,-1;-2,4.720087;0.468559,0.871992;0.192141
0.9,4,0,16,5,16,1.135635011227901,0.08697665356171899,13.056779776219486,0.4304672100000001,-1;0;1;2;3,8.691702;1.804226;0.996436;0.497800;0.190000,1.135635;0.515564;0.345682;0.201999;0.086977
0.9,4,1,16,5,8,1.135635011227901,0.08697665356171899,13.056779776219486,0.4304672100000001,-1;-2;1;2;3,8.691702;1.804226;0.996436;0.497800;0.190000,1.135635;0.515564;0.345682;0.201999;0.086977
0.9,4,2,16,4,4,1.1143512064993006,0.08697665356171899,12.81207267543988,0.4304672100000001,-1;-2;2;3,8.287807;1.400331;0.497800;0.190000,1.114351;0.437803;0.201999;0.086977
0.9,4,3,16,3,2,1.0894477518465282,0.08697665356171899,12.525749235379028,0.4304672100000001,-1;-2;3,7.836541;0.949066;0.190000,1.089448;0.333675;0.086977
0.9,4,4,16,2,1,1.067497732249166,0.22538899454272956,4.736246037278401,0.4304672100000001,-1;-2,7.457008;0.569533,1.067498;0.225389
0.9,5,0,32,6,32,1.3629632885429597,0.08697665356171899,15.670449859004925,0.3486784401000001,-1;0;1;2;3;4,14.270557;3.112847;1.804226;0.996436;0.497800;0.190000,1.362963;0.707058;0.515564;0.345682;0.201999;0.086977
0.9,5,1,32,6,16,1.3629632885429597,0.08697665356171899,15.670449859004925,0.3486784401000001,-1;-2;1;2;3;4,14.270557;3.112847;1.804226;0.996436;0.497800;0.190000,1.362963;0.707058;0.515564;0.345682;0.201999;0.086977
0.9,5,2,32,5,8,1.3410668441410396,0.08697665356171899,15.418699032717015,0.3486784401000001,-1;-2;2;3;4,13.616247;2.458536;0.996436;0.497800;0.190000,1.341067;0.620423;0.345682;0.201999;0.086977
0.9,5,3,32,4,4,1.3154116299296907,0.08697665356171899,15.12373235877912,0.3486784401000001,-1;-2;3;4,12.885196;1.727486;0.497800;0.190000,1.315412;0.501690;0.201999;0.086977
0.9,5,4,32,3,2,1.2927662323220033,0.08697665356171899,14.863370564201473,0.3486784401000001,-1;-2;4,12.270353;1.112643;0.190000,1.292766;0.373970;0.086977
0.9,5,5,32,2,1,1.2750752596130746,0.2507879563604181,5.08427628709813,0.3486784401000001,-1;-2,11.809032;0.651322,1.275075;0.250788
0.9,6,0,64,7,64,1.5954089667613156,0.08697665356171899,18.34295643059211,0.2824295364810001,-1;0;1;2;3;4;5,23.308302;5.232812;3.112847;1.804226;0.996436;0.497800;0.190000,1.595409;0.914914;0.707058;0.515564;0.345682;0.201999;0.086977
0.9,6,1,64,7,32,1.5954089667613156,0.08697665356171899,18.34295643059211,0.2824295364810001,-1;-2;1;2;3;4;5,23.308302;5.232812;3.112847;1.804226;0.996436;0.497800;0.190000,1.595409;0.914914;0.707058;0.515564;0.345682;0.201999;0.086977
0.9,6,2,64,6,16,1.573116423443504,0.08697665356171899,18.086651521114387,0.2824295364810001,-1;-2;2;3;4;5,22.248319;4.172829;1.804226;0.996436;0.497800;0.190000,1.573116;0.821710;0.515564;0.345682;0.201999;0.086977
0.9,6,3,64,5,8,1.546974069402572,0.08697665356171899,17.786084035813506,0.2824295364810001,-1;-2;3;4;5,21.064018;2.988528;0.996436;0.497800;0.190000,1.546974;0.691711;0.345682;0.201999;0.086977
0.9,6,4,64,4,4,1.5238769907773848,0.08697665356171899,17.52052911182695,0.2824295364810001,-1;-2;4;5,20.067972;1.992482;0.497800;0.190000,1.523877;0.548052;0.201999;0.086977
0.9,6,5,64,3,2,1.5058183441311446,0.08697665356171899,17.31290274421296,0.2824295364810001,-1;-2;5,19.320631;1.245141;0.190000,1.505818;0.404384;0.086977
0.9,6,6,64,2,1,1.4926657057706008,0.27045538553348447,5.519082945330357,0.2824295364810001,-1;-2,18.793061;0.717570,1.492666;0.270455
