seed,n_obs,t,arm,psi_hat_deg,psi_true_deg,psi_err_deg,is_flat,profile_range_nats
123393400,128,0.05,joint,30.653213210136638,29.999999999999996,0.6532132101366386,False,12247.711356827831
123393400,128,0.05,marginal,,29.999999999999996,,True,0.0
123393400,128,0.1053,joint,30.39255099752443,29.999999999999996,0.39255099752443345,False,6102.499361451805
123393400,128,0.1053,marginal,,29.999999999999996,,True,0.0
123393400,128,0.2216,joint,30.135015941056842,29.999999999999996,0.13501594105684506,False,2614.0293974565066
123393400,128,0.2216,marginal,,29.999999999999996,,True,0.0
123393400,128,0.4665,joint,30.31545511778347,29.999999999999996,0.3154551177834698,False,875.665954081356
123393400,128,0.4665,marginal,,29.999999999999996,,True,0.0
123393400,128,0.9821,joint,31.562937504979498,29.999999999999996,1.5629375049794998,False,171.20172093733345
123393400,128,0.9821,marginal,,29.999999999999996,,True,0.0
123393400,128,2.0676,joint,24.21702600645198,29.999999999999996,5.7829739935480164,False,9.04947140376089
123393400,128,2.0676,marginal,,29.999999999999996,,True,0.0
123393400,512,0.05,joint,29.836852299835492,29.999999999999996,0.16314770016450603,False,48293.23116957968
123393400,512,0.05,marginal,,29.999999999999996,,True,0.0
123393400,512,0.1053,joint,29.891223966443665,29.999999999999996,0.10877603355633465,False,23750.8822664651
123393400,512,0.1053,marginal,,29.999999999999996,,True,0.0
123393400,512,0.2216,joint,30.08687573315114,29.999999999999996,0.08687573315113954,False,10268.977352555588
123393400,512,0.2216,marginal,,29.999999999999996,,True,0.0
123393400,512,0.4665,joint,29.61200445142869,29.999999999999996,0.3879955485713078,False,3407.957347858377
123393400,512,0.4665,marginal,,29.999999999999996,,True,0.0
123393400,512,0.9821,joint,30.353695257625134,29.999999999999996,0.353695257625135,False,625.7016059304497
123393400,512,0.9821,marginal,,29.999999999999996,,True,0.0
123393400,512,2.0676,joint,33.82815550711684,29.999999999999996,3.828155507116841,False,18.32263668077212
123393400,512,2.0676,marginal,,29.999999999999996,,True,0.0
123393400,1024,0.05,joint,29.88026355804979,29.999999999999996,0.11973644195020824,False,95042.85992886657
123393400,1024,0.05,marginal,,29.999999999999996,,True,0.0
123393400,1024,0.1053,joint,29.9374826475841,29.999999999999996,0.06251735241589701,False,47102.922997958274
123393400,1024,0.1053,marginal,,29.999999999999996,,True,0.0
123393400,1024,0.2216,joint,30.086114111109175,29.999999999999996,0.08611411110917677,False,19942.86994242113
123393400,1024,0.2216,marginal,,29.999999999999996,,True,0.0
123393400,1024,0.4665,joint,29.953714752043062,29.999999999999996,0.04628524795693545,False,6913.803353897325
123393400,1024,0.4665,marginal,,29.999999999999996,,True,0.0
123393400,1024,0.9821,joint,30.496807274437025,29.999999999999996,0.49680727443702555,False,1348.344920734031
123393400,1024,0.9821,marginal,,29.999999999999996,,True,0.0
123393400,1024,2.0676,joint,31.37254310888907,29.999999999999996,1.3725431088890714,False,35.19253286405183
123393400,1024,2.0676,marginal,,29.999999999999996,,True,0.0
123393400,2048,0.05,joint,29.960417272982404,29.999999999999996,0.039582727017593355,False,188471.632456192
123393400,2048,0.05,marginal,,29.999999999999996,,True,0.0
123393400,2048,0.1053,joint,29.986289706340305,29.999999999999996,0.01371029365969139,False,92656.0538737367
123393400,2048,0.1053,marginal,,29.999999999999996,,True,0.0
123393400,2048,0.2216,joint,30.015787651211127,29.999999999999996,0.015787651211128816,False,39729.23481485396
123393400,2048,0.2216,marginal,,29.999999999999996,,True,0.0
123393400,2048,0.4665,joint,29.969026215049233,29.999999999999996,0.030973784950765408,False,13461.736161760073
123393400,2048,0.4665,marginal,,29.999999999999996,,True,0.0
123393400,2048,0.9821,joint,30.020309522310253,29.999999999999996,0.020309522310256446,False,2515.3555224206684
123393400,2048,0.9821,marginal,,29.999999999999996,,True,0.0
123393400,2048,2.0676,joint,32.36081680254903,29.999999999999996,2.360816802549033,False,73.72988907623585
123393400,2048,2.0676,marginal,,29.999999999999996,,True,0.0
123393400,4096,0.05,joint,30.100527175958533,29.999999999999996,0.10052717595853654,False,377149.79783806775
123393400,4096,0.05,marginal,,29.999999999999996,,True,0.0
123393400,4096,0.1053,joint,30.114751682137378,29.999999999999996,0.11475168213737984,False,186657.6873816824
123393400,4096,0.1053,marginal,,29.999999999999996,,True,0.0
123393400,4096,0.2216,joint,30.06495923170403,29.999999999999996,0.06495923170403116,False,80062.33978637378
123393400,4096,0.2216,marginal,,29.999999999999996,,True,0.0
123393400,4096,0.4665,joint,30.145352077639902,29.999999999999996,0.14535207763990574,False,27401.819650274134
123393400,4096,0.4665,marginal,,29.999999999999996,,True,0.0
123393400,4096,0.9821,joint,30.24678821218318,29.999999999999996,0.24678821218318042,False,4937.366848151782
123393400,4096,0.9821,marginal,,29.999999999999996,,True,0.0
123393400,4096,2.0676,joint,31.887361253796616,29.999999999999996,1.8873612537966173,False,119.5587235142957
123393400,4096,2.0676,marginal,,29.999999999999996,,True,0.0
295485566,128,0.05,joint,30.10270127489586,29.999999999999996,0.10270127489586234,False,11473.81648503158
295485566,128,0.05,marginal,,29.999999999999996,,True,0.0
295485566,128,0.1053,joint,30.44555812307047,29.999999999999996,0.44555812307047243,False,5621.016013641547
295485566,128,0.1053,marginal,,29.999999999999996,,True,0.0
295485566,128,0.2216,joint,30.078357224309087,29.999999999999996,0.07835722430908929,False,2415.8271703154546
295485566,128,0.2216,marginal,,29.999999999999996,,True,0.0
295485566,128,0.4665,joint,30.7574517710049,29.999999999999996,0.7574517710049022,False,801.3426691450211
295485566,128,0.4665,marginal,,29.999999999999996,,True,0.0
295485566,128,0.9821,joint,31.372589940664216,29.999999999999996,1.3725899406642177,False,142.65341424077133
295485566,128,0.9821,marginal,,29.999999999999996,,True,0.0
295485566,128,2.0676,joint,21.90191988497778,29.999999999999996,8.098080115022217,False,7.685875116120769
295485566,128,2.0676,marginal,,29.999999999999996,,True,0.0
295485566,512,0.05,joint,30.04933872143297,29.999999999999996,0.049338721432973374,False,44842.535382972506
295485566,512,0.05,marginal,,29.999999999999996,,True,0.0
295485566,512,0.1053,joint,30.105923324798795,29.999999999999996,0.10592332479879558,False,22513.317642472008
295485566,512,0.1053,marginal,,29.999999999999996,,True,0.0
295485566,512,0.2216,joint,30.252029529133868,29.999999999999996,0.2520295291338686,False,9474.476855747651
295485566,512,0.2216,marginal,,29.999999999999996,,True,0.0
295485566,512,0.4665,joint,30.631422628309362,29.999999999999996,0.6314226283093648,False,3272.8075929370916
295485566,512,0.4665,marginal,,29.999999999999996,,True,0.0
295485566,512,0.9821,joint,29.856213345249536,29.999999999999996,0.14378665475046232,False,602.6614641290626
295485566,512,0.9821,marginal,,29.999999999999996,,True,0.0
295485566,512,2.0676,joint,35.9128659559208,29.999999999999996,5.912865955920805,False,22.01568888400834
295485566,512,2.0676,marginal,,29.999999999999996,,True,0.0
295485566,1024,0.05,joint,29.87462292074755,29.999999999999996,0.12537707925244526,False,97455.86186436102
295485566,1024,0.05,marginal,,29.999999999999996,,True,0.0
295485566,1024,0.1053,joint,29.78027635090518,29.999999999999996,0.21972364909481715,False,48208.19245200747
295485566,1024,0.1053,marginal,,29.999999999999996,,True,0.0
295485566,1024,0.2216,joint,29.856378175517133,29.999999999999996,0.14362182448286484,False,20920.625033117656
295485566,1024,0.2216,marginal,,29.999999999999996,,True,0.0
295485566,1024,0.4665,joint,29.61300557254222,29.999999999999996,0.38699442745777524,False,7046.116994219465
295485566,1024,0.4665,marginal,,29.999999999999996,,True,0.0
295485566,1024,0.9821,joint,29.97564507893697,29.999999999999996,0.02435492106302725,False,1365.7411332020529
295485566,1024,0.9821,marginal,,29.999999999999996,,True,0.0
295485566,1024,2.0676,joint,29.247154755887255,29.999999999999996,0.752845244112744,False,39.220173538134986
295485566,1024,2.0676,marginal,,29.999999999999996,,True,0.0
295485566,2048,0.05,joint,29.97933785128408,29.999999999999996,0.020662148715919686,False,195217.2939428578
295485566,2048,0.05,marginal,,29.999999999999996,,True,0.0
295485566,2048,0.1053,joint,29.98489594997414,29.999999999999996,0.015104050025860008,False,97108.53896263515
295485566,2048,0.1053,marginal,,29.999999999999996,,True,0.0
295485566,2048,0.2216,joint,30.088522879568917,29.999999999999996,0.08852287956892058,False,41819.80643221839
295485566,2048,0.2216,marginal,,29.999999999999996,,True,0.0
295485566,2048,0.4665,joint,29.955034479113433,29.999999999999996,0.04496552088656338,False,13837.591477394137
295485566,2048,0.4665,marginal,,29.999999999999996,,True,0.0
295485566,2048,0.9821,joint,29.826520383953294,29.999999999999996,0.17347961604670512,False,2551.908011780546
295485566,2048,0.9821,marginal,,29.999999999999996,,True,0.0
295485566,2048,2.0676,joint,29.026699630476394,29.999999999999996,0.9733003695236032,False,70.8431450760254
295485566,2048,2.0676,marginal,,29.999999999999996,,True,0.0
295485566,4096,0.05,joint,29.931652736261412,29.999999999999996,0.06834726373858395,False,379766.17024936515
295485566,4096,0.05,marginal,,29.999999999999996,,True,0.0
295485566,4096,0.1053,joint,29.942947323382974,29.999999999999996,0.057052676617023804,False,188855.7956136886
295485566,4096,0.1053,marginal,,29.999999999999996,,True,0.0
295485566,4096,0.2216,joint,29.865844203494806,29.999999999999996,0.1341557965051921,False,80353.7857919957
295485566,4096,0.2216,marginal,,29.999999999999996,,True,0.0
295485566,4096,0.4665,joint,29.841506281329536,29.999999999999996,0.1584937186704624,False,27339.39326731587
295485566,4096,0.4665,marginal,,29.999999999999996,,True,0.0
295485566,4096,0.9821,joint,29.66998686618388,29.999999999999996,0.33001313381611863,False,5027.540066052177
295485566,4096,0.9821,marginal,,29.999999999999996,,True,0.0
295485566,4096,2.0676,joint,29.374267400417555,29.999999999999996,0.6257325995824432,False,122.85025123171363
295485566,4096,2.0676,marginal,,29.999999999999996,,True,0.0
325160077,128,0.05,joint,30.379438231498927,29.999999999999996,0.37943823149893036,False,11853.147263847866
325160077,128,0.05,marginal,,29.999999999999996,,True,0.0
325160077,128,0.1053,joint,30.46361574279685,29.999999999999996,0.46361574279685164,False,5621.3371594581085
325160077,128,0.1053,marginal,,29.999999999999996,,True,0.0
325160077,128,0.2216,joint,30.527146535807606,29.999999999999996,0.5271465358076076,False,2474.6284265411796
325160077,128,0.2216,marginal,,29.999999999999996,,True,0.0
325160077,128,0.4665,joint,30.835161951530168,29.999999999999996,0.8351619515301694,False,889.9224566340281
325160077,128,0.4665,marginal,,29.999999999999996,,True,0.0
325160077,128,0.9821,joint,28.791910258866366,29.999999999999996,1.20808974113363,False,146.67752789106567
325160077,128,0.9821,marginal,,29.999999999999996,,True,0.0
325160077,128,2.0676,joint,150.9209749580399,29.999999999999996,120.9209749580399,False,7.211394011435232
325160077,128,2.0676,marginal,,29.999999999999996,,True,0.0
325160077,512,0.05,joint,30.014516558775245,29.999999999999996,0.014516558775246708,False,48201.71729054686
325160077,512,0.05,marginal,,29.999999999999996,,True,0.0
325160077,512,0.1053,joint,29.926617426419487,29.999999999999996,0.07338257358050948,False,24253.722861275695
325160077,512,0.1053,marginal,,29.999999999999996,,True,0.0
325160077,512,0.2216,joint,30.106346358785487,29.999999999999996,0.10634635878549004,False,10245.768535596568
325160077,512,0.2216,marginal,,29.999999999999996,,True,0.0
325160077,512,0.4665,joint,30.11590321702822,29.999999999999996,0.11590321702822219,False,3411.628472035829
325160077,512,0.4665,marginal,,29.999999999999996,,True,0.0
325160077,512,0.9821,joint,29.96076197898699,29.999999999999996,0.03923802101300851,False,717.4066801560557
325160077,512,0.9821,marginal,,29.999999999999996,,True,0.0
325160077,512,2.0676,joint,33.37807153821508,29.999999999999996,3.3780715382150848,False,25.93514088419124
325160077,512,2.0676,marginal,,29.999999999999996,,True,0.0
325160077,1024,0.05,joint,29.81317571009875,29.999999999999996,0.1868242899012488,False,96648.46286311027
325160077,1024,0.05,marginal,,29.999999999999996,,True,0.0
325160077,1024,0.1053,joint,29.860302979557666,29.999999999999996,0.13969702044233007,False,47478.35461486039
325160077,1024,0.1053,marginal,,29.999999999999996,,True,0.0
325160077,1024,0.2216,joint,29.808319364471952,29.999999999999996,0.19168063552804504,False,20720.14479289547
325160077,1024,0.2216,marginal,,29.999999999999996,,True,0.0
325160077,1024,0.4665,joint,29.79876390158268,29.999999999999996,0.20123609841731777,False,7094.17260517139
325160077,1024,0.4665,marginal,,29.999999999999996,,True,0.0
325160077,1024,0.9821,joint,29.42390514986358,29.999999999999996,0.5760948501364174,False,1245.350001040335
325160077,1024,0.9821,marginal,,29.999999999999996,,True,0.0
325160077,1024,2.0676,joint,25.81517380254036,29.999999999999996,4.1848261974596355,False,38.29686472804315
325160077,1024,2.0676,marginal,,29.999999999999996,,True,0.0
325160077,2048,0.05,joint,29.932929936202143,29.999999999999996,0.06707006379785616,False,187384.8996534437
325160077,2048,0.05,marginal,,29.999999999999996,,True,0.0
325160077,2048,0.1053,joint,29.9165521720915,29.999999999999996,0.08344782790849672,False,92598.00529172523
325160077,2048,0.1053,marginal,,29.999999999999996,,True,0.0
325160077,2048,0.2216,joint,29.806166815530997,29.999999999999996,0.19383318446900177,False,39752.569319478265
325160077,2048,0.2216,marginal,,29.999999999999996,,True,0.0
325160077,2048,0.4665,joint,29.877079345122734,29.999999999999996,0.12292065487726403,False,13440.406024538155
325160077,2048,0.4665,marginal,,29.999999999999996,,True,0.0
325160077,2048,0.9821,joint,30.360630807764327,29.999999999999996,0.360630807764328,False,2504.9890745100965
325160077,2048,0.9821,marginal,,29.999999999999996,,True,0.0
325160077,2048,2.0676,joint,31.47641788772993,29.999999999999996,1.476417887729931,False,48.52355980640277
325160077,2048,2.0676,marginal,,29.999999999999996,,True,0.0
325160077,4096,0.05,joint,29.945125765098457,29.999999999999996,0.05487423490153987,False,367675.89120858116
325160077,4096,0.05,marginal,,29.999999999999996,,True,0.0
325160077,4096,0.1053,joint,29.951883409761237,29.999999999999996,0.048116590238759416,False,182016.24139491943
325160077,4096,0.1053,marginal,,29.999999999999996,,True,0.0
325160077,4096,0.2216,joint,29.909948977000195,29.999999999999996,0.09005102299980473,False,78263.60383330577
325160077,4096,0.2216,marginal,,29.999999999999996,,True,0.0
325160077,4096,0.4665,joint,29.841687829263673,29.999999999999996,0.15831217073632395,False,26309.207360921762
325160077,4096,0.4665,marginal,,29.999999999999996,,True,0.0
325160077,4096,0.9821,joint,30.0690299779629,29.999999999999996,0.06902997796289952,False,4808.786652219933
325160077,4096,0.9821,marginal,,29.999999999999996,,True,0.0
325160077,4096,2.0676,joint,30.24040640540073,29.999999999999996,0.2404064054007324,False,141.3587533351092
325160077,4096,2.0676,marginal,,29.999999999999996,,True,0.0
1719885688,128,0.05,joint,30.508446332032566,29.999999999999996,0.5084463320325687,False,11954.935880534367
1719885688,128,0.05,marginal,,29.999999999999996,,True,0.0
1719885688,128,0.1053,joint,30.51210099765164,29.999999999999996,0.5121009976516436,False,5680.49804415296
1719885688,128,0.1053,marginal,,29.999999999999996,,True,0.0
1719885688,128,0.2216,joint,30.32425678271709,29.999999999999996,0.3242567827170927,False,2435.178749075744
1719885688,128,0.2216,marginal,,29.999999999999996,,True,0.0
1719885688,128,0.4665,joint,30.74817867968609,29.999999999999996,0.7481786796860947,False,944.3391011066651
1719885688,128,0.4665,marginal,,29.999999999999996,,True,0.0
1719885688,128,0.9821,joint,31.81854878556245,29.999999999999996,1.8185487855624505,False,141.69359578309377
1719885688,128,0.9821,marginal,,29.999999999999996,,True,0.0
1719885688,128,2.0676,joint,-145.6782543417382,29.999999999999996,175.67825434173818,False,8.416699454108539
1719885688,128,2.0676,marginal,,29.999999999999996,,True,0.0
1719885688,512,0.05,joint,30.32294412095543,29.999999999999996,0.3229441209554312,False,48174.791383042735
1719885688,512,0.05,marginal,,29.999999999999996,,True,0.0
1719885688,512,0.1053,joint,30.3367048924907,29.999999999999996,0.33670489249070323,False,24090.308035647973
1719885688,512,0.1053,marginal,,29.999999999999996,,True,0.0
1719885688,512,0.2216,joint,30.349493775349178,29.999999999999996,0.3494937753491792,False,10223.94459768791
1719885688,512,0.2216,marginal,,29.999999999999996,,True,0.0
1719885688,512,0.4665,joint,30.084118703115855,29.999999999999996,0.08411870311585941,False,3525.204511958347
1719885688,512,0.4665,marginal,,29.999999999999996,,True,0.0
1719885688,512,0.9821,joint,29.725967451529993,29.999999999999996,0.2740325484700053,False,649.6734084195741
1719885688,512,0.9821,marginal,,29.999999999999996,,True,0.0
1719885688,512,2.0676,joint,28.306656383849717,29.999999999999996,1.6933436161502804,False,19.55424472071718
1719885688,512,2.0676,marginal,,29.999999999999996,,True,0.0
1719885688,1024,0.05,joint,29.92747240199275,29.999999999999996,0.07252759800724921,False,96150.27424926659
1719885688,1024,0.05,marginal,,29.999999999999996,,True,0.0
1719885688,1024,0.1053,joint,30.046602167202142,29.999999999999996,0.04660216720214348,False,47536.19150355541
1719885688,1024,0.1053,marginal,,29.999999999999996,,True,0.0
1719885688,1024,0.2216,joint,29.994485819090013,29.999999999999996,0.00551418090998494,False,20491.542505760517
1719885688,1024,0.2216,marginal,,29.999999999999996,,True,0.0
1719885688,1024,0.4665,joint,30.187795369438266,29.999999999999996,0.18779536943826752,False,6804.95511526613
1719885688,1024,0.4665,marginal,,29.999999999999996,,True,0.0
1719885688,1024,0.9821,joint,30.492610674363476,29.999999999999996,0.4926106743634774,False,1306.8038430145116
1719885688,1024,0.9821,marginal,,29.999999999999996,,True,0.0
1719885688,1024,2.0676,joint,33.85415339483851,29.999999999999996,3.8541533948385163,False,29.86093849917779
1719885688,1024,2.0676,marginal,,29.999999999999996,,True,0.0
1719885688,2048,0.05,joint,30.04759329019294,29.999999999999996,0.04759329019293985,False,186040.62740253558
1719885688,2048,0.05,marginal,,29.999999999999996,,True,0.0
1719885688,2048,0.1053,joint,30.070281978862926,29.999999999999996,0.07028197886292799,False,92872.72401200852
1719885688,2048,0.1053,marginal,,29.999999999999996,,True,0.0
1719885688,2048,0.2216,joint,30.18662790413513,29.999999999999996,0.18662790413513122,False,39483.3655435232
1719885688,2048,0.2216,marginal,,29.999999999999996,,True,0.0
1719885688,2048,0.4665,joint,29.953366688000028,29.999999999999996,0.046633311999969486,False,13139.239440002442
1719885688,2048,0.4665,marginal,,29.999999999999996,,True,0.0
1719885688,2048,0.9821,joint,29.763930492495007,29.999999999999996,0.23606950750499262,False,2571.59082894574
1719885688,2048,0.9821,marginal,,29.999999999999996,,True,0.0
1719885688,2048,2.0676,joint,31.17196616518461,29.999999999999996,1.1719661651846112,False,71.10917681167484
1719885688,2048,2.0676,marginal,,29.999999999999996,,True,0.0
1719885688,4096,0.05,joint,29.85278477739941,29.999999999999996,0.14721522260058728,False,374913.02933846746
1719885688,4096,0.05,marginal,,29.999999999999996,,True,0.0
1719885688,4096,0.1053,joint,29.846828150468586,29.999999999999996,0.1531718495314135,False,185761.6510359336
1719885688,4096,0.1053,marginal,,29.999999999999996,,True,0.0
1719885688,4096,0.2216,joint,29.917711625520006,29.999999999999996,0.08228837447999299,False,79542.13124184054
1719885688,4096,0.2216,marginal,,29.999999999999996,,True,0.0
1719885688,4096,0.4665,joint,29.916721110631965,29.999999999999996,0.08327888936803386,False,27095.71521432587
1719885688,4096,0.4665,marginal,,29.999999999999996,,True,0.0
1719885688,4096,0.9821,joint,29.830695981249136,29.999999999999996,0.16930401875086287,False,4940.562564928921
1719885688,4096,0.9821,marginal,,29.999999999999996,,True,0.0
1719885688,4096,2.0676,joint,31.50994263290688,29.999999999999996,1.5099426329068848,False,113.92096296279487
1719885688,4096,2.0676,marginal,,29.999999999999996,,True,0.0
239607113,128,0.05,joint,30.066301460017964,29.999999999999996,0.06630146001796822,False,11791.69045271995
239607113,128,0.05,marginal,,29.999999999999996,,True,0.0
239607113,128,0.1053,joint,30.15132691477195,29.999999999999996,0.15132691477195087,False,5751.410266241814
239607113,128,0.1053,marginal,,29.999999999999996,,True,0.0
239607113,128,0.2216,joint,29.849963534319834,29.999999999999996,0.15003646568016252,False,2576.2677324462575
239607113,128,0.2216,marginal,,29.999999999999996,,True,0.0
239607113,128,0.4665,joint,29.802291735717013,29.999999999999996,0.1977082642829838,False,819.4717180806363
239607113,128,0.4665,marginal,,29.999999999999996,,True,0.0
239607113,128,0.9821,joint,31.969692655504623,29.999999999999996,1.9696926555046248,False,178.8116661145159
239607113,128,0.9821,marginal,,29.999999999999996,,True,0.0
239607113,128,2.0676,joint,32.750994355953175,29.999999999999996,2.750994355953176,False,11.657933415971911
239607113,128,2.0676,marginal,,29.999999999999996,,True,0.0
239607113,512,0.05,joint,30.3280447118583,29.999999999999996,0.32804471185830103,False,44820.282850449934
239607113,512,0.05,marginal,,29.999999999999996,,True,0.0
239607113,512,0.1053,joint,30.068189321040368,29.999999999999996,0.06818932104037174,False,22659.803127304407
239607113,512,0.1053,marginal,,29.999999999999996,,True,0.0
239607113,512,0.2216,joint,30.01627652998505,29.999999999999996,0.016276529985050196,False,9446.493880264574
239607113,512,0.2216,marginal,,29.999999999999996,,True,0.0
239607113,512,0.4665,joint,29.937481514423318,29.999999999999996,0.06251848557667998,False,3246.6148188397556
239607113,512,0.4665,marginal,,29.999999999999996,,True,0.0
239607113,512,0.9821,joint,30.622211501259127,29.999999999999996,0.622211501259128,False,663.9483480751805
239607113,512,0.9821,marginal,,29.999999999999996,,True,0.0
239607113,512,2.0676,joint,23.585482282692098,29.999999999999996,6.414517717307899,False,23.817240136368127
239607113,512,2.0676,marginal,,29.999999999999996,,True,0.0
239607113,1024,0.05,joint,29.91057157342055,29.999999999999996,0.08942842657944523,False,95423.68501176916
239607113,1024,0.05,marginal,,29.999999999999996,,True,0.0
239607113,1024,0.1053,joint,30.045168184338273,29.999999999999996,0.04516818433827645,False,47178.266163146014
239607113,1024,0.1053,marginal,,29.999999999999996,,True,0.0
239607113,1024,0.2216,joint,29.846167643748036,29.999999999999996,0.1538323562519609,False,20215.773972248735
239607113,1024,0.2216,marginal,,29.999999999999996,,True,0.0
239607113,1024,0.4665,joint,29.972821851063745,29.999999999999996,0.027178148936251225,False,6930.149244261342
239607113,1024,0.4665,marginal,,29.999999999999996,,True,0.0
239607113,1024,0.9821,joint,30.090850977131442,29.999999999999996,0.0908509771314435,False,1300.4560122612002
239607113,1024,0.9821,marginal,,29.999999999999996,,True,0.0
239607113,1024,2.0676,joint,28.420346028692606,29.999999999999996,1.5796539713073923,False,37.37693029818911
239607113,1024,2.0676,marginal,,29.999999999999996,,True,0.0
239607113,2048,0.05,joint,29.901595154428023,29.999999999999996,0.09840484557197511,False,190801.19330864723
239607113,2048,0.05,marginal,,29.999999999999996,,True,0.0
239607113,2048,0.1053,joint,29.813384271629324,29.999999999999996,0.18661572837067303,False,94580.60796993326
239607113,2048,0.1053,marginal,,29.999999999999996,,True,0.0
239607113,2048,0.2216,joint,29.87290336852002,29.999999999999996,0.12709663147997635,False,40064.90574694237
239607113,2048,0.2216,marginal,,29.999999999999996,,True,0.0
239607113,2048,0.4665,joint,29.965171718368893,29.999999999999996,0.034828281631105476,False,13890.121487454446
239607113,2048,0.4665,marginal,,29.999999999999996,,True,0.0
239607113,2048,0.9821,joint,29.872437510521948,29.999999999999996,0.1275624894780483,False,2412.601440349299
239607113,2048,0.9821,marginal,,29.999999999999996,,True,0.0
239607113,2048,2.0676,joint,29.37588012441901,29.999999999999996,0.6241198755809876,False,77.59783867548686
239607113,2048,2.0676,marginal,,29.999999999999996,,True,0.0
239607113,4096,0.05,joint,29.987196872308665,29.999999999999996,0.012803127691333193,False,377512.6645476743
239607113,4096,0.05,marginal,,29.999999999999996,,True,0.0
239607113,4096,0.1053,joint,29.98669402448443,29.999999999999996,0.013305975515567685,False,186526.73894723508
239607113,4096,0.1053,marginal,,29.999999999999996,,True,0.0
239607113,4096,0.2216,joint,30.024450878058012,29.999999999999996,0.024450878058013794,False,80653.35473876681
239607113,4096,0.2216,marginal,,29.999999999999996,,True,0.0
239607113,4096,0.4665,joint,29.901423639589357,29.999999999999996,0.09857636041064054,False,27278.966261583817
239607113,4096,0.4665,marginal,,29.999999999999996,,True,0.0
239607113,4096,0.9821,joint,29.831159105879085,29.999999999999996,0.16884089412091166,False,5088.767187925347
239607113,4096,0.9821,marginal,,29.999999999999996,,True,0.0
239607113,4096,2.0676,joint,29.556330208980647,29.999999999999996,0.4436697910193515,False,136.17639789942768
239607113,4096,2.0676,marginal,,29.999999999999996,,True,0.0
1279549347,128,0.05,joint,30.006324594101315,29.999999999999996,0.006324594101317268,False,13310.505975627051
1279549347,128,0.05,marginal,,29.999999999999996,,True,0.0
1279549347,128,0.1053,joint,29.739756267199432,29.999999999999996,0.2602437328005652,False,6724.588219369436
1279549347,128,0.1053,marginal,,29.999999999999996,,True,0.0
1279549347,128,0.2216,joint,29.949650241158025,29.999999999999996,0.05034975884197326,False,2725.9118651581493
1279549347,128,0.2216,marginal,,29.999999999999996,,True,0.0
1279549347,128,0.4665,joint,30.526584774309683,29.999999999999996,0.5265847743096851,False,1012.2087025418514
1279549347,128,0.4665,marginal,,29.999999999999996,,True,0.0
1279549347,128,0.9821,joint,30.733797670976784,29.999999999999996,0.7337976709767876,False,177.72244018629885
1279549347,128,0.9821,marginal,,29.999999999999996,,True,0.0
1279549347,128,2.0676,joint,28.834336728465562,29.999999999999996,1.1656632715344346,False,10.27859395871701
1279549347,128,2.0676,marginal,,29.999999999999996,,True,0.0
1279549347,512,0.05,joint,30.11146352153146,29.999999999999996,0.11146352153146223,False,50017.424925246516
1279549347,512,0.05,marginal,,29.999999999999996,,True,0.0
1279549347,512,0.1053,joint,30.05034279176471,29.999999999999996,0.05034279176471312,False,24720.532928556153
1279549347,512,0.1053,marginal,,29.999999999999996,,True,0.0
1279549347,512,0.2216,joint,30.221256400628675,29.999999999999996,0.22125640062867616,False,10691.501805355885
1279549347,512,0.2216,marginal,,29.999999999999996,,True,0.0
1279549347,512,0.4665,joint,30.158672937927783,29.999999999999996,0.1586729379277833,False,3782.326007911218
1279549347,512,0.4665,marginal,,29.999999999999996,,True,0.0
1279549347,512,0.9821,joint,30.045134042459633,29.999999999999996,0.04513404245963437,False,684.6796634622897
1279549347,512,0.9821,marginal,,29.999999999999996,,True,0.0
1279549347,512,2.0676,joint,21.7800001579878,29.999999999999996,8.219999842012196,False,15.118438373821846
1279549347,512,2.0676,marginal,,29.999999999999996,,True,0.0
1279549347,1024,0.05,joint,30.1009720526079,29.999999999999996,0.10097205260790242,False,96322.4505025893
1279549347,1024,0.05,marginal,,29.999999999999996,,True,0.0
1279549347,1024,0.1053,joint,30.118262734577552,29.999999999999996,0.11826273457755376,False,47849.01401534827
1279549347,1024,0.1053,marginal,,29.999999999999996,,True,0.0
1279549347,1024,0.2216,joint,30.039947477939297,29.999999999999996,0.03994747793929727,False,20158.005427708333
1279549347,1024,0.2216,marginal,,29.999999999999996,,True,0.0
1279549347,1024,0.4665,joint,30.03815262545428,29.999999999999996,0.0381526254542837,False,7005.627104879941
1279549347,1024,0.4665,marginal,,29.999999999999996,,True,0.0
1279549347,1024,0.9821,joint,30.238271565574372,29.999999999999996,0.2382715655743752,False,1338.427908010115
1279549347,1024,0.9821,marginal,,29.999999999999996,,True,0.0
1279549347,1024,2.0676,joint,29.21912333689115,29.999999999999996,0.780876663108845,False,38.70265553378886
1279549347,1024,2.0676,marginal,,29.999999999999996,,True,0.0
1279549347,2048,0.05,joint,29.98654183834862,29.999999999999996,0.013458161651375927,False,188270.82663899972
1279549347,2048,0.05,marginal,,29.999999999999996,,True,0.0
1279549347,2048,0.1053,joint,30.06018661295142,29.999999999999996,0.06018661295142223,False,92609.84483359467
1279549347,2048,0.1053,marginal,,29.999999999999996,,True,0.0
1279549347,2048,0.2216,joint,30.098990181935296,29.999999999999996,0.09899018193529888,False,40032.49207453136
1279549347,2048,0.2216,marginal,,29.999999999999996,,True,0.0
1279549347,2048,0.4665,joint,30.054660752002174,29.999999999999996,0.054660752002175635,False,13751.162024059395
1279549347,2048,0.4665,marginal,,29.999999999999996,,True,0.0
1279549347,2048,0.9821,joint,29.863241859654444,29.999999999999996,0.13675814034555303,False,2486.9350301250233
1279549347,2048,0.9821,marginal,,29.999999999999996,,True,0.0
1279549347,2048,2.0676,joint,27.80012976871722,29.999999999999996,2.199870231282778,False,64.33750947405133
1279549347,2048,2.0676,marginal,,29.999999999999996,,True,0.0
1279549347,4096,0.05,joint,30.08452482637103,29.999999999999996,0.08452482637103219,False,375854.2154315263
1279549347,4096,0.05,marginal,,29.999999999999996,,True,0.0
1279549347,4096,0.1053,joint,30.05002635473514,29.999999999999996,0.050026354735142955,False,185453.74847544346
1279549347,4096,0.1053,marginal,,29.999999999999996,,True,0.0
1279549347,4096,0.2216,joint,30.08471331941008,29.999999999999996,0.08471331941008402,False,79531.76390050388
1279549347,4096,0.2216,marginal,,29.999999999999996,,True,0.0
1279549347,4096,0.4665,joint,30.14226987651639,29.999999999999996,0.14226987651639345,False,27064.525874385086
1279549347,4096,0.4665,marginal,,29.999999999999996,,True,0.0
1279549347,4096,0.9821,joint,29.6077465331318,29.999999999999996,0.3922534668681997,False,4901.318600663697
1279549347,4096,0.9821,marginal,,29.999999999999996,,True,0.0
1279549347,4096,2.0676,joint,29.94632626992231,29.999999999999996,0.05367373007768661,False,124.09818067801825
1279549347,4096,2.0676,marginal,,29.999999999999996,,True,0.0
1943031107,128,0.05,joint,29.71084900516211,29.999999999999996,0.2891509948378862,False,9910.420153256313
1943031107,128,0.05,marginal,,29.999999999999996,,True,0.0
1943031107,128,0.1053,joint,29.959994848678953,29.999999999999996,0.04000515132104472,False,5026.788535368249
1943031107,128,0.1053,marginal,,29.999999999999996,,True,0.0
1943031107,128,0.2216,joint,29.74474708834199,29.999999999999996,0.2552529116580058,False,2075.9489743325657
1943031107,128,0.2216,marginal,,29.999999999999996,,True,0.0
1943031107,128,0.4665,joint,29.194048338538632,29.999999999999996,0.8059516614613645,False,742.5737260497813
1943031107,128,0.4665,marginal,,29.999999999999996,,True,0.0
1943031107,128,0.9821,joint,31.200017150016265,29.999999999999996,1.2000171500162675,False,130.5413677692802
1943031107,128,0.9821,marginal,,29.999999999999996,,True,0.0
1943031107,128,2.0676,joint,99.82574425077821,29.999999999999996,69.82574425077821,False,9.377780949934504
1943031107,128,2.0676,marginal,,29.999999999999996,,True,0.0
1943031107,512,0.05,joint,29.941734082521414,29.999999999999996,0.05826591747858503,False,45864.08842924936
1943031107,512,0.05,marginal,,29.999999999999996,,True,0.0
1943031107,512,0.1053,joint,29.77934308172715,29.999999999999996,0.22065691827285006,False,22846.35756504598
1943031107,512,0.1053,marginal,,29.999999999999996,,True,0.0
1943031107,512,0.2216,joint,29.976478397599802,29.999999999999996,0.02352160240019539,False,9555.858956948141
1943031107,512,0.2216,marginal,,29.999999999999996,,True,0.0
1943031107,512,0.4665,joint,29.675771934609283,29.999999999999996,0.32422806539071547,False,3395.916277397453
1943031107,512,0.4665,marginal,,29.999999999999996,,True,0.0
1943031107,512,0.9821,joint,29.788145184381847,29.999999999999996,0.21185481561814984,False,723.2789951486739
1943031107,512,0.9821,marginal,,29.999999999999996,,True,0.0
1943031107,512,2.0676,joint,38.74329829935289,29.999999999999996,8.743298299352888,False,21.49586614772943
1943031107,512,2.0676,marginal,,29.999999999999996,,True,0.0
1943031107,1024,0.05,joint,30.032295444975784,29.999999999999996,0.03229544497578423,False,93615.17098873203
1943031107,1024,0.05,marginal,,29.999999999999996,,True,0.0
1943031107,1024,0.1053,joint,30.036693161596208,29.999999999999996,0.03669316159621015,False,46139.86789851056
1943031107,1024,0.1053,marginal,,29.999999999999996,,True,0.0
1943031107,1024,0.2216,joint,29.984049588064618,29.999999999999996,0.015950411935381385,False,20035.881199177253
1943031107,1024,0.2216,marginal,,29.999999999999996,,True,0.0
1943031107,1024,0.4665,joint,30.010559460863956,29.999999999999996,0.01055946086395962,False,6795.009275240305
1943031107,1024,0.4665,marginal,,29.999999999999996,,True,0.0
1943031107,1024,0.9821,joint,29.643123354723095,29.999999999999996,0.3568766452769045,False,1197.317691013035
1943031107,1024,0.9821,marginal,,29.999999999999996,,True,0.0
1943031107,1024,2.0676,joint,29.39281917511787,29.999999999999996,0.6071808248821245,False,35.5881795654077
1943031107,1024,2.0676,marginal,,29.999999999999996,,True,0.0
1943031107,2048,0.05,joint,30.02755957893985,29.999999999999996,0.02755957893985144,False,188365.7731737695
1943031107,2048,0.05,marginal,,29.999999999999996,,True,0.0
1943031107,2048,0.1053,joint,30.010060304868322,29.999999999999996,0.010060304868323556,False,93250.83593319771
1943031107,2048,0.1053,marginal,,29.999999999999996,,True,0.0
1943031107,2048,0.2216,joint,29.9441496056392,29.999999999999996,0.0558503943607968,False,40295.80281380954
1943031107,2048,0.2216,marginal,,29.999999999999996,,True,0.0
1943031107,2048,0.4665,joint,30.01484312545123,29.999999999999996,0.014843125451230645,False,13724.78161390344
1943031107,2048,0.4665,marginal,,29.999999999999996,,True,0.0
1943031107,2048,0.9821,joint,29.677680456401337,29.999999999999996,0.32231954359865966,False,2525.8756756834227
1943031107,2048,0.9821,marginal,,29.999999999999996,,True,0.0
1943031107,2048,2.0676,joint,33.40700171304168,29.999999999999996,3.407001713041681,False,61.87784195501081
1943031107,2048,2.0676,marginal,,29.999999999999996,,True,0.0
1943031107,4096,0.05,joint,29.89732217243512,29.999999999999996,0.1026778275648771,False,374186.053518348
1943031107,4096,0.05,marginal,,29.999999999999996,,True,0.0
1943031107,4096,0.1053,joint,29.93743340759794,29.999999999999996,0.06256659240205807,False,183333.19641069882
1943031107,4096,0.1053,marginal,,29.999999999999996,,True,0.0
1943031107,4096,0.2216,joint,29.984971889018826,29.999999999999996,0.015028110981169861,False,78854.43311504077
1943031107,4096,0.2216,marginal,,29.999999999999996,,True,0.0
1943031107,4096,0.4665,joint,29.890622366438617,29.999999999999996,0.1093776335613825,False,27042.276582246537
1943031107,4096,0.4665,marginal,,29.999999999999996,,True,0.0
1943031107,4096,0.9821,joint,30.472015359521443,29.999999999999996,0.4720153595214467,False,4993.340006180224
1943031107,4096,0.9821,marginal,,29.999999999999996,,True,0.0
1943031107,4096,2.0676,joint,30.068033005368136,29.999999999999996,0.06803300536813794,False,121.66091920381587
1943031107,4096,2.0676,marginal,,29.999999999999996,,True,0.0
1580201974,128,0.05,joint,30.321189476127195,29.999999999999996,0.32118947612719706,False,11881.338602306987
1580201974,128,0.05,marginal,,29.999999999999996,,True,0.0
1580201974,128,0.1053,joint,29.739434727203648,29.999999999999996,0.26056527279635094,False,5741.749001951644
1580201974,128,0.1053,marginal,,29.999999999999996,,True,0.0
1580201974,128,0.2216,joint,29.67423312869541,29.999999999999996,0.32576687130458987,False,2499.8901276128763
1580201974,128,0.2216,marginal,,29.999999999999996,,True,0.0
1580201974,128,0.4665,joint,29.463322963779675,29.999999999999996,0.5366770362203233,False,793.9380036145401
1580201974,128,0.4665,marginal,,29.999999999999996,,True,0.0
1580201974,128,0.9821,joint,29.038345310518046,29.999999999999996,0.9616546894819524,False,171.6965728764078
1580201974,128,0.9821,marginal,,29.999999999999996,,True,0.0
1580201974,128,2.0676,joint,18.044206762738963,29.999999999999996,11.955793237261034,False,9.631662533258122
1580201974,128,2.0676,marginal,,29.999999999999996,,True,0.0
1580201974,512,0.05,joint,30.07839889472584,29.999999999999996,0.07839889472584131,False,45604.38489599605
1580201974,512,0.05,marginal,,29.999999999999996,,True,0.0
1580201974,512,0.1053,joint,29.948198837527393,29.999999999999996,0.05180116247260554,False,22597.840788652476
1580201974,512,0.1053,marginal,,29.999999999999996,,True,0.0
1580201974,512,0.2216,joint,29.84929809595122,29.999999999999996,0.1507019040487776,False,9815.076766819453
1580201974,512,0.2216,marginal,,29.999999999999996,,True,0.0
1580201974,512,0.4665,joint,30.001427908972698,29.999999999999996,0.0014279089727007794,False,3122.452323061627
1580201974,512,0.4665,marginal,,29.999999999999996,,True,0.0
1580201974,512,0.9821,joint,30.33161881811457,29.999999999999996,0.3316188181145744,False,598.0104160413111
1580201974,512,0.9821,marginal,,29.999999999999996,,True,0.0
1580201974,512,2.0676,joint,27.314347460342443,29.999999999999996,2.685652539657556,False,25.026575752243843
1580201974,512,2.0676,marginal,,29.999999999999996,,True,0.0
1580201974,1024,0.05,joint,29.800355526578976,29.999999999999996,0.19964447342102096,False,96867.73209765117
1580201974,1024,0.05,marginal,,29.999999999999996,,True,0.0
1580201974,1024,0.1053,joint,29.720555503034063,29.999999999999996,0.2794444969659351,False,48372.71337543251
1580201974,1024,0.1053,marginal,,29.999999999999996,,True,0.0
1580201974,1024,0.2216,joint,29.690125693891865,29.999999999999996,0.3098743061081321,False,20510.905134883695
1580201974,1024,0.2216,marginal,,29.999999999999996,,True,0.0
1580201974,1024,0.4665,joint,29.701737428412436,29.999999999999996,0.29826257158756253,False,7356.904277419988
1580201974,1024,0.4665,marginal,,29.999999999999996,,True,0.0
1580201974,1024,0.9821,joint,30.090338689629956,29.999999999999996,0.09033868962995956,False,1321.5452943711534
1580201974,1024,0.9821,marginal,,29.999999999999996,,True,0.0
1580201974,1024,2.0676,joint,27.547396619941264,29.999999999999996,2.4526033800587346,False,38.98626347726531
1580201974,1024,2.0676,marginal,,29.999999999999996,,True,0.0
1580201974,2048,0.05,joint,30.10132063556109,29.999999999999996,0.10132063556109168,False,192120.13854573172
1580201974,2048,0.05,marginal,,29.999999999999996,,True,0.0
1580201974,2048,0.1053,joint,30.07215129608353,29.999999999999996,0.07215129608353076,False,95489.36695978777
1580201974,2048,0.1053,marginal,,29.999999999999996,,True,0.0
1580201974,2048,0.2216,joint,29.95247953832901,29.999999999999996,0.047520461670991,False,40831.85299778631
1580201974,2048,0.2216,marginal,,29.999999999999996,,True,0.0
1580201974,2048,0.4665,joint,29.84136007525491,29.999999999999996,0.15863992474508698,False,14197.300519391065
1580201974,2048,0.4665,marginal,,29.999999999999996,,True,0.0
1580201974,2048,0.9821,joint,29.782511899003804,29.999999999999996,0.21748810099619473,False,2501.499053746389
1580201974,2048,0.9821,marginal,,29.999999999999996,,True,0.0
1580201974,2048,2.0676,joint,30.59573048371297,29.999999999999996,0.5957304837129727,False,95.17809472215959
1580201974,2048,2.0676,marginal,,29.999999999999996,,True,0.0
1580201974,4096,0.05,joint,30.021959441915715,29.999999999999996,0.02195944191571687,False,382801.5304002934
1580201974,4096,0.05,marginal,,29.999999999999996,,True,0.0
1580201974,4096,0.1053,joint,30.019303997980106,29.999999999999996,0.019303997980107186,False,190529.61126002396
1580201974,4096,0.1053,marginal,,29.999999999999996,,True,0.0
1580201974,4096,0.2216,joint,29.98461754876439,29.999999999999996,0.01538245123560593,False,82159.46582479819
1580201974,4096,0.2216,marginal,,29.999999999999996,,True,0.0
1580201974,4096,0.4665,joint,30.102389819396375,29.999999999999996,0.10238981939637926,False,27433.07789524697
1580201974,4096,0.4665,marginal,,29.999999999999996,,True,0.0
1580201974,4096,0.9821,joint,30.098267244590325,29.999999999999996,0.09826724459032789,False,5148.803597734506
1580201974,4096,0.9821,marginal,,29.999999999999996,,True,0.0
1580201974,4096,2.0676,joint,31.482770823828023,29.999999999999996,1.4827708238280264,False,133.38206113444176
1580201974,4096,2.0676,marginal,,29.999999999999996,,True,0.0
1078156454,128,0.05,joint,29.87374613252607,29.999999999999996,0.12625386747392772,False,11510.315935497487
1078156454,128,0.05,marginal,,29.999999999999996,,True,0.0
1078156454,128,0.1053,joint,30.090774396310362,29.999999999999996,0.09077439631036496,False,5714.106731332229
1078156454,128,0.1053,marginal,,29.999999999999996,,True,0.0
1078156454,128,0.2216,joint,30.574413589623745,29.999999999999996,0.5744135896237487,False,2464.7278815618947
1078156454,128,0.2216,marginal,,29.999999999999996,,True,0.0
1078156454,128,0.4665,joint,31.231661907990006,29.999999999999996,1.2316619079900075,False,859.101388352032
1078156454,128,0.4665,marginal,,29.999999999999996,,True,0.0
1078156454,128,0.9821,joint,30.10022082209879,29.999999999999996,0.10022082209879334,False,164.9059591559544
1078156454,128,0.9821,marginal,,29.999999999999996,,True,0.0
1078156454,128,2.0676,joint,-163.48699829012207,29.999999999999996,193.48699829012207,False,7.138959697737846
1078156454,128,2.0676,marginal,,29.999999999999996,,True,0.0
1078156454,512,0.05,joint,30.11367310133564,29.999999999999996,0.11367310133564014,False,48079.841383168525
1078156454,512,0.05,marginal,,29.999999999999996,,True,0.0
1078156454,512,0.1053,joint,29.996942669555054,29.999999999999996,0.003057330444944883,False,23801.7717549334
1078156454,512,0.1053,marginal,,29.999999999999996,,True,0.0
1078156454,512,0.2216,joint,30.001735248496782,29.999999999999996,0.0017352484967847104,False,10156.066823933135
1078156454,512,0.2216,marginal,,29.999999999999996,,True,0.0
1078156454,512,0.4665,joint,30.06296036457699,29.999999999999996,0.06296036457699188,False,3424.7262069681465
1078156454,512,0.4665,marginal,,29.999999999999996,,True,0.0
1078156454,512,0.9821,joint,29.251104796237478,29.999999999999996,0.7488952037625207,False,663.3379676489585
1078156454,512,0.9821,marginal,,29.999999999999996,,True,0.0
1078156454,512,2.0676,joint,28.42802976642676,29.999999999999996,1.5719702335732355,False,27.542502463900746
1078156454,512,2.0676,marginal,,29.999999999999996,,True,0.0
1078156454,1024,0.05,joint,30.002365332523166,29.999999999999996,0.0023653325231693073,False,92130.89678100558
1078156454,1024,0.05,marginal,,29.999999999999996,,True,0.0
1078156454,1024,0.1053,joint,30.03940523485386,29.999999999999996,0.039405234853860945,False,45864.75688809872
1078156454,1024,0.1053,marginal,,29.999999999999996,,True,0.0
1078156454,1024,0.2216,joint,30.077077764333527,29.999999999999996,0.07707776433353083,False,19690.988195431855
1078156454,1024,0.2216,marginal,,29.999999999999996,,True,0.0
1078156454,1024,0.4665,joint,29.845938598965926,29.999999999999996,0.15406140103407123,False,6653.097906922003
1078156454,1024,0.4665,marginal,,29.999999999999996,,True,0.0
1078156454,1024,0.9821,joint,29.684609578614058,29.999999999999996,0.3153904213859415,False,1178.895882036646
1078156454,1024,0.9821,marginal,,29.999999999999996,,True,0.0
1078156454,1024,2.0676,joint,32.48103962439244,29.999999999999996,2.481039624392441,False,28.128092830429523
1078156454,1024,2.0676,marginal,,29.999999999999996,,True,0.0
1078156454,2048,0.05,joint,30.000872331990003,29.999999999999996,0.0008723319900063476,False,191697.39249293378
1078156454,2048,0.05,marginal,,29.999999999999996,,True,0.0
1078156454,2048,0.1053,joint,30.096573414259158,29.999999999999996,0.09657341425916123,False,94569.27465194788
1078156454,2048,0.1053,marginal,,29.999999999999996,,True,0.0
1078156454,2048,0.2216,joint,30.027801661945293,29.999999999999996,0.027801661945295944,False,40906.98937265444
1078156454,2048,0.2216,marginal,,29.999999999999996,,True,0.0
1078156454,2048,0.4665,joint,30.126384697409154,29.999999999999996,0.12638469740915637,False,13697.783009545776
1078156454,2048,0.4665,marginal,,29.999999999999996,,True,0.0
1078156454,2048,0.9821,joint,29.91509588544083,29.999999999999996,0.08490411455916817,False,2570.628680189915
1078156454,2048,0.9821,marginal,,29.999999999999996,,True,0.0
1078156454,2048,2.0676,joint,30.01965835281968,29.999999999999996,0.01965835281968283,False,68.88050766211381
1078156454,2048,2.0676,marginal,,29.999999999999996,,True,0.0
1078156454,4096,0.05,joint,29.906874540052552,29.999999999999996,0.09312545994744602,False,376643.5066577806
1078156454,4096,0.05,marginal,,29.999999999999996,,True,0.0
1078156454,4096,0.1053,joint,29.915952415661014,29.999999999999996,0.08404758433898543,False,186544.85384972513
1078156454,4096,0.1053,marginal,,29.999999999999996,,True,0.0
1078156454,4096,0.2216,joint,29.90318218061673,29.999999999999996,0.09681781938326584,False,79720.63937056583
1078156454,4096,0.2216,marginal,,29.999999999999996,,True,0.0
1078156454,4096,0.4665,joint,29.912804007183777,29.999999999999996,0.08719599281622224,False,26633.87485891278
1078156454,4096,0.4665,marginal,,29.999999999999996,,True,0.0
1078156454,4096,0.9821,joint,30.51419547533971,29.999999999999996,0.5141954753397149,False,4979.840238972567
1078156454,4096,0.9821,marginal,,29.999999999999996,,True,0.0
1078156454,4096,2.0676,joint,30.053265925555202,29.999999999999996,0.05326592555520321,False,136.47252253819897
1078156454,4096,2.0676,marginal,,29.999999999999996,,True,0.0
1158667885,128,0.05,joint,30.19618719498553,29.999999999999996,0.1961871949855327,False,11567.427128917589
1158667885,128,0.05,marginal,,29.999999999999996,,True,0.0
1158667885,128,0.1053,joint,30.192988032154847,29.999999999999996,0.19298803215485094,False,5778.430792991809
1158667885,128,0.1053,marginal,,29.999999999999996,,True,0.0
1158667885,128,0.2216,joint,30.28787183761439,29.999999999999996,0.2878718376143916,False,2457.9496869480517
1158667885,128,0.2216,marginal,,29.999999999999996,,True,0.0
1158667885,128,0.4665,joint,31.13221778098889,29.999999999999996,1.1322177809888916,False,844.8965297922646
1158667885,128,0.4665,marginal,,29.999999999999996,,True,0.0
1158667885,128,0.9821,joint,29.314132466277844,29.999999999999996,0.6858675337221525,False,142.78964564382386
1158667885,128,0.9821,marginal,,29.999999999999996,,True,0.0
1158667885,128,2.0676,joint,35.78048710153207,29.999999999999996,5.7804871015320725,False,8.110731300786938
1158667885,128,2.0676,marginal,,29.999999999999996,,True,0.0
1158667885,512,0.05,joint,29.905125735136476,29.999999999999996,0.09487426486352021,False,47823.8818400947
1158667885,512,0.05,marginal,,29.999999999999996,,True,0.0
1158667885,512,0.1053,joint,30.045586424318802,29.999999999999996,0.045586424318803914,False,23741.918994814278
1158667885,512,0.1053,marginal,,29.999999999999996,,True,0.0
1158667885,512,0.2216,joint,29.77673081017142,29.999999999999996,0.22326918982858074,False,10120.789447038145
1158667885,512,0.2216,marginal,,29.999999999999996,,True,0.0
1158667885,512,0.4665,joint,30.113645978423307,29.999999999999996,0.11364597842330941,False,3418.675502748125
1158667885,512,0.4665,marginal,,29.999999999999996,,True,0.0
1158667885,512,0.9821,joint,29.3386871565052,29.999999999999996,0.6613128434948,False,627.672896600845
1158667885,512,0.9821,marginal,,29.999999999999996,,True,0.0
1158667885,512,2.0676,joint,29.043557356291657,29.999999999999996,0.95644264370834,False,24.2636946950106
1158667885,512,2.0676,marginal,,29.999999999999996,,True,0.0
1158667885,1024,0.05,joint,30.163067312638205,29.999999999999996,0.16306731263820654,False,92989.95202175275
1158667885,1024,0.05,marginal,,29.999999999999996,,True,0.0
1158667885,1024,0.1053,joint,30.0418554676444,29.999999999999996,0.041855467644401505,False,46746.12591349425
1158667885,1024,0.1053,marginal,,29.999999999999996,,True,0.0
1158667885,1024,0.2216,joint,29.915429051588127,29.999999999999996,0.08457094841187066,False,19897.882928544917
1158667885,1024,0.2216,marginal,,29.999999999999996,,True,0.0
1158667885,1024,0.4665,joint,29.685252251403295,29.999999999999996,0.3147477485967019,False,6721.745275162277
1158667885,1024,0.4665,marginal,,29.999999999999996,,True,0.0
1158667885,1024,0.9821,joint,29.800256453391807,29.999999999999996,0.1997435466081893,False,1260.1384276681474
1158667885,1024,0.9821,marginal,,29.999999999999996,,True,0.0
1158667885,1024,2.0676,joint,31.590188409467586,29.999999999999996,1.5901884094675887,False,51.99839329582392
1158667885,1024,2.0676,marginal,,29.999999999999996,,True,0.0
1158667885,2048,0.05,joint,30.063267303517254,29.999999999999996,0.06326730351725542,False,189534.53433350642
1158667885,2048,0.05,marginal,,29.999999999999996,,True,0.0
1158667885,2048,0.1053,joint,30.06307972051704,29.999999999999996,0.06307972051704533,False,93938.10281399664
1158667885,2048,0.1053,marginal,,29.999999999999996,,True,0.0
1158667885,2048,0.2216,joint,30.171974844699033,29.999999999999996,0.1719748446990362,False,40718.13351267077
1158667885,2048,0.2216,marginal,,29.999999999999996,,True,0.0
1158667885,2048,0.4665,joint,30.160906578270605,29.999999999999996,0.1609065782706067,False,13466.908423974906
1158667885,2048,0.4665,marginal,,29.999999999999996,,True,0.0
1158667885,2048,0.9821,joint,29.826206577783246,29.999999999999996,0.17379342221675126,False,2615.8500922823223
1158667885,2048,0.9821,marginal,,29.999999999999996,,True,0.0
1158667885,2048,2.0676,joint,32.32507579265439,29.999999999999996,2.3250757926543892,False,88.16464473537053
1158667885,2048,2.0676,marginal,,29.999999999999996,,True,0.0
1158667885,4096,0.05,joint,30.094070900005505,29.999999999999996,0.09407090000550841,False,383675.35636843654
1158667885,4096,0.05,marginal,,29.999999999999996,,True,0.0
1158667885,4096,0.1053,joint,30.08977697630383,29.999999999999996,0.08977697630383398,False,190100.20076019474
1158667885,4096,0.1053,marginal,,29.999999999999996,,True,0.0
1158667885,4096,0.2216,joint,30.02095444778264,29.999999999999996,0.020954447782639926,False,81420.50189699157
1158667885,4096,0.2216,marginal,,29.999999999999996,,True,0.0
1158667885,4096,0.4665,joint,29.99559561788262,29.999999999999996,0.004404382117376671,False,27236.867392285465
1158667885,4096,0.4665,marginal,,29.999999999999996,,True,0.0
1158667885,4096,0.9821,joint,29.88239219682483,29.999999999999996,0.11760780317516464,False,5125.126994559032
1158667885,4096,0.9821,marginal,,29.999999999999996,,True,0.0
1158667885,4096,2.0676,joint,27.638075069687552,29.999999999999996,2.3619249303124437,False,116.65292681618303
1158667885,4096,2.0676,marginal,,29.999999999999996,,True,0.0
1470120544,128,0.05,joint,30.147240550470503,29.999999999999996,0.14724055047050635,False,11893.3619333262
1470120544,128,0.05,marginal,,29.999999999999996,,True,0.0
1470120544,128,0.1053,joint,30.463918905786073,29.999999999999996,0.46391890578607686,False,5891.471598415879
1470120544,128,0.1053,marginal,,29.999999999999996,,True,0.0
1470120544,128,0.2216,joint,29.88544935823978,29.999999999999996,0.11455064176021945,False,2643.9849055856685
1470120544,128,0.2216,marginal,,29.999999999999996,,True,0.0
1470120544,128,0.4665,joint,30.295082016707788,29.999999999999996,0.29508201670779144,False,868.1435226820947
1470120544,128,0.4665,marginal,,29.999999999999996,,True,0.0
1470120544,128,0.9821,joint,30.42094330646854,29.999999999999996,0.4209433064685424,False,166.52175985178337
1470120544,128,0.9821,marginal,,29.999999999999996,,True,0.0
1470120544,128,2.0676,joint,27.21866799369367,29.999999999999996,2.781332006306326,False,8.027468672697523
1470120544,128,2.0676,marginal,,29.999999999999996,,True,0.0
1470120544,512,0.05,joint,29.93269544429822,29.999999999999996,0.06730455570177815,False,46967.08867483371
1470120544,512,0.05,marginal,,29.999999999999996,,True,0.0
1470120544,512,0.1053,joint,29.774667046626504,29.999999999999996,0.2253329533734932,False,23560.652330777764
1470120544,512,0.1053,marginal,,29.999999999999996,,True,0.0
1470120544,512,0.2216,joint,29.678970580551173,29.999999999999996,0.32102941944882557,False,10287.179414501508
1470120544,512,0.2216,marginal,,29.999999999999996,,True,0.0
1470120544,512,0.4665,joint,29.94961468927018,29.999999999999996,0.050385310729816286,False,3373.9521652826006
1470120544,512,0.4665,marginal,,29.999999999999996,,True,0.0
1470120544,512,0.9821,joint,30.112431162306834,29.999999999999996,0.11243116230683513,False,671.0875543903057
1470120544,512,0.9821,marginal,,29.999999999999996,,True,0.0
1470120544,512,2.0676,joint,39.65768638008746,29.999999999999996,9.657686380087462,False,17.044150292908853
1470120544,512,2.0676,marginal,,29.999999999999996,,True,0.0
1470120544,1024,0.05,joint,30.002736331081074,29.999999999999996,0.0027363310810778895,False,89541.00862641244
1470120544,1024,0.05,marginal,,29.999999999999996,,True,0.0
1470120544,1024,0.1053,joint,29.933748234430386,29.999999999999996,0.0662517655696131,False,44271.00615749552
1470120544,1024,0.1053,marginal,,29.999999999999996,,True,0.0
1470120544,1024,0.2216,joint,29.803763578264807,29.999999999999996,0.19623642173519207,False,18893.603759862228
1470120544,1024,0.2216,marginal,,29.999999999999996,,True,0.0
1470120544,1024,0.4665,joint,29.729158875728583,29.999999999999996,0.27084112427141566,False,6300.7836630313195
1470120544,1024,0.4665,marginal,,29.999999999999996,,True,0.0
1470120544,1024,0.9821,joint,29.883823396478114,29.999999999999996,0.11617660352188443,False,1277.993417972577
1470120544,1024,0.9821,marginal,,29.999999999999996,,True,0.0
1470120544,1024,2.0676,joint,28.255863635376347,29.999999999999996,1.744136364623651,False,28.357088891592866
1470120544,1024,2.0676,marginal,,29.999999999999996,,True,0.0
1470120544,2048,0.05,joint,30.022591556656398,29.999999999999996,0.022591556656401515,False,191377.59007389666
1470120544,2048,0.05,marginal,,29.999999999999996,,True,0.0
1470120544,2048,0.1053,joint,29.974733275503436,29.999999999999996,0.02526672449656049,False,94007.112633344
1470120544,2048,0.1053,marginal,,29.999999999999996,,True,0.0
1470120544,2048,0.2216,joint,30.05850633807607,29.999999999999996,0.058506338076072355,False,40271.304839225806
1470120544,2048,0.2216,marginal,,29.999999999999996,,True,0.0
1470120544,2048,0.4665,joint,29.978713940070598,29.999999999999996,0.02128605992939911,False,14254.555281278586
1470120544,2048,0.4665,marginal,,29.999999999999996,,True,0.0
1470120544,2048,0.9821,joint,29.97531736262955,29.999999999999996,0.02468263737044924,False,2538.810780506854
1470120544,2048,0.9821,marginal,,29.999999999999996,,True,0.0
1470120544,2048,2.0676,joint,28.757600029841438,29.999999999999996,1.2423999701585582,False,75.34083012873452
1470120544,2048,2.0676,marginal,,29.999999999999996,,True,0.0
1470120544,4096,0.05,joint,30.071269427546813,29.999999999999996,0.07126942754681438,False,371314.8904183095
1470120544,4096,0.05,marginal,,29.999999999999996,,True,0.0
1470120544,4096,0.1053,joint,30.078434121819033,29.999999999999996,0.0784341218190343,False,184678.51445882654
1470120544,4096,0.1053,marginal,,29.999999999999996,,True,0.0
1470120544,4096,0.2216,joint,29.962380375701116,29.999999999999996,0.03761962429888165,False,79468.06942467004
1470120544,4096,0.2216,marginal,,29.999999999999996,,True,0.0
1470120544,4096,0.4665,joint,29.932599802173222,29.999999999999996,0.06740019782677473,False,26549.902908012387
1470120544,4096,0.4665,marginal,,29.999999999999996,,True,0.0
1470120544,4096,0.9821,joint,29.930391807480063,29.999999999999996,0.06960819251993318,False,4879.599307633725
1470120544,4096,0.9821,marginal,,29.999999999999996,,True,0.0
1470120544,4096,2.0676,joint,30.071064740719216,29.999999999999996,0.07106474071921876,False,136.08474800054682
1470120544,4096,2.0676,marginal,,29.999999999999996,,True,0.0
1004126916,128,0.05,joint,29.832615725462635,29.999999999999996,0.16738427453736496,False,11517.14726149878
1004126916,128,0.05,marginal,,29.999999999999996,,True,0.0
1004126916,128,0.1053,joint,29.517636080434396,29.999999999999996,0.4823639195656025,False,5536.3415334116735
1004126916,128,0.1053,marginal,,29.999999999999996,,True,0.0
1004126916,128,0.2216,joint,29.573708187581595,29.999999999999996,0.4262918124184033,False,2352.859033626503
1004126916,128,0.2216,marginal,,29.999999999999996,,True,0.0
1004126916,128,0.4665,joint,29.594295830110067,29.999999999999996,0.4057041698899303,False,821.2324253784595
1004126916,128,0.4665,marginal,,29.999999999999996,,True,0.0
1004126916,128,0.9821,joint,30.379575644638262,29.999999999999996,0.3795756446382649,False,166.42539813065673
1004126916,128,0.9821,marginal,,29.999999999999996,,True,0.0
1004126916,128,2.0676,joint,112.31634277959706,29.999999999999996,82.31634277959706,False,4.873429225234531
1004126916,128,2.0676,marginal,,29.999999999999996,,True,0.0
1004126916,512,0.05,joint,29.746105264196345,29.999999999999996,0.25389473580365457,False,46493.98605430344
1004126916,512,0.05,marginal,,29.999999999999996,,True,0.0
1004126916,512,0.1053,joint,29.761675238171474,29.999999999999996,0.23832476182852316,False,22593.964867093666
1004126916,512,0.1053,marginal,,29.999999999999996,,True,0.0
1004126916,512,0.2216,joint,29.566197228519837,29.999999999999996,0.4338027714801594,False,9719.518968666009
1004126916,512,0.2216,marginal,,29.999999999999996,,True,0.0
1004126916,512,0.4665,joint,30.06848012312926,29.999999999999996,0.06848012312926183,False,3258.670571678982
1004126916,512,0.4665,marginal,,29.999999999999996,,True,0.0
1004126916,512,0.9821,joint,29.265679007277527,29.999999999999996,0.7343209927224695,False,580.3735119691637
1004126916,512,0.9821,marginal,,29.999999999999996,,True,0.0
1004126916,512,2.0676,joint,35.12343322658053,29.999999999999996,5.1234332265805325,False,16.119272508767608
1004126916,512,2.0676,marginal,,29.999999999999996,,True,0.0
1004126916,1024,0.05,joint,30.049598520791704,29.999999999999996,0.049598520791705424,False,93606.46156278407
1004126916,1024,0.05,marginal,,29.999999999999996,,True,0.0
1004126916,1024,0.1053,joint,30.185242746082885,29.999999999999996,0.18524274608288663,False,46404.122832723966
1004126916,1024,0.1053,marginal,,29.999999999999996,,True,0.0
1004126916,1024,0.2216,joint,30.09651975644153,29.999999999999996,0.09651975644153117,False,20150.82073625756
1004126916,1024,0.2216,marginal,,29.999999999999996,,True,0.0
1004126916,1024,0.4665,joint,30.050135811118956,29.999999999999996,0.0501358111189566,False,6829.146791494417
1004126916,1024,0.4665,marginal,,29.999999999999996,,True,0.0
1004126916,1024,0.9821,joint,29.969986366450648,29.999999999999996,0.030013633549348006,False,1274.5353026416033
1004126916,1024,0.9821,marginal,,29.999999999999996,,True,0.0
1004126916,1024,2.0676,joint,27.078962321802045,29.999999999999996,2.921037678197954,False,47.86567601407842
1004126916,1024,2.0676,marginal,,29.999999999999996,,True,0.0
1004126916,2048,0.05,joint,30.02712685936388,29.999999999999996,0.027126859363879846,False,183835.65382243833
1004126916,2048,0.05,marginal,,29.999999999999996,,True,0.0
1004126916,2048,0.1053,joint,29.985829254069667,29.999999999999996,0.01417074593033016,False,91703.71037073091
1004126916,2048,0.1053,marginal,,29.999999999999996,,True,0.0
1004126916,2048,0.2216,joint,30.12415716773692,29.999999999999996,0.12415716773692467,False,38882.81545164925
1004126916,2048,0.2216,marginal,,29.999999999999996,,True,0.0
1004126916,2048,0.4665,joint,30.135073950442877,29.999999999999996,0.13507395044287854,False,13463.55205048329
1004126916,2048,0.4665,marginal,,29.999999999999996,,True,0.0
1004126916,2048,0.9821,joint,29.69768988228734,29.999999999999996,0.30231011771265914,False,2413.009495015838
1004126916,2048,0.9821,marginal,,29.999999999999996,,True,0.0
1004126916,2048,2.0676,joint,28.44416921953768,29.999999999999996,1.555830780462317,False,62.69106967093103
1004126916,2048,2.0676,marginal,,29.999999999999996,,True,0.0
1004126916,4096,0.05,joint,30.105549859885947,29.999999999999996,0.10554985988594862,False,374656.9394691657
1004126916,4096,0.05,marginal,,29.999999999999996,,True,0.0
1004126916,4096,0.1053,joint,30.111782267202884,29.999999999999996,0.11178226720288717,False,185543.74431128442
1004126916,4096,0.1053,marginal,,29.999999999999996,,True,0.0
1004126916,4096,0.2216,joint,30.098528707811226,29.999999999999996,0.09852870781123033,False,80053.25152813464
1004126916,4096,0.2216,marginal,,29.999999999999996,,True,0.0
1004126916,4096,0.4665,joint,29.954960800904065,29.999999999999996,0.0450391990959345,False,27231.65877309136
1004126916,4096,0.4665,marginal,,29.999999999999996,,True,0.0
1004126916,4096,0.9821,joint,30.149791105226573,29.999999999999996,0.14979110522657552,False,5216.187426159355
1004126916,4096,0.9821,marginal,,29.999999999999996,,True,0.0
1004126916,4096,2.0676,joint,30.6484269528376,29.999999999999996,0.6484269528376022,False,135.51521123503335
1004126916,4096,2.0676,marginal,,29.999999999999996,,True,0.0
1343008841,128,0.05,joint,30.191558972680777,29.999999999999996,0.1915589726807795,False,12768.690693386437
1343008841,128,0.05,marginal,,29.999999999999996,,True,0.0
1343008841,128,0.1053,joint,30.2358229000786,29.999999999999996,0.23582290007860174,False,6378.688159289111
1343008841,128,0.1053,marginal,,29.999999999999996,,True,0.0
1343008841,128,0.2216,joint,30.293985861381742,29.999999999999996,0.29398586138174426,False,2690.946842058408
1343008841,128,0.2216,marginal,,29.999999999999996,,True,0.0
1343008841,128,0.4665,joint,30.703551489866616,29.999999999999996,0.7035514898666175,False,893.6601095887022
1343008841,128,0.4665,marginal,,29.999999999999996,,True,0.0
1343008841,128,0.9821,joint,28.79618001375571,29.999999999999996,1.2038199862442902,False,204.977643561861
1343008841,128,0.9821,marginal,,29.999999999999996,,True,0.0
1343008841,128,2.0676,joint,25.383407265419756,29.999999999999996,4.616592734580241,False,8.73758160260968
1343008841,128,2.0676,marginal,,29.999999999999996,,True,0.0
1343008841,512,0.05,joint,29.6282092728104,29.999999999999996,0.3717907271895993,False,49395.41356514553
1343008841,512,0.05,marginal,,29.999999999999996,,True,0.0
1343008841,512,0.1053,joint,29.788634350759672,29.999999999999996,0.21136564924032591,False,24295.78966306278
1343008841,512,0.1053,marginal,,29.999999999999996,,True,0.0
1343008841,512,0.2216,joint,29.980765057114,29.999999999999996,0.019234942885999,False,10207.045799372023
1343008841,512,0.2216,marginal,,29.999999999999996,,True,0.0
1343008841,512,0.4665,joint,29.70010239566488,29.999999999999996,0.2998976043351152,False,3470.6605191712206
1343008841,512,0.4665,marginal,,29.999999999999996,,True,0.0
1343008841,512,0.9821,joint,29.440049675491316,29.999999999999996,0.5599503245086829,False,680.2757338363126
1343008841,512,0.9821,marginal,,29.999999999999996,,True,0.0
1343008841,512,2.0676,joint,27.625066619264697,29.999999999999996,2.3749333807352992,False,25.232219711388097
1343008841,512,2.0676,marginal,,29.999999999999996,,True,0.0
1343008841,1024,0.05,joint,30.175550402541617,29.999999999999996,0.17555040254161822,False,95753.07062432641
1343008841,1024,0.05,marginal,,29.999999999999996,,True,0.0
1343008841,1024,0.1053,joint,30.20003486194161,29.999999999999996,0.20003486194161077,False,46803.47307437729
1343008841,1024,0.1053,marginal,,29.999999999999996,,True,0.0
1343008841,1024,0.2216,joint,30.205483997606567,29.999999999999996,0.205483997606568,False,20040.17443774017
1343008841,1024,0.2216,marginal,,29.999999999999996,,True,0.0
1343008841,1024,0.4665,joint,29.910043162476704,29.999999999999996,0.089956837523294,False,6985.7634934042435
1343008841,1024,0.4665,marginal,,29.999999999999996,,True,0.0
1343008841,1024,0.9821,joint,30.37460030037062,29.999999999999996,0.37460030037062164,False,1193.7821605036534
1343008841,1024,0.9821,marginal,,29.999999999999996,,True,0.0
1343008841,1024,2.0676,joint,26.943920533559137,29.999999999999996,3.0560794664408615,False,39.928088313234184
1343008841,1024,2.0676,marginal,,29.999999999999996,,True,0.0
1343008841,2048,0.05,joint,30.058556156649498,29.999999999999996,0.05855615664949872,False,187295.72752711928
1343008841,2048,0.05,marginal,,29.999999999999996,,True,0.0
1343008841,2048,0.1053,joint,30.101804113836963,29.999999999999996,0.10180411383696518,False,92935.14411539408
1343008841,2048,0.1053,marginal,,29.999999999999996,,True,0.0
1343008841,2048,0.2216,joint,30.01701544334124,29.999999999999996,0.017015443341240572,False,39412.4248716746
1343008841,2048,0.2216,marginal,,29.999999999999996,,True,0.0
1343008841,2048,0.4665,joint,30.05878473793305,29.999999999999996,0.058784737933052035,False,13302.054610988976
1343008841,2048,0.4665,marginal,,29.999999999999996,,True,0.0
1343008841,2048,0.9821,joint,30.18697898299555,29.999999999999996,0.18697898299555443,False,2555.8224846521043
1343008841,2048,0.9821,marginal,,29.999999999999996,,True,0.0
1343008841,2048,2.0676,joint,28.126326354436518,29.999999999999996,1.87367364556348,False,64.82420816656304
1343008841,2048,2.0676,marginal,,29.999999999999996,,True,0.0
1343008841,4096,0.05,joint,29.927002220677366,29.999999999999996,0.07299777932263209,False,383061.22383880906
1343008841,4096,0.05,marginal,,29.999999999999996,,True,0.0
1343008841,4096,0.1053,joint,29.93695547911429,29.999999999999996,0.06304452088570928,False,190017.66527378702
1343008841,4096,0.1053,marginal,,29.999999999999996,,True,0.0
1343008841,4096,0.2216,joint,29.887568784995562,29.999999999999996,0.11243121500443423,False,81515.01084354047
1343008841,4096,0.2216,marginal,,29.999999999999996,,True,0.0
1343008841,4096,0.4665,joint,29.96357929052267,29.999999999999996,0.03642070947732747,False,27997.767037183636
1343008841,4096,0.4665,marginal,,29.999999999999996,,True,0.0
1343008841,4096,0.9821,joint,29.991887563088834,29.999999999999996,0.008112436911163949,False,5076.771643413114
1343008841,4096,0.9821,marginal,,29.999999999999996,,True,0.0
1343008841,4096,2.0676,joint,31.641314146114034,29.999999999999996,1.641314146114038,False,117.2648741561643
1343008841,4096,2.0676,marginal,,29.999999999999996,,True,0.0
848528040,128,0.05,joint,29.799852821841046,29.999999999999996,0.20014717815895125,False,10783.760373271412
848528040,128,0.05,marginal,,29.999999999999996,,True,0.0
848528040,128,0.1053,joint,29.665685612309158,29.999999999999996,0.33431438769083965,False,5435.12714449878
848528040,128,0.1053,marginal,,29.999999999999996,,True,0.0
848528040,128,0.2216,joint,29.948297519919787,29.999999999999996,0.05170248008021,False,2423.2637165425476
848528040,128,0.2216,marginal,,29.999999999999996,,True,0.0
848528040,128,0.4665,joint,28.98215601867787,29.999999999999996,1.0178439813221283,False,802.9198659287513
848528040,128,0.4665,marginal,,29.999999999999996,,True,0.0
848528040,128,0.9821,joint,29.20931663297883,29.999999999999996,0.7906833670211686,False,163.25077130764362
848528040,128,0.9821,marginal,,29.999999999999996,,True,0.0
848528040,128,2.0676,joint,60.817071288070956,29.999999999999996,30.81707128807096,False,7.198801734853987
848528040,128,2.0676,marginal,,29.999999999999996,,True,0.0
848528040,512,0.05,joint,29.82894927488879,29.999999999999996,0.17105072511120847,False,43741.29389053175
848528040,512,0.05,marginal,,29.999999999999996,,True,0.0
848528040,512,0.1053,joint,29.90329955239292,29.999999999999996,0.09670044760707949,False,22011.409678593907
848528040,512,0.1053,marginal,,29.999999999999996,,True,0.0
848528040,512,0.2216,joint,29.85276723197193,29.999999999999996,0.14723276802806737,False,9443.499339982536
848528040,512,0.2216,marginal,,29.999999999999996,,True,0.0
848528040,512,0.4665,joint,29.745244530282722,29.999999999999996,0.2547554697172743,False,3206.6405313559935
848528040,512,0.4665,marginal,,29.999999999999996,,True,0.0
848528040,512,0.9821,joint,29.273681598213855,29.999999999999996,0.726318401786141,False,604.088211913715
848528040,512,0.9821,marginal,,29.999999999999996,,True,0.0
848528040,512,2.0676,joint,98.01433363338653,29.999999999999996,68.01433363338653,False,14.121443316974364
848528040,512,2.0676,marginal,,29.999999999999996,,True,0.0
848528040,1024,0.05,joint,29.942857637537696,29.999999999999996,0.05714236246230205,False,99245.08370976792
848528040,1024,0.05,marginal,,29.999999999999996,,True,0.0
848528040,1024,0.1053,joint,29.976951444097605,29.999999999999996,0.023048555902394203,False,49223.65902014483
848528040,1024,0.1053,marginal,,29.999999999999996,,True,0.0
848528040,1024,0.2216,joint,29.799520807538638,29.999999999999996,0.20047919246136095,False,20712.22263707643
848528040,1024,0.2216,marginal,,29.999999999999996,,True,0.0
848528040,1024,0.4665,joint,29.756839297269025,29.999999999999996,0.24316070273097382,False,7144.830592871531
848528040,1024,0.4665,marginal,,29.999999999999996,,True,0.0
848528040,1024,0.9821,joint,30.359946441018252,29.999999999999996,0.359946441018256,False,1377.0765269960084
848528040,1024,0.9821,marginal,,29.999999999999996,,True,0.0
848528040,1024,2.0676,joint,33.638888681631386,29.999999999999996,3.638888681631386,False,22.287552012585365
848528040,1024,2.0676,marginal,,29.999999999999996,,True,0.0
848528040,2048,0.05,joint,29.939330490928295,29.999999999999996,0.060669509071702536,False,186560.2520301878
848528040,2048,0.05,marginal,,29.999999999999996,,True,0.0
848528040,2048,0.1053,joint,29.98497186613092,29.999999999999996,0.01502813386907746,False,91754.57492339639
848528040,2048,0.1053,marginal,,29.999999999999996,,True,0.0
848528040,2048,0.2216,joint,30.021279044554124,29.999999999999996,0.021279044554124823,False,39410.677312460204
848528040,2048,0.2216,marginal,,29.999999999999996,,True,0.0
848528040,2048,0.4665,joint,30.138231790771666,29.999999999999996,0.13823179077166725,False,13411.86049160434
848528040,2048,0.4665,marginal,,29.999999999999996,,True,0.0
848528040,2048,0.9821,joint,30.472451588620864,29.999999999999996,0.4724515886208652,False,2437.065630992911
848528040,2048,0.9821,marginal,,29.999999999999996,,True,0.0
848528040,2048,2.0676,joint,30.96293988540256,29.999999999999996,0.9629398854025607,False,64.46243185555068
848528040,2048,2.0676,marginal,,29.999999999999996,,True,0.0
848528040,4096,0.05,joint,30.067897566262353,29.999999999999996,0.06789756626235581,False,379927.1618953732
848528040,4096,0.05,marginal,,29.999999999999996,,True,0.0
848528040,4096,0.1053,joint,29.986344398000302,29.999999999999996,0.01365560199969607,False,187854.3015930296
848528040,4096,0.1053,marginal,,29.999999999999996,,True,0.0
848528040,4096,0.2216,joint,29.997291301182937,29.999999999999996,0.0027086988170620316,False,81349.15218690081
848528040,4096,0.2216,marginal,,29.999999999999996,,True,0.0
848528040,4096,0.4665,joint,30.05546735283119,29.999999999999996,0.05546735283119341,False,27653.14945205712
848528040,4096,0.4665,marginal,,29.999999999999996,,True,0.0
848528040,4096,0.9821,joint,29.877351171411497,29.999999999999996,0.12264882858849906,False,4985.60452428295
848528040,4096,0.9821,marginal,,29.999999999999996,,True,0.0
848528040,4096,2.0676,joint,30.808865983048115,29.999999999999996,0.8088659830481155,False,130.62107761163497
848528040,4096,2.0676,marginal,,29.999999999999996,,True,0.0
433882785,128,0.05,joint,30.048290551768073,29.999999999999996,0.048290551768075014,False,12217.496023927068
433882785,128,0.05,marginal,,29.999999999999996,,True,0.0
433882785,128,0.1053,joint,30.539145756154095,29.999999999999996,0.539145756154098,False,5949.763573250979
433882785,128,0.1053,marginal,,29.999999999999996,,True,0.0
433882785,128,0.2216,joint,30.21906927483535,29.999999999999996,0.21906927483535044,False,2628.9087339939288
433882785,128,0.2216,marginal,,29.999999999999996,,True,0.0
433882785,128,0.4665,joint,30.401699634754728,29.999999999999996,0.40169963475472975,False,907.8401294705627
433882785,128,0.4665,marginal,,29.999999999999996,,True,0.0
433882785,128,0.9821,joint,29.16650318290028,29.999999999999996,0.8334968170997196,False,174.08826717608508
433882785,128,0.9821,marginal,,29.999999999999996,,True,0.0
433882785,128,2.0676,joint,35.71791648065011,29.999999999999996,5.71791648065011,False,10.00508639100758
433882785,128,2.0676,marginal,,29.999999999999996,,True,0.0
433882785,512,0.05,joint,30.052708958624716,29.999999999999996,0.0527089586247201,False,48455.176781084236
433882785,512,0.05,marginal,,29.999999999999996,,True,0.0
433882785,512,0.1053,joint,30.016979225580716,29.999999999999996,0.016979225580719796,False,23449.49897200272
433882785,512,0.1053,marginal,,29.999999999999996,,True,0.0
433882785,512,0.2216,joint,29.939525833151954,29.999999999999996,0.060474166848044054,False,10376.148466573472
433882785,512,0.2216,marginal,,29.999999999999996,,True,0.0
433882785,512,0.4665,joint,29.964999709792554,29.999999999999996,0.035000290207445175,False,3511.1491589694615
433882785,512,0.4665,marginal,,29.999999999999996,,True,0.0
433882785,512,0.9821,joint,30.500863656495806,29.999999999999996,0.5008636564958081,False,688.7938804660571
433882785,512,0.9821,marginal,,29.999999999999996,,True,0.0
433882785,512,2.0676,joint,26.91219400022795,29.999999999999996,3.08780599977205,False,19.996457123525033
433882785,512,2.0676,marginal,,29.999999999999996,,True,0.0
433882785,1024,0.05,joint,30.07851640156674,29.999999999999996,0.07851640156674394,False,94762.98837803144
433882785,1024,0.05,marginal,,29.999999999999996,,True,0.0
433882785,1024,0.1053,joint,30.138359756262403,29.999999999999996,0.13835975626240446,False,47585.63508197306
433882785,1024,0.1053,marginal,,29.999999999999996,,True,0.0
433882785,1024,0.2216,joint,29.98133704721639,29.999999999999996,0.018662952783608144,False,20549.06421296893
433882785,1024,0.2216,marginal,,29.999999999999996,,True,0.0
433882785,1024,0.4665,joint,30.107250658726038,29.999999999999996,0.1072506587260385,False,7009.896011587034
433882785,1024,0.4665,marginal,,29.999999999999996,,True,0.0
433882785,1024,0.9821,joint,29.270948153251943,29.999999999999996,0.7290518467480552,False,1293.7041009751774
433882785,1024,0.9821,marginal,,29.999999999999996,,True,0.0
433882785,1024,2.0676,joint,25.52117899428346,29.999999999999996,4.478821005716537,False,23.76035354690066
433882785,1024,2.0676,marginal,,29.999999999999996,,True,0.0
433882785,2048,0.05,joint,29.939021800151306,29.999999999999996,0.060978199848692446,False,185148.05520923538
433882785,2048,0.05,marginal,,29.999999999999996,,True,0.0
433882785,2048,0.1053,joint,29.959328144347307,29.999999999999996,0.04067185565269058,False,90882.61082155521
433882785,2048,0.1053,marginal,,29.999999999999996,,True,0.0
433882785,2048,0.2216,joint,29.966080020232866,29.999999999999996,0.03391997976713256,False,39564.31394830601
433882785,2048,0.2216,marginal,,29.999999999999996,,True,0.0
433882785,2048,0.4665,joint,30.081372644481842,29.999999999999996,0.08137264448184477,False,13561.4782101973
433882785,2048,0.4665,marginal,,29.999999999999996,,True,0.0
433882785,2048,0.9821,joint,30.3878200252055,29.999999999999996,0.38782002520550224,False,2495.724608169363
433882785,2048,0.9821,marginal,,29.999999999999996,,True,0.0
433882785,2048,2.0676,joint,28.445856090186496,29.999999999999996,1.5541439098135033,False,52.269914494259865
433882785,2048,2.0676,marginal,,29.999999999999996,,True,0.0
433882785,4096,0.05,joint,30.001932150549163,29.999999999999996,0.001932150549163512,False,374561.61832608114
433882785,4096,0.05,marginal,,29.999999999999996,,True,0.0
433882785,4096,0.1053,joint,29.939355439942677,29.999999999999996,0.06064456005732012,False,184594.88652812873
433882785,4096,0.1053,marginal,,29.999999999999996,,True,0.0
433882785,4096,0.2216,joint,29.93445147258235,29.999999999999996,0.06554852741764916,False,78743.92197946172
433882785,4096,0.2216,marginal,,29.999999999999996,,True,0.0
433882785,4096,0.4665,joint,29.99333086491129,29.999999999999996,0.0066691350887064915,False,27472.390510093574
433882785,4096,0.4665,marginal,,29.999999999999996,,True,0.0
433882785,4096,0.9821,joint,29.900936030497967,29.999999999999996,0.09906396950203146,False,4896.970687887733
433882785,4096,0.9821,marginal,,29.999999999999996,,True,0.0
433882785,4096,2.0676,joint,30.343331662724196,29.999999999999996,0.343331662724197,False,114.42695406828716
433882785,4096,2.0676,marginal,,29.999999999999996,,True,0.0
920829463,128,0.05,joint,29.997379152970822,29.999999999999996,0.0026208470291755135,False,12146.742694722794
920829463,128,0.05,marginal,,29.999999999999996,,True,0.0
920829463,128,0.1053,joint,30.047447036283234,29.999999999999996,0.04744703628323724,False,6014.15503214544
920829463,128,0.1053,marginal,,29.999999999999996,,True,0.0
920829463,128,0.2216,joint,30.38689602459756,29.999999999999996,0.3868960245975624,False,2655.9636261422347
920829463,128,0.2216,marginal,,29.999999999999996,,True,0.0
920829463,128,0.4665,joint,29.208827105018266,29.999999999999996,0.7911728949817319,False,967.0996664976797
920829463,128,0.4665,marginal,,29.999999999999996,,True,0.0
920829463,128,0.9821,joint,28.346961264504536,29.999999999999996,1.6530387354954634,False,188.7888396584251
920829463,128,0.9821,marginal,,29.999999999999996,,True,0.0
920829463,128,2.0676,joint,29.03535729284768,29.999999999999996,0.9646427071523148,False,7.775607201911498
920829463,128,2.0676,marginal,,29.999999999999996,,True,0.0
920829463,512,0.05,joint,30.116969266225382,29.999999999999996,0.11696926622538306,False,46810.20315774245
920829463,512,0.05,marginal,,29.999999999999996,,True,0.0
920829463,512,0.1053,joint,30.073287174653405,29.999999999999996,0.07328717465340791,False,23021.204553966276
920829463,512,0.1053,marginal,,29.999999999999996,,True,0.0
920829463,512,0.2216,joint,29.891071388314877,29.999999999999996,0.10892861168511969,False,10105.660536485182
920829463,512,0.2216,marginal,,29.999999999999996,,True,0.0
920829463,512,0.4665,joint,30.33148517811836,29.999999999999996,0.33148517811836364,False,3308.2141524517556
920829463,512,0.4665,marginal,,29.999999999999996,,True,0.0
920829463,512,0.9821,joint,30.534919631298738,29.999999999999996,0.5349196312987406,False,638.426216137329
920829463,512,0.9821,marginal,,29.999999999999996,,True,0.0
920829463,512,2.0676,joint,30.113433210944255,29.999999999999996,0.11343321094425793,False,15.049320398981763
920829463,512,2.0676,marginal,,29.999999999999996,,True,0.0
920829463,1024,0.05,joint,29.861668714739213,29.999999999999996,0.1383312852607828,False,94829.00572214756
920829463,1024,0.05,marginal,,29.999999999999996,,True,0.0
920829463,1024,0.1053,joint,29.871593543082614,29.999999999999996,0.12840645691738453,False,46301.10034536477
920829463,1024,0.1053,marginal,,29.999999999999996,,True,0.0
920829463,1024,0.2216,joint,29.95468064158167,29.999999999999996,0.04531935841832817,False,20351.68006586725
920829463,1024,0.2216,marginal,,29.999999999999996,,True,0.0
920829463,1024,0.4665,joint,29.99221123965383,29.999999999999996,0.007788760346168881,False,6735.198589966272
920829463,1024,0.4665,marginal,,29.999999999999996,,True,0.0
920829463,1024,0.9821,joint,30.23979859435321,29.999999999999996,0.23979859435321182,False,1278.721894534001
920829463,1024,0.9821,marginal,,29.999999999999996,,True,0.0
920829463,1024,2.0676,joint,30.640761084076686,29.999999999999996,0.6407610840766893,False,31.10481932656694
920829463,1024,2.0676,marginal,,29.999999999999996,,True,0.0
920829463,2048,0.05,joint,29.97173489281148,29.999999999999996,0.028265107188517366,False,187559.84724166026
920829463,2048,0.05,marginal,,29.999999999999996,,True,0.0
920829463,2048,0.1053,joint,30.039516386723392,29.999999999999996,0.0395163867233941,False,93009.84569200716
920829463,2048,0.1053,marginal,,29.999999999999996,,True,0.0
920829463,2048,0.2216,joint,30.164636122191904,29.999999999999996,0.1646361221919055,False,39643.52648523242
920829463,2048,0.2216,marginal,,29.999999999999996,,True,0.0
920829463,2048,0.4665,joint,29.804942311070107,29.999999999999996,0.19505768892988962,False,13267.940554044348
920829463,2048,0.4665,marginal,,29.999999999999996,,True,0.0
920829463,2048,0.9821,joint,30.248987532091203,29.999999999999996,0.2489875320912064,False,2485.6206639876073
920829463,2048,0.9821,marginal,,29.999999999999996,,True,0.0
920829463,2048,2.0676,joint,28.743564770733126,29.999999999999996,1.2564352292668728,False,78.64904288172693
920829463,2048,2.0676,marginal,,29.999999999999996,,True,0.0
920829463,4096,0.05,joint,30.054225875307612,29.999999999999996,0.05422587530761545,False,373582.7281190864
920829463,4096,0.05,marginal,,29.999999999999996,,True,0.0
920829463,4096,0.1053,joint,29.985878578707755,29.999999999999996,0.014121421292243188,False,185431.92477710068
920829463,4096,0.1053,marginal,,29.999999999999996,,True,0.0
920829463,4096,0.2216,joint,30.017687711431257,29.999999999999996,0.017687711431261487,False,79600.12321162294
920829463,4096,0.2216,marginal,,29.999999999999996,,True,0.0
920829463,4096,0.4665,joint,29.76636113654319,29.999999999999996,0.23363886345680743,False,27067.436856185966
920829463,4096,0.4665,marginal,,29.999999999999996,,True,0.0
920829463,4096,0.9821,joint,30.38983042400528,29.999999999999996,0.38983042400528206,False,4972.975762972739
920829463,4096,0.9821,marginal,,29.999999999999996,,True,0.0
920829463,4096,2.0676,joint,27.984626482155363,29.999999999999996,2.0153735178446355,False,133.9965369728743
920829463,4096,2.0676,marginal,,29.999999999999996,,True,0.0
