regime,n_chains,rep,n_components,rho_raw,param_raw,rho_grid,param_grid,rho_err_raw,rho_err_grid,param_err_raw,param_err_grid,rho_grid_minus_raw,param_grid_minus_raw,exkurt_raw,exkurt_grid,raw_monotone_violation
gaussian,64,0,0,0.7890243327495606,0.3627045672849808,0.7888095226572089,0.3631382307354574,-0.010975667250439414,-0.011190477342791105,0.002704567284980919,0.003138230735457548,-0.00021481009235169157,0.000433663450476629,nan,nan,nan
mixture,64,0,8,0.8239028275502255,0.36869663520687396,0.8226552515917313,0.3691397278398022,0.023902827550225436,0.022655251591731207,0.008696635206874082,0.009139727839802325,-0.0012475759584942292,0.00044309263292824363,3.158213643263453,3.2324348328998926,0.0
gaussian,64,1,0,0.8146001909334498,0.3631462014129742,0.8143973873141765,0.36358550777832876,0.014600190933449775,0.014397387314176502,0.0031462014129743365,0.003585507778328889,-0.00020280361927327295,0.0004393063653545526,nan,nan,nan
mixture,64,1,8,0.8039640229535387,0.34218589119467985,0.8035054460652082,0.3426299833617995,0.003964022953538704,0.0035054460652081953,-0.017814108805320028,-0.01737001663820037,-0.0004585768883305086,0.0004440921671196585,3.549797817505313,3.5319267274509487,0.0
gaussian,64,2,0,0.8181072557041562,0.3647470850081737,0.817905652783576,0.36519316974157195,0.018107255704156167,0.01790565278357592,0.004747085008173835,0.005193169741572079,-0.0002016029205802461,0.0004460847333982443,nan,nan,nan
mixture,64,2,8,0.7993229345680841,0.3338099594791218,0.800374829248614,0.33422580476158226,-0.0006770654319159242,0.0003748292486139837,-0.02619004052087809,-0.02577419523841762,0.0010518946805299079,0.0004158452824604697,2.8098168624201385,2.836203331569851,0.0
gaussian,64,3,0,0.8025802452058934,0.36948350883124736,0.8023685832456253,0.36992609802157,0.0025802452058933945,0.0023685832456252776,0.009483508831247489,0.009926098021570129,-0.0002116619602681169,0.00044258919032263977,nan,nan,nan
mixture,64,3,8,0.8189161813317702,0.34993805313741294,0.8214562947578143,0.3503735233510558,0.0189161813317702,0.021456294757814298,-0.010061946862586935,-0.00962647664894406,0.0025401134260440994,0.0004354702136428745,1.7518611769210368,1.7642292229130385,0.0
gaussian,64,4,0,0.8125016942868934,0.35417128468696535,0.8122987087177116,0.3546144544730575,0.012501694286893406,0.012298708717711548,-0.005828715313034527,-0.00538554552694237,-0.00020298556918185717,0.00044316978609215685,nan,nan,nan
mixture,64,4,8,0.8067940794132226,0.3622985380026937,0.8067042457982667,0.3627435666178889,0.00679407941322252,0.0067042457982666726,0.0022985380026938063,0.0027435666178890483,-8.983361495584763e-05,0.00044502861519524206,2.939581144408688,2.9607053478623513,0.0
gaussian,64,5,0,0.8108569657227914,0.3630437354244364,0.8106470431578233,0.3634853289910178,0.010856965722791379,0.010647043157823277,0.0030437354244365333,0.003485328991017944,-0.00020992256496810136,0.0004415935665814108,nan,nan,nan
mixture,64,5,8,0.7983925161330561,0.3792558048005723,0.7980317639010652,0.379697300512615,-0.0016074838669439817,-0.001968236098934817,0.01925580480057243,0.019697300512615146,-0.00036075223199083517,0.00044149571204271654,2.935064812753641,2.8356111249052116,0.0
gaussian,64,6,0,0.8121119913687443,0.3714832271225256,0.8119129767184309,0.3719190690796507,0.012111991368744301,0.011912976718430834,0.011483227122525752,0.011919069079650846,-0.0001990146503134671,0.00043584195712509377,nan,nan,nan
mixture,64,6,8,0.7776690391390074,0.35437127381840205,0.7768610087561575,0.3548171994010786,-0.02233096086099262,-0.023138991243842555,-0.005628726181597821,-0.005182800598921289,-0.0008080303828499336,0.0004459255826765318,2.3268863079109687,2.29559143780481,0.0
gaussian,64,7,0,0.8122674651171965,0.3616791762394415,0.8120588778112449,0.3621231664982452,0.012267465117196452,0.012058877811244817,0.0016791762394416376,0.0021231664982453435,-0.00020858730595163522,0.0004439902588037059,nan,nan,nan
mixture,64,7,8,0.796032209956556,0.3572458996134122,0.7958054061439171,0.3576826225986849,-0.003967790043444053,-0.0041945938560828955,-0.002754100386587688,-0.0023173774013149906,-0.00022680381263884275,0.00043672298527269726,3.2580552863943346,3.2981766523723755,0.0
gaussian,64,8,0,0.8036578064065133,0.38480680432442577,0.8034556147059299,0.3852454238753933,0.003657806406513253,0.0034556147059298103,0.02480680432442589,0.025245423875393413,-0.00020219170058344282,0.0004386195509675228,nan,nan,nan
mixture,64,8,8,0.8149848422129125,0.3674262116450919,0.814047010694694,0.3678271777332658,0.014984842212912408,0.01404701069469394,0.007426211645092051,0.007827177733265911,-0.0009378315182184682,0.0004009660881738597,1.8163142839479978,1.7842814395107354,0.0
gaussian,64,9,0,0.799951595532074,0.3525823508475132,0.79973301379096,0.3530317012011647,-4.840446792608866e-05,-0.00026698620904008763,-0.007417649152486661,-0.006968298798835149,-0.00021858174111399897,0.000449350353651512,nan,nan,nan
mixture,64,9,8,0.7982148363714753,0.33393589971651183,0.7915644398004942,0.33436488813569576,-0.0017851636285247663,-0.008435560199505865,-0.026064100283488045,-0.025635111864304116,-0.006650396570981099,0.0004289884191839288,4.475416098219734,5.412251537290992,0.0
gaussian,64,10,0,0.7818388806582991,0.3434465615341301,0.7816105276197928,0.34387744886896965,-0.01816111934170095,-0.018389472380207272,-0.016553438465869763,-0.016122551131030227,-0.0002283530385063237,0.0004308873348395359,nan,nan,nan
mixture,64,10,8,0.7976315690763109,0.35065678295671543,0.7970598112935702,0.3511032435324914,-0.002368430923689102,-0.0029401887064298693,-0.009343217043284446,-0.008896756467508482,-0.0005717577827407672,0.0004464605757759643,2.8267613902349886,2.8317024024217865,0.0
gaussian,64,11,0,0.8119046649314168,0.34841332415970655,0.8116956522454206,0.34886288543237676,0.01190466493141673,0.011695652245420574,-0.011586675840293326,-0.011137114567623119,-0.0002090126859961572,0.00044956127267020696,nan,nan,nan
mixture,64,11,8,0.7755718746638729,0.363768178805171,0.7751580194536728,0.3641871245188605,-0.02442812533612715,-0.024841980546327247,0.0037681788051711074,0.004187124518860608,-0.0004138552102000981,0.0004189457136895003,2.9669674276283162,3.2186948816682364,0.0
gaussian,64,12,0,0.8042967276161669,0.36015715586864183,0.8040829241125917,0.3606006562032278,0.00429672761616684,0.0040829241125917015,0.00015715586864195608,0.0006006562032279117,-0.00021380350357513844,0.0004435003345859556,nan,nan,nan
mixture,64,12,8,0.8083425688086161,0.3674700407502594,0.8078340218867643,0.36791648728099147,0.008342568808616058,0.007834021886764297,0.007470040750259532,0.007916487280991591,-0.0005085469218517602,0.00044644653073205864,2.8033585549461115,2.7533999167725716,0.0
gaussian,64,13,0,0.8170591133340713,0.339176523388426,0.8168484082483306,0.33961803413329367,0.017059113334071285,0.01684840824833056,-0.020823476611573855,-0.02038196586670621,-0.00021070508574072555,0.00044151074486764585,nan,nan,nan
mixture,64,13,8,0.8005209452626546,0.3306343245652281,0.8005539277245858,0.3310712304753198,0.0005209452626545596,0.0005539277245857344,-0.029365675434771754,-0.028928769524680098,3.298246193117471e-05,0.00043690591009165614,2.6535038445139376,2.622547308339451,0.0
gaussian,64,14,0,0.7931643870799953,0.3908249035320217,0.792971276549986,0.39125309413026366,-0.0068356129200047855,-0.0070287234500140405,0.03082490353202183,0.03125309413026378,-0.00019311053000925504,0.00042819059824195094,nan,nan,nan
mixture,64,14,8,0.8001992299435724,0.34201841652449244,0.8002062859007977,0.3424586423613497,0.00019922994357235435,0.00020628590079763143,-0.017981583475507434,-0.017541357638650168,7.055957225277076e-06,0.00044022583685726646,6.642646741137453,7.095243378010858,0.0
gaussian,64,15,0,0.7937780426838942,0.37172166557586733,0.7935702762484291,0.37214677734049717,-0.006221957316105864,-0.006429723751570915,0.011721665575867457,0.012146777340497295,-0.00020776643546505102,0.00042511176462983746,nan,nan,nan
mixture,64,15,8,0.7954121270806166,0.39597708442291796,0.7938024167288481,0.39642688065409,-0.004587872919383451,-0.006197583271151941,0.03597708442291808,0.03642688065409011,-0.0016097103517684896,0.00044979623117202827,2.707191216008673,2.7323788808437888,0.0
gaussian,128,0,0,0.7968635664221713,0.3646169437395154,0.7966507357855693,0.3650497070937124,-0.003136433577828779,-0.003349264214430714,0.004616943739515544,0.005049707093712497,-0.00021283063660193502,0.0004327633541969522,nan,nan,nan
mixture,128,0,8,0.8028900322629218,0.34950381664820973,0.802366752233663,0.34994463191474673,0.0028900322629217268,0.0023667522336630054,-0.010496183351790145,-0.010055368085253147,-0.0005232800292587214,0.000440815266536998,2.8624165016920378,2.9059995085673505,0.0
gaussian,128,1,0,0.8054337029981051,0.3616288099490829,0.8052243040848542,0.3620723256761756,0.005433702998105083,0.005224304084854192,0.0016288099490830432,0.0020723256761757125,-0.0002093989132508911,0.0004435157270926693,nan,nan,nan
mixture,128,1,8,0.8070015225333308,0.3627867599234985,0.8076732696228176,0.3632325278447585,0.007001522533330751,0.007673269622817558,0.0027867599234986384,0.003232527844758637,0.0006717470894868072,0.00044576792125999853,2.8964391601660973,2.9112699190775393,0.0
gaussian,128,2,0,0.7825189384604131,0.3555323326826548,0.7822887273177462,0.3559646113859733,-0.01748106153958695,-0.01771127268225381,-0.004467667317345103,-0.0040353886140265804,-0.0002302111426668585,0.0004322787033185227,nan,nan,nan
mixture,128,2,8,0.7989157048256502,0.3801303178528054,0.7986165240524075,0.3805635193338854,-0.0010842951743498253,-0.0013834759475925829,0.0201303178528055,0.020563519333885505,-0.0002991807732427576,0.00043320148108000334,2.3603659317550436,2.3732148088421727,0.0
gaussian,128,3,0,0.8000737811400406,0.3641226729075169,0.7998658129270649,0.36455980533131405,7.378114004052971e-05,-0.00013418707293511023,0.004122672907517,0.004559805331314171,-0.00020796821297563994,0.00043713242379717077,nan,nan,nan
mixture,128,3,8,0.7918062171113134,0.3734882264922421,0.7920363664509338,0.3739236907600798,-0.008193782888686663,-0.007963633549066262,0.013488226492242239,0.013923690760079932,0.00023014933962040018,0.000435464267837693,2.5715882334792735,2.570135782286136,0.0
gaussian,128,4,0,0.8017450235659243,0.3618691398383451,0.8015295130450308,0.3623055530496064,0.0017450235659242086,0.0015295130450307948,0.0018691398383452462,0.0023055530496065013,-0.00021551052089341383,0.0004364132112612551,nan,nan,nan
mixture,128,4,8,0.8017055375936822,0.3387301832173622,0.801485500283164,0.3391667001890371,0.0017055375936821937,0.0014855002831639652,-0.021269816782637674,-0.02083329981096277,-0.0002200373105182285,0.0004365169716749051,2.1865848591883914,2.190657245099996,0.0
gaussian,128,5,0,0.8012582104883651,0.36481843947755865,0.8010521483762116,0.3652518751751243,0.0012582104883650524,0.0010521483762115924,0.004818439477558778,0.005251875175124432,-0.00020606211215346004,0.0004334356975656539,nan,nan,nan
mixture,128,5,8,0.8028322007240255,0.37672489412077764,0.8011838312789207,0.3771355591752298,0.0028322007240254576,0.0011838312789206329,0.016724894120777767,0.01713555917522991,-0.0016483694451048247,0.00041066505445214174,2.8790142106582133,2.9000562738374738,0.0
gaussian,128,6,0,0.8024240268267394,0.37322545902379006,0.8022232179090751,0.3736598117356066,0.002424026826739367,0.0022232179090750925,0.013225459023790187,0.013659811735606708,-0.00020080891766427467,0.00043435271181652135,nan,nan,nan
mixture,128,6,8,0.7882368286457879,0.3662437932228405,0.7873305419240427,0.3666803929545344,-0.01176317135421212,-0.012669458075957318,0.006243793222840632,0.006680392954534542,-0.0009062867217451975,0.00043659973169390964,2.7303896589636842,2.929328852719146,0.0
gaussian,128,7,0,0.8090956834821289,0.3535063967617567,0.8088853500981308,0.35394626399272383,0.009095683482128858,0.00888535009813074,-0.006493603238243162,-0.006053736007276045,-0.00021033338399811807,0.000439867230967117,nan,nan,nan
mixture,128,7,8,0.7945313759004962,0.3814333595192948,0.7943834724533712,0.3818690083285587,-0.005468624099503883,-0.005616527546628891,0.021433359519294926,0.021869008328558814,-0.00014790344712500847,0.0004356488092638888,2.9112789440475852,2.9253734685518333,0.0
gaussian,128,8,0,0.7772859905286746,0.36345731948542537,0.7770595001182182,0.36388738355285827,-0.022714009471325403,-0.022940499881781817,0.003457319485425492,0.003887383552858392,-0.00022649041045641471,0.0004300640674329004,nan,nan,nan
mixture,128,8,8,0.8037805845566772,0.3954476255542427,0.8038906281143169,0.3958855264853046,0.00378058455667718,0.003890628114316841,0.0354476255542428,0.03588552648530474,0.00011004355763966078,0.00043790093106194083,2.800781657189164,3.3112024792191175,0.0
gaussian,128,9,0,0.8084001397837767,0.3705154635123866,0.8081953928163941,0.370959428213418,0.008400139783776628,0.008195392816394031,0.010515463512386747,0.01095942821341811,-0.00020474696738259635,0.000443964701031363,nan,nan,nan
mixture,128,9,8,0.7932500323536527,0.3638797110153699,0.7929962371435875,0.3643086351772178,-0.006749967646347388,-0.0070037628564125765,0.0038797110153700465,0.004308635177217912,-0.00025379521006518857,0.00042892416184786564,3.224681195871348,3.3233365945351085,0.0
gaussian,128,10,0,0.8021032541056219,0.3526616704184823,0.8018866143890642,0.3530969285766119,0.0021032541056218435,0.001886614389064123,-0.007338329581517589,-0.006903071423387974,-0.00021663971655772052,0.00043525815812961444,nan,nan,nan
mixture,128,10,8,0.7989167888214735,0.3507132673582463,0.7983344650350007,0.35115799554294325,-0.0010832111785264997,-0.0016655349649993267,-0.009286732641753559,-0.00884200445705663,-0.000582323786472827,0.00044472818469692976,2.603462687204286,2.561096450098109,0.0
gaussian,128,11,0,0.7955945249025302,0.3540004565074036,0.7953734575548236,0.35443669130895267,-0.004405475097469802,-0.0046265424451764625,-0.005999543492596293,-0.0055633086910472085,-0.00022106734770666048,0.00043623480154908467,nan,nan,nan
mixture,128,11,8,0.8049867638216901,0.37995349921776866,0.8047795175477256,0.38039125025183484,0.0049867638216900545,0.0047795175477255425,0.01995349921776879,0.02039125025183497,-0.000207246273964512,0.00043775103406618054,3.411574084681506,3.3981081289366983,0.0
gaussian,128,12,0,0.7936895781595378,0.3601846012642949,0.7934737619041239,0.36061826379565864,-0.006310421840462266,-0.006526238095876158,0.00018460126429503676,0.0006182637956587689,-0.00021581625541389204,0.0004336625313637321,nan,nan,nan
mixture,128,12,8,0.8008132289913761,0.35900108203190867,0.7989708836848144,0.3593938278853711,0.000813228991376036,-0.001029116315185652,-0.0009989179680912064,-0.0006061721146287669,-0.001842345306561688,0.0003927458534624395,3.3439449872896985,3.3601352389480708,0.0
gaussian,128,13,0,0.795423741526309,0.368504551931403,0.7952142091339645,0.36893640109404763,-0.0045762584736910306,-0.0047857908660355886,0.008504551931403148,0.008936401094047752,-0.000209532392344558,0.00043184916264460416,nan,nan,nan
mixture,128,13,8,0.7954130369888102,0.3528806329835667,0.7954921474852954,0.3533161975406698,-0.004586963011189882,-0.004507852514704647,-0.007119367016433176,-0.00668380245933009,7.911049648523516e-05,0.0004355645571030853,2.3555749276638887,2.389857430241883,0.0
gaussian,128,14,0,0.7815224145251088,0.3744451165125823,0.7813006756901534,0.3748752399522614,-0.0184775854748912,-0.018699324309846665,0.014445116512582401,0.014875239952261532,-0.00022173883495546498,0.0004301234396791309,nan,nan,nan
mixture,128,14,8,0.7974764524354109,0.3552468506961728,0.7977509642607202,0.35568588754060726,-0.002523547564589168,-0.0022490357392798144,-0.004753149303827087,-0.004314112459392616,0.0002745118253093537,0.00043903684443447055,2.94842499943364,3.5130194702047834,0.0
gaussian,128,15,0,0.8105766482713797,0.3556270478329434,0.8103631386864211,0.3560694391758497,0.010576648271379607,0.010363138686421025,-0.004372952167056465,-0.003930560824150164,-0.0002135095849585822,0.0004423913429063009,nan,nan,nan
mixture,128,15,8,0.7954576250733598,0.3374953259933687,0.7974253841904495,0.3379408846697485,-0.004542374926640225,-0.00257461580955054,-0.022504674006631198,-0.0220591153302514,0.0019677591170896847,0.00044555867637979807,2.466714819393874,2.5735634304479404,0.0
gaussian,256,0,0,0.8082481510186416,0.3588589224186007,0.8080360265470099,0.35930067255734005,0.008248151018641514,0.008036026547009856,-0.001141077581399197,-0.000699327442659825,-0.00021212447163165837,0.00044175013873937186,nan,nan,nan
mixture,256,0,8,0.8009735486916465,0.3610689700116272,0.8005767268117473,0.361504506978915,0.0009735486916464531,0.0005767268117472524,0.0010689700116273126,0.0015045069789151322,-0.0003968218798992007,0.00043553696728781954,2.7631649182311184,2.83661460258225,0.0
gaussian,256,1,0,0.7871535960013583,0.35355949713113116,0.7869296411018162,0.3539911386471102,-0.012846403998641787,-0.013070358898183865,-0.006440502868868714,-0.006008861352889694,-0.00022395489954207815,0.0004316415159790199,nan,nan,nan
mixture,256,1,8,0.8002420659018885,0.37634874260404505,0.8008561297292166,0.37679235427179025,0.00024206590188846633,0.0008561297292165593,0.016348742604045174,0.016792354271790377,0.000614063827328093,0.0004436116677452029,2.8003762819758125,2.847223273024026,0.0
gaussian,256,2,0,0.7997627716813065,0.35131025023274254,0.7995450743294098,0.3517495097120963,-0.00023722831869354977,-0.0004549256705902449,-0.008689749767257338,-0.008250490287903589,-0.00021769735189669515,0.00043925947935374854,nan,nan,nan
mixture,256,2,8,0.8071932899549652,0.3610204075174509,0.8071664827928212,0.3614610883324503,0.007193289954965154,0.007166482792821172,0.0010204075174510274,0.0014610883324503998,-2.6807162143982488e-05,0.0004406808149993724,2.939440959236662,3.0939249811831413,0.0
gaussian,256,3,0,0.7996768782023969,0.3656017769742327,0.7994635453498723,0.3660435994325523,-0.0003231217976031875,-0.000536454650127749,0.005601776974232808,0.006043599432552449,-0.00021333285252456147,0.0004418224583196406,nan,nan,nan
mixture,256,3,8,0.8043696913768983,0.3681789247823406,0.8040265139191244,0.3686211626954192,0.004369691376898244,0.0040265139191243415,0.008178924782340724,0.008621162695419349,-0.0003431774577739022,0.0004422379130786247,3.196127597206501,3.460069027748122,0.0
gaussian,256,4,0,0.7966897575860825,0.3541223718842724,0.7964741479464066,0.35455804238187033,-0.00331024241391753,-0.003525852053593459,-0.005877628115727451,-0.005441957618129545,-0.00021560963967592883,0.00043567049759790644,nan,nan,nan
mixture,256,4,8,0.8006448984270625,0.36171128215782034,0.8019639309933165,0.36215328562019256,0.0006448984270625013,0.0019639309933164872,0.0017112821578204596,0.0021532856201926798,0.001319032566253986,0.0004420034623722202,2.5960732658386387,2.6081761190942725,0.0
gaussian,256,5,0,0.7964986332686171,0.35985180834051345,0.7962847542948236,0.3602906693134516,-0.0035013667313829044,-0.003715245705176451,-0.00014819165948642965,0.0002906693134517302,-0.00021387897379354648,0.00043886097293815984,nan,nan,nan
mixture,256,5,8,0.7987035756836419,0.3593048409683806,0.799114372800419,0.35974403272741495,-0.0012964243163581246,-0.0008856271995810738,-0.0006951590316192635,-0.0002559672725849227,0.0004107971167770508,0.0004391917590343408,2.495618867953252,2.5160052737023415,0.0
gaussian,256,6,0,0.8086747388632167,0.3635035041401577,0.8084702110350133,0.3639415683235127,0.00867473886321668,0.00847021103501322,0.0035035041401578204,0.003941568323512834,-0.00020452782820346016,0.0004380641833550136,nan,nan,nan
mixture,256,6,8,0.8055702476232798,0.3967213058229379,0.805218755767203,0.397154794913829,0.005570247623279734,0.005218755767202987,0.03672130582293803,0.037154794913829114,-0.0003514918560767466,0.00043348909089108156,3.6781153030870515,3.7298037314614696,0.0
gaussian,256,7,0,0.7870828705285985,0.35641434373482983,0.7868573971682388,0.35684781817255207,-0.012917129471401556,-0.013142602831761274,-0.003585656265170045,-0.0031521818274478086,-0.0002254733603597181,0.0004334744377222366,nan,nan,nan
mixture,256,7,8,0.8058706290339386,0.37378653648131765,0.8079173932973115,0.37425469775468234,0.005870629033938535,0.007917393297311448,0.01378653648131778,0.014254697754682466,0.0020467642633729133,0.0004681612733646867,3.266107519423917,3.5246433989960355,0.0
gaussian,256,8,0,0.8078268491887938,0.3671559194735087,0.8076214350243408,0.3675974575937017,0.007826849188793727,0.007621435024340761,0.007155919473508798,0.00759745759370184,-0.00020541416445296612,0.0004415381201930413,nan,nan,nan
mixture,256,8,8,0.8035600102519808,0.35359842395172303,0.8031343900295318,0.3540403981400062,0.0035600102519807164,0.003134390029531753,-0.006401576048276847,-0.005959601859993668,-0.0004256202224489636,0.00044197418828317847,3.175501515846592,3.5828637344056506,0.0
gaussian,256,9,0,0.800711335036078,0.3712616325884979,0.800500124780153,0.3717039595741194,0.0007113350360780091,0.0005001247801529329,0.01126163258849805,0.011703959574119516,-0.00021121025592507614,0.0004423269856214662,nan,nan,nan
mixture,256,9,8,0.8062001507496662,0.36209151632545694,0.8049995871746546,0.3625085375444197,0.006200150749666178,0.004999587174654541,0.0020915163254570657,0.00250853754441982,-0.0012005635750116372,0.00041702121896275424,3.1010142281031063,3.1657893591776025,0.0
gaussian,256,10,0,0.7910905289887128,0.3660402183264506,0.7908797432844218,0.3664670316533351,-0.008909471011287251,-0.009120256715578257,0.006040218326450741,0.006467031653335231,-0.00021078570429100552,0.0004268133268844898,nan,nan,nan
mixture,256,10,8,0.7958004699981625,0.35366287581972844,0.795534882859725,0.3541009074538636,-0.0041995300018375925,-0.004465117140275088,-0.006337124180271436,-0.0058990925461362975,-0.00026558713843749526,0.0004380316341351387,3.0405143117943405,3.1114294771908746,0.0
gaussian,256,11,0,0.7994462892950084,0.3587181085680444,0.7992312581735261,0.35915815282501096,-0.0005537107049916612,-0.0007687418264739065,-0.0012818914319554509,-0.0008418471749889189,-0.00021503112148224535,0.00044004425696653193,nan,nan,nan
mixture,256,11,8,0.8055045079891466,0.35564596118846287,0.8077209859650252,0.3560907639796116,0.00550450798914659,0.007720985965025129,-0.004354038811537009,-0.003909236020388285,0.002216477975878539,0.000444802791148724,2.442987556639843,2.660916186319554,0.0
gaussian,256,12,0,0.7908232106115075,0.3599766162163554,0.7906006231580084,0.36041071359155963,-0.009176789388492534,-0.009399376841991658,-2.338378364447058e-05,0.0004107135915597526,-0.00022258745349912346,0.0004340973752042232,nan,nan,nan
mixture,256,12,8,0.8030782247096273,0.35957352893626016,0.8021728087529971,0.36001814867356313,0.003078224709627264,0.0021728087529970797,-0.00042647106373971955,1.8148673563256335e-05,-0.0009054159566301845,0.0004446197373029759,2.9370277924370027,3.099538462296387,0.0
gaussian,256,13,0,0.8017155713326142,0.36087445779951605,0.801503682859485,0.3613131375286719,0.0017155713326141298,0.0015036828594849894,0.0008744577995161706,0.0013131375286720148,-0.0002118884731291404,0.0004386797291558442,nan,nan,nan
mixture,256,13,8,0.7918843584852289,0.3738854086351909,0.7908703321488944,0.3743203286638087,-0.008115641514771177,-0.009129667851105694,0.013885408635190999,0.014320328663808835,-0.001014026336334517,0.00043492002861783563,2.6158545288493675,2.7554484449253094,0.0
gaussian,256,14,0,0.7884549666007687,0.35227727346809395,0.7882295274134025,0.35270840768518014,-0.011545033399231297,-0.01177047258659758,-0.007722726531905921,-0.007291592314819739,-0.0002254391873662831,0.00043113421708618205,nan,nan,nan
mixture,256,14,8,0.7957721216804436,0.3510413018993342,0.7964462863774572,0.35147527370785503,-0.0042278783195564,-0.0035537136225428645,-0.008958698100665685,-0.008524726292144846,0.0006741646970135351,0.00043397180852083883,2.700772711263186,2.814370523457267,0.0
gaussian,256,15,0,0.8087829920299805,0.3549451439690364,0.8085747782575514,0.35538773778342897,0.008782992029980452,0.008574778257551374,-0.0050548560309634505,-0.004612262216570906,-0.0002082137724290778,0.0004425938143925445,nan,nan,nan
mixture,256,15,8,0.7999096488314327,0.36242836460421957,0.7989267694026325,0.362872588887341,-9.03511685673708e-05,-0.001073230597367525,0.0024283646042196905,0.0028725888873410987,-0.0009828794288001541,0.00044422428312140827,2.592361147824138,2.657736732580661,0.0
gaussian,512,0,0,0.7936894252863405,0.3548622361838873,0.7934704588014986,0.35529480060273866,-0.006310574713659589,-0.006529541198501465,-0.005137763816112584,-0.004705199397261217,-0.00021896648484187597,0.00043256441885136665,nan,nan,nan
mixture,512,0,8,0.796659174395089,0.36558488774451914,0.7964731360024714,0.36601972619263423,-0.003340825604911002,-0.003526863997528662,0.005584887744519262,0.006019726192634356,-0.0001860383926176601,0.00043483844811509353,3.1386154679538096,3.199586866573757,0.0
gaussian,512,1,0,0.8030755118112248,0.36405557857409954,0.8028679265031502,0.36449290339924784,0.003075511811224785,0.0028679265031501533,0.004055578574099661,0.0044929033992479606,-0.0002075853080746315,0.00043732482514829973,nan,nan,nan
mixture,512,1,8,0.7963335810703974,0.3577673763001965,0.7960080508730557,0.3582020255918598,-0.0036664189296026217,-0.0039919491269443386,-0.002232623699803371,-0.0017979744081400573,-0.00032553019734171684,0.0004346492916633138,3.0489658783951556,3.173440769988864,0.0
gaussian,512,2,0,0.7977941135220958,0.3640389521276389,0.7975829491579365,0.36447482976846296,-0.0022058864779042064,-0.0024170508420635617,0.0040389521276390505,0.0044748297684630844,-0.00021116436415935524,0.0004358776408240339,nan,nan,nan
mixture,512,2,8,0.8026597023161913,0.35761899775285816,0.8024323982329482,0.3580585066833968,0.0026597023161912814,0.002432398232948163,-0.002381002247141717,-0.0019414933166030934,-0.00022730408324311835,0.0004395089305386235,2.852645064874717,2.997547856920068,0.0
gaussian,512,3,0,0.8002172051769246,0.3621940133707562,0.8000058204057895,0.36263203175803105,0.0002172051769245842,5.820405789447314e-06,0.002194013370756309,0.0026320317580311725,-0.00021138477113513687,0.0004380183872748633,nan,nan,nan
mixture,512,3,8,0.8001340340928296,0.36254971190025986,0.8000508133364118,0.3629893162233828,0.00013403409282952694,5.0813336411770216e-05,0.0025497119002599877,0.002989316223382943,-8.322075641775672e-05,0.00043960432312295517,2.5993034478079293,2.7069705125283035,0.0
gaussian,512,4,0,0.798376164889015,0.35599506861582425,0.798160775582056,0.356432066059718,-0.0016238351109850724,-0.001839224417944041,-0.004004931384175625,-0.0035679339402818755,-0.00021538930695896852,0.0004369974438937496,nan,nan,nan
mixture,512,4,8,0.7936559509411191,0.3550628282240371,0.7943208129458715,0.35549342457330424,-0.006344049058880974,-0.0056791870541285094,-0.0049371717759627565,-0.004506575426695636,0.0006648620047524645,0.00043059634926712054,2.6592885165687674,2.7613042952382534,0.0
gaussian,512,5,0,0.7984205352773353,0.3533407680752039,0.7981997447866662,0.3537782934447511,-0.0015794647226647918,-0.0018002552133338234,-0.00665923192479595,-0.006221706555248785,-0.00022079049066903167,0.0004375253695471648,nan,nan,nan
mixture,512,5,8,0.7969697044717554,0.3579766174211489,0.7964928854152779,0.3584109462717029,-0.003030295528244631,-0.003507114584722193,-0.002023382578850985,-0.0015890537282969852,-0.00047681905647756206,0.00043432885055399995,2.7083366121744348,2.8674970518271454,0.0
gaussian,512,6,0,0.8015292552603194,0.359612466873694,0.8013132598693621,0.3600510483043252,0.0015292552603193288,0.0013132598693620379,-0.00038753312630585013,5.104830432534069e-05,-0.00021599539095729092,0.0004385814306311908,nan,nan,nan
mixture,512,6,8,0.800489650257585,0.37505174337752684,0.8001477489280301,0.3754852497043745,0.0004896502575849615,0.0001477489280300448,0.01505174337752696,0.015485249704374648,-0.0003419013295549167,0.00043350632684768797,2.799439289276881,2.939665918425084,0.0
gaussian,512,7,0,0.8016596461610708,0.36254256075685004,0.8014479040597152,0.36298266818262015,0.001659646161070727,0.001447904059715177,0.002542560756850165,0.002982668182620274,-0.00021174210135554983,0.00044010742577010875,nan,nan,nan
mixture,512,7,8,0.8008596571944517,0.3563179846847981,0.800187391667486,0.3567591791987977,0.0008596571944516906,0.0001873916674859366,-0.003682015315201792,-0.0032408208012021933,-0.000672265526965754,0.00044119451399959875,2.877679781407058,2.905464084139415,0.0
gaussian,512,8,0,0.7967245797366724,0.361458262724229,0.7965099725132556,0.36189232625867196,-0.003275420263327611,-0.003490027486744429,0.001458262724229109,0.0018923262586720835,-0.00021460722341681837,0.0004340635344429744,nan,nan,nan
mixture,512,8,8,0.7958734565233879,0.36057727235293685,0.7955034716003072,0.36101405275598314,-0.004126543476612121,-0.004496528399692834,0.000577272352936975,0.0010140527559832635,-0.00036998492308071285,0.0004367804030462885,2.8047490818050163,2.94141362023528,0.0
gaussian,512,9,0,0.8013162790083478,0.36369625264348565,0.8011077352505684,0.3641329834764538,0.0013162790083477427,0.001107735250568398,0.0036962526434857756,0.004132983476453911,-0.00020854375777934475,0.0004367308329681352,nan,nan,nan
mixture,512,9,8,0.7972388425540542,0.36673841837339927,0.7968005692031707,0.3671770341819346,-0.00276115744594585,-0.0031994307968293834,0.006738418373399391,0.007177034181934716,-0.0004382733508835335,0.00043861580853532534,3.2675682968778776,3.3903566931784557,0.0
gaussian,512,10,0,0.7954105922863551,0.35276757755308547,0.795190117593752,0.3532001341700841,-0.004589407713644911,-0.004809882406248023,-0.0072324224469144105,-0.006799865829915763,-0.00022047469260311203,0.0004325566169986472,nan,nan,nan
mixture,512,10,8,0.7990416265146014,0.36207491534603997,0.7985507735716559,0.3625171987437107,-0.0009583734853986225,-0.001449226428344108,0.002074915346040096,0.0025171987437108134,-0.0004908529429454855,0.00044228339767071745,2.8598679467929013,3.034196636212381,0.0
gaussian,512,11,0,0.8007681959284454,0.35978010821505924,0.8005515525080766,0.36021953504204335,0.0007681959284453477,0.0005515525080765915,-0.0002198917849406401,0.00021953504204347274,-0.00021664342036875617,0.00043942682698411284,nan,nan,nan
mixture,512,11,8,0.799969270617245,0.3519992141779378,0.7990186593902983,0.3524352567354706,-3.072938275505699e-05,-0.0009813406097017863,-0.008000785822062095,-0.007564743264529272,-0.0009506112269467293,0.00043604255753282306,2.8922807464801323,2.9577058368523863,0.0
gaussian,512,12,0,0.7995738926183357,0.36228579838398123,0.7993636987226037,0.3627203913161203,-0.00042610738166437567,-0.0006363012773963339,0.0022857983839813523,0.002720391316120452,-0.00021019389573195824,0.00043459293213909955,nan,nan,nan
mixture,512,12,8,0.799466383803857,0.3670219801461732,0.7989190761608461,0.3674564816904461,-0.0005336161961430053,-0.0010809238391539244,0.0070219801461733344,0.007456481690446215,-0.0005473076430109192,0.00043450154427288057,3.1029833187513507,3.1794056317203454,0.0
gaussian,512,13,0,0.7963454522940868,0.3603383092767349,0.7961326409769197,0.36077247955404695,-0.0036545477059132248,-0.00386735902308033,0.0003383092767350049,0.0007724795540470786,-0.00021281131716710533,0.0004341702773120737,nan,nan,nan
mixture,512,13,8,0.8016267461324064,0.361368471166989,0.8018053430493371,0.36180683328225194,0.0016267461324063204,0.0018053430493371048,0.001368471166989127,0.0018068332822520627,0.0001785969169307844,0.0004383621152629358,2.7492529203751674,2.9513823505261794,0.0
gaussian,512,14,0,0.7939113130703958,0.35064302207399156,0.793687975099449,0.35107886585952075,-0.006088686929604292,-0.00631202490055105,-0.009356977926008314,-0.008921134140479126,-0.00022333797094675756,0.00043584378552918857,nan,nan,nan
mixture,512,14,8,0.7997077860192459,0.36843944230358133,0.7992843457135338,0.3688809302820699,-0.0002922139807541857,-0.0007156542864662496,0.008439442303581457,0.008880930282070043,-0.0004234403057120639,0.0004414879784885861,3.224197744753261,3.2797724073269636,0.0
gaussian,512,15,0,0.7958796139966224,0.3607013897587836,0.7956636246641421,0.36113563632641277,-0.004120386003377607,-0.004336375335857956,0.0007013897587836992,0.0011356363264128921,-0.00021598933248034857,0.0004342465676291929,nan,nan,nan
mixture,512,15,8,0.799030569093322,0.3553695820594595,0.7988316851566465,0.35580598616215936,-0.0009694309066780038,-0.0011683148433535573,-0.004630417940540366,-0.004194013837840516,-0.00019888393667555349,0.00043640410269984997,2.700321703452124,2.767626561204633,0.0
gaussian,1024,0,0,0.8007090490320423,0.36639415216691,0.8005017292661532,0.3668314743854236,0.0007090490320422749,0.0005017292661531059,0.006394152166910139,0.006831474385423697,-0.000207319765889169,0.00043732221851355835,nan,nan,nan
mixture,1024,0,8,0.8044482007300074,0.36338718035665313,0.8043937466048539,0.3638264807068674,0.004448200730007401,0.00439374660485381,0.003387180356653252,0.00382648070686753,-5.445412515359127e-05,0.0004393003502142778,2.8677315784228696,3.016659728109156,0.0
gaussian,1024,1,0,0.8008723645433271,0.3586211868727878,0.8006597279672992,0.3590578117607554,0.0008723645433270644,0.000659727967299184,-0.001378813127212053,-0.000942188239244468,-0.00021263657602788033,0.0004366248879675849,nan,nan,nan
mixture,1024,1,8,0.7987339133040443,0.35566953272535884,0.798653786558776,0.35610673598633735,-0.001266086695955737,-0.0013462134412240978,-0.004330467274641037,-0.003893264013662523,-8.012674526836072e-05,0.0004372032609785137,2.5820202823165452,2.7620778334792577,0.0
gaussian,1024,2,0,0.7965673124870102,0.3588087077710998,0.7963508471068523,0.3592457629819797,-0.0034326875129898626,-0.0036491528931477113,-0.001191292228900076,-0.0007542370180201874,-0.00021646538015784866,0.00043705521087988863,nan,nan,nan
mixture,1024,2,8,0.7953491178871803,0.3636088575719353,0.7949315245956686,0.3640459127767065,-0.004650882112819721,-0.005068475404331418,0.003608857571935409,0.004045912776706628,-0.00041759329151169755,0.0004370552047712195,2.828079890097624,2.9437466574616833,0.0
gaussian,1024,3,0,0.7983286210302738,0.35824189748444263,0.798114989250046,0.3586770880374538,-0.0016713789697262449,-0.0018850107499540636,-0.0017581025155572472,-0.0013229119625460806,-0.0002136317802278187,0.0004351905530111666,nan,nan,nan
mixture,1024,3,8,0.8018713783819263,0.35529128545732275,0.8015568905111963,0.35573231625927726,0.001871378381926303,0.0015568905111962295,-0.004708714542677128,-0.0042676837407226165,-0.00031448787073007356,0.0004410308019545117,2.8690039484595298,3.0604768042864423,0.0
gaussian,1024,4,0,0.7996752034167597,0.3589874294434556,0.7994598996163194,0.35942399721574536,-0.000324796583240361,-0.0005401003836806861,-0.001012570556544301,-0.0005760027842545146,-0.00021530380044032515,0.0004365677722897865,nan,nan,nan
mixture,1024,4,8,0.8020311808460142,0.36580897023860176,0.8021566306903904,0.36624707276612506,0.002031180846014169,0.0021566306903904042,0.005808970238601885,0.0062470727661251835,0.0001254498443762353,0.0004381025275232986,2.9668940347498207,3.1391629331471407,0.0
gaussian,1024,5,0,0.8035995674465917,0.36055705452214637,0.8033880057402627,0.36099483435957314,0.0035995674465916228,0.0033880057402626562,0.000557054522146494,0.00099483435957326,-0.00021156170632896654,0.00043777983742676607,nan,nan,nan
mixture,1024,5,8,0.8000843094315055,0.36327828905513687,0.7999288202976406,0.36371715650022907,8.430943150550263e-05,-7.117970235948068e-05,0.003278289055136996,0.0037171565002291906,-0.0001554891338649833,0.0004388674450921948,2.7395394873819434,2.86446423515274,0.0
gaussian,1024,6,0,0.7999656405461758,0.3648005815396339,0.7997561028797526,0.3652368854239238,-3.435945382423977e-05,-0.00024389712024741605,0.00480058153963403,0.00523688542392392,-0.00020953766642317628,0.0004363038842898903,nan,nan,nan
mixture,1024,6,8,0.8009592591433643,0.3639649242302312,0.800908902887863,0.3644028219829515,0.000959259143364255,0.000908902887862939,0.003964924230231315,0.00440282198295161,-5.035625550131595e-05,0.0004378977527202954,2.949430211749844,3.026150461828138,0.0
gaussian,1024,7,0,0.8005987209740062,0.35935367938411034,0.8003860750427442,0.3597902658048997,0.0005987209740061505,0.0003860750427441273,-0.0006463206158895396,-0.00020973419510017521,-0.00021264593126202325,0.0004365864207893644,nan,nan,nan
mixture,1024,7,8,0.7985255409870543,0.3618226134910197,0.7986790707690816,0.36225785276210265,-0.0014744590129457391,-0.0013209292309184217,0.0018226134910198089,0.0022578527621027744,0.00015352978202731737,0.00043523927108296556,2.7551458086800515,2.7998656042830117,0.0
gaussian,1024,8,0,0.7993650758637878,0.3597489805482008,0.7991529445198109,0.36018467989887665,-0.0006349241362122449,-0.0008470554801891517,-0.0002510194517990616,0.00018467989887677172,-0.0002121313439769068,0.0004356993506758333,nan,nan,nan
mixture,1024,8,8,0.799109190365937,0.363800288289913,0.7990950267907999,0.36423769383846794,-0.0008908096340630722,-0.0009049732092001328,0.003800288289913134,0.00423769383846806,-1.4163575137060569e-05,0.00043740554855492553,2.736403616521037,2.8485503537283607,0.0
gaussian,1024,9,0,0.7936200041552123,0.36338192729129154,0.7934058282593734,0.3638166244087345,-0.006379995844787767,-0.006594171740626598,0.0033819272912916643,0.003816624408734648,-0.00021417589583883068,0.00043469711744298367,nan,nan,nan
mixture,1024,9,8,0.8075430553468922,0.3647186839663603,0.8073873436051054,0.3651566795574397,0.007543055346892147,0.007387343605105401,0.004718683966360437,0.005156679557439814,-0.00015571174178674596,0.00043799559107937647,2.8294678039635137,2.9206217185748677,0.0
gaussian,1024,10,0,0.7995214759380032,0.3599712621167204,0.7993088339312212,0.36040809319238826,-0.0004785240619968878,-0.0006911660687788368,-2.8737883279450482e-05,0.00040809319238838127,-0.000212642006781949,0.00043683107566783175,nan,nan,nan
mixture,1024,10,8,0.7985964357906907,0.35433521217795855,0.7983606477231547,0.35477439099791985,-0.001403564209309316,-0.0016393522768453073,-0.005664787822041328,-0.005225609002080023,-0.00023578806753599135,0.0004391788199613056,2.8431254810436535,2.9353927393775647,0.0
gaussian,1024,11,0,0.8015029714820382,0.3582228478981533,0.8012887341328506,0.35866218064950145,0.0015029714820381512,0.0012887341328505775,-0.0017771521018465908,-0.001337819350498426,-0.00021423734918757376,0.00043933275134816485,nan,nan,nan
mixture,1024,11,8,0.8031355570531082,0.3532855570369118,0.8021538843243565,0.3537336331438232,0.0031355570531081955,0.002153884324356481,-0.006714442963088096,-0.006266366856176653,-0.0009816727287517146,0.0004480761069114436,2.9596352100694485,3.150101364229985,0.0
gaussian,1024,12,0,0.7955334183511474,0.36114526666671903,0.7953185105569477,0.36158031795792817,-0.004466581648852608,-0.004681489443052356,0.001145266666719158,0.00158031795792829,-0.00021490779419974793,0.000435051291209132,nan,nan,nan
mixture,1024,12,8,0.8009959007442945,0.3628171866893078,0.8006082392858657,0.363252733641252,0.0009959007442944534,0.0006082392858656194,0.0028171866893079156,0.0032527336412521146,-0.00038766145842883404,0.000435546951944199,2.816980869162281,2.866530566462858,0.0
gaussian,1024,13,0,0.8079733241675954,0.3568328549803572,0.8077641958596944,0.3572739044869879,0.00797332416759533,0.007764195859694345,-0.0031671450196426587,-0.00272609551301195,-0.00020912830790098536,0.0004410495066307085,nan,nan,nan
mixture,1024,13,8,0.802447520454815,0.35737551589275385,0.8022633491691246,0.3578162258308576,0.002447520454815,0.0022633491691245178,-0.002624484107246028,-0.002183774169142283,-0.00018417128569048202,0.0004407099381037449,2.8367417174231804,3.0343963581906728,0.0
gaussian,1024,14,0,0.8028488934746928,0.35260446346822516,0.802631831406852,0.3530426287134973,0.0028488934746927486,0.00263183140685197,-0.007395536531774716,-0.006957371286502589,-0.00021706206784077864,0.0004381652452721263,nan,nan,nan
mixture,1024,14,8,0.7999952115267633,0.3588314095826626,0.7994646537608695,0.35926871645995373,-4.788473236705393e-06,-0.0005353462391305408,-0.0011685904173373007,-0.0007312835400461459,-0.0005305577658938354,0.0004373068772911548,2.7521678116231874,2.839737283767249,0.0
gaussian,1024,15,0,0.797544131463879,0.35662194130524616,0.7973309159488797,0.3570565779930332,-0.0024558685361210086,-0.0026690840511203184,-0.003378058694753716,-0.0029434220069666783,-0.0002132155149993098,0.0004346366877870378,nan,nan,nan
mixture,1024,15,8,0.8025623883131237,0.35680796373269247,0.8022709886442092,0.3572447497650164,0.002562388313123609,0.00227098864420916,-0.0031920362673074076,-0.002755250234983464,-0.00029139966891444935,0.00043678603232394364,3.1002778958747133,3.2579094296846574,0.0
